
                -------->  BODY TRANSITIONING TO TURBULENT FLOW  <--------

 0,01   0,00    0,221    0,216   0,102   0,009   0,087  0,007   0,017   0,000   0,000    9836123
 0,01   4,91  781,674
 0,01   0,00    0,000    0,000
 0,01   0,00    0,000  781,674
 0,01   0,00    0,000    0,221   0,000   0,221
 0,01   0,00    0,000    0,216   0,000   0,216

              -------->  FIN SET 1 TRANSITIONING TO TURBULENT FLOW  <--------

              -------->  FIN SET 2 TRANSITIONING TO TURBULENT FLOW  <--------

 0,02   0,00    0,209    0,204   0,094   0,008   0,091  0,005   0,012   0,000   0,000   19672250
 0,02   4,91  781,674
 0,02   0,00    0,000    0,000
 0,02   0,00    0,000  781,674
 0,02   0,00    0,000    0,209   0,000   0,209
 0,02   0,00    0,000    0,204   0,000   0,204

 0,03   0,00    0,213    0,208   0,089   0,008   0,093  0,007   0,016   0,000   0,000   29508370
 0,03   4,91  781,674
 0,03   0,00    0,000    0,000
 0,03   0,00    0,000  781,674
 0,03   0,00    0,000    0,213   0,000   0,213
 0,03   0,00    0,000    0,208   0,000   0,208

 0,04   0,00    0,214    0,209   0,086   0,007   0,095  0,008   0,018   0,000   0,000   39344490
 0,04   4,91  781,674
 0,04   0,00    0,000    0,000
 0,04   0,00    0,000  781,674
 0,04   0,00    0,000    0,214   0,000   0,214
 0,04   0,00    0,000    0,209   0,000   0,209

 0,05   0,00    0,214    0,209   0,083   0,007   0,097  0,008   0,019   0,000   0,000   49180620
 0,05   4,91  781,674
 0,05   0,00    0,000    0,000
 0,05   0,00    0,000  781,674
 0,05   0,00    0,000    0,214   0,000   0,214
 0,05   0,00    0,000    0,209   0,000   0,209

 0,06   0,00    0,213    0,208   0,081   0,007   0,098  0,008   0,019   0,000   0,000   59016740
 0,06   4,91  781,674
 0,06   0,00    0,000    0,000
 0,06   0,00    0,000  781,674
 0,06   0,00    0,000    0,213   0,000   0,213
 0,06   0,00    0,000    0,208   0,000   0,208

 0,07   0,00    0,213    0,208   0,079   0,007   0,099  0,008   0,020   0,000   0,000   68852860
 0,07   4,91  781,674
 0,07   0,00    0,000    0,000
 0,07   0,00    0,000  781,674
 0,07   0,00    0,000    0,213   0,000   0,213
 0,07   0,00    0,000    0,208   0,000   0,208

 0,08   0,00    0,212    0,207   0,078   0,007   0,100  0,008   0,020   0,000   0,000   78688980
 0,08   4,91  781,674
 0,08   0,00    0,000    0,000
 0,08   0,00    0,000  781,674
 0,08   0,00    0,000    0,212   0,000   0,212
 0,08   0,00    0,000    0,207   0,000   0,207

 0,09   0,00    0,212    0,207   0,077   0,007   0,100  0,008   0,020   0,000   0,000   88525110
 0,09   4,91  781,674
 0,09   0,00    0,000    0,000
 0,09   0,00    0,000  781,674
 0,09   0,00    0,000    0,212   0,000   0,212
 0,09   0,00    0,000    0,207   0,000   0,207

 0,10   0,00    0,212    0,207   0,076   0,007   0,101  0,008   0,020   0,000   0,000   98361240
 0,10   4,91  781,674
 0,10   0,00    0,000    0,000
 0,10   0,00    0,000  781,674
 0,10   0,00    0,000    0,212   0,000   0,212
 0,10   0,00    0,000    0,207   0,000   0,207

 0,11   0,00    0,211    0,206   0,075   0,006   0,102  0,008   0,020   0,000   0,000  108197400
 0,11   4,91  781,674
 0,11   0,00    0,000    0,000
 0,11   0,00    0,000  781,674
 0,11   0,00    0,000    0,211   0,000   0,211
 0,11   0,00    0,000    0,206   0,000   0,206

 0,12   0,00    0,211    0,206   0,074   0,006   0,102  0,008   0,020   0,000   0,000  118033500
 0,12   4,91  781,674
 0,12   0,00    0,000    0,000
 0,12   0,00    0,000  781,674
 0,12   0,00    0,000    0,211   0,000   0,211
 0,12   0,00    0,000    0,206   0,000   0,206

 0,13   0,00    0,210    0,205   0,073   0,006   0,103  0,008   0,020   0,000   0,000  127869600
 0,13   4,91  781,674
 0,13   0,00    0,000    0,000
 0,13   0,00    0,000  781,674
 0,13   0,00    0,000    0,210   0,000   0,210
 0,13   0,00    0,000    0,205   0,000   0,205

 0,14   0,00    0,210    0,205   0,072   0,006   0,103  0,008   0,020   0,000   0,000  137705700
 0,14   4,91  781,674
 0,14   0,00    0,000    0,000
 0,14   0,00    0,000  781,674
 0,14   0,00    0,000    0,210   0,000   0,210
 0,14   0,00    0,000    0,205   0,000   0,205

 0,15   0,00    0,210    0,205   0,072   0,006   0,104  0,008   0,020   0,000   0,000  147541900
 0,15   4,91  781,674
 0,15   0,00    0,000    0,000
 0,15   0,00    0,000  781,674
 0,15   0,00    0,000    0,210   0,000   0,210
 0,15   0,00    0,000    0,205   0,000   0,205

 0,16   0,00    0,209    0,204   0,071   0,006   0,104  0,008   0,020   0,000   0,000  157378000
 0,16   4,91  781,674
 0,16   0,00    0,000    0,000
 0,16   0,00    0,000  781,674
 0,16   0,00    0,000    0,209   0,000   0,209
 0,16   0,00    0,000    0,204   0,000   0,204

 0,17   0,00    0,209    0,204   0,071   0,006   0,105  0,008   0,019   0,000   0,000  167214100
 0,17   4,91  781,674
 0,17   0,00    0,000    0,000
 0,17   0,00    0,000  781,674
 0,17   0,00    0,000    0,209   0,000   0,209
 0,17   0,00    0,000    0,204   0,000   0,204

 0,18   0,00    0,209    0,204   0,070   0,006   0,105  0,008   0,019   0,000   0,000  177050200
 0,18   4,91  781,674
 0,18   0,00    0,000    0,000
 0,18   0,00    0,000  781,674
 0,18   0,00    0,000    0,209   0,000   0,209
 0,18   0,00    0,000    0,204   0,000   0,204

 0,19   0,00    0,209    0,203   0,070   0,006   0,105  0,008   0,019   0,000   0,000  186886300
 0,19   4,91  781,674
 0,19   0,00    0,000    0,000
 0,19   0,00    0,000  781,674
 0,19   0,00    0,000    0,209   0,000   0,209
 0,19   0,00    0,000    0,203   0,000   0,203

 0,20   0,00    0,208    0,203   0,069   0,006   0,106  0,008   0,019   0,000   0,000  196722500
 0,20   4,91  781,674
 0,20   0,00    0,000    0,000
 0,20   0,00    0,000  781,674
 0,20   0,00    0,000    0,208   0,000   0,208
 0,20   0,00    0,000    0,203   0,000   0,203

 0,21   0,00    0,208    0,203   0,069   0,006   0,106  0,008   0,019   0,000   0,000  206558600
 0,21   4,91  781,674
 0,21   0,00    0,000    0,000
 0,21   0,00    0,000  781,674
 0,21   0,00    0,000    0,208   0,000   0,208
 0,21   0,00    0,000    0,203   0,000   0,203

 0,22   0,00    0,208    0,203   0,068   0,006   0,107  0,008   0,019   0,000   0,000  216394700
 0,22   4,91  781,674
 0,22   0,00    0,000    0,000
 0,22   0,00    0,000  781,674
 0,22   0,00    0,000    0,208   0,000   0,208
 0,22   0,00    0,000    0,203   0,000   0,203

 0,23   0,00    0,208    0,203   0,068   0,006   0,107  0,008   0,019   0,000   0,000  226230800
 0,23   4,91  781,674
 0,23   0,00    0,000    0,000
 0,23   0,00    0,000  781,674
 0,23   0,00    0,000    0,208   0,000   0,208
 0,23   0,00    0,000    0,203   0,000   0,203

 0,24   0,00    0,207    0,202   0,067   0,006   0,107  0,008   0,019   0,000   0,000  236067000
 0,24   4,91  781,674
 0,24   0,00    0,000    0,000
 0,24   0,00    0,000  781,674
 0,24   0,00    0,000    0,207   0,000   0,207
 0,24   0,00    0,000    0,202   0,000   0,202

 0,25   0,00    0,207    0,202   0,067   0,006   0,107  0,008   0,019   0,000   0,000  245903100
 0,25   4,91  781,674
 0,25   0,00    0,000    0,000
 0,25   0,00    0,000  781,674
 0,25   0,00    0,000    0,207   0,000   0,207
 0,25   0,00    0,000    0,202   0,000   0,202

 0,26   0,00    0,207    0,202   0,067   0,006   0,108  0,008   0,019   0,000   0,000  255739200
 0,26   4,91  781,674
 0,26   0,00    0,000    0,000
 0,26   0,00    0,000  781,674
 0,26   0,00    0,000    0,207   0,000   0,207
 0,26   0,00    0,000    0,202   0,000   0,202

 0,27   0,00    0,207    0,202   0,066   0,006   0,108  0,008   0,019   0,000   0,000  265575300
 0,27   4,91  781,674
 0,27   0,00    0,000    0,000
 0,27   0,00    0,000  781,674
 0,27   0,00    0,000    0,207   0,000   0,207
 0,27   0,00    0,000    0,202   0,000   0,202

 0,28   0,00    0,207    0,202   0,066   0,006   0,108  0,008   0,019   0,000   0,000  275411500
 0,28   4,91  781,674
 0,28   0,00    0,000    0,000
 0,28   0,00    0,000  781,674
 0,28   0,00    0,000    0,207   0,000   0,207
 0,28   0,00    0,000    0,202   0,000   0,202

 0,29   0,00    0,207    0,202   0,066   0,006   0,108  0,008   0,019   0,000   0,000  285247600
 0,29   4,91  781,674
 0,29   0,00    0,000    0,000
 0,29   0,00    0,000  781,674
 0,29   0,00    0,000    0,207   0,000   0,207
 0,29   0,00    0,000    0,202   0,000   0,202

 0,30   0,00    0,207    0,202   0,066   0,006   0,109  0,008   0,019   0,000   0,000  295083700
 0,30   4,91  781,674
 0,30   0,00    0,000    0,000
 0,30   0,00    0,000  781,674
 0,30   0,00    0,000    0,207   0,000   0,207
 0,30   0,00    0,000    0,202   0,000   0,202

 0,31   0,00    0,206    0,201   0,065   0,006   0,109  0,008   0,019   0,000   0,000  304919800
 0,31   4,91  781,674
 0,31   0,00    0,000    0,000
 0,31   0,00    0,000  781,674
 0,31   0,00    0,000    0,206   0,000   0,206
 0,31   0,00    0,000    0,201   0,000   0,201

 0,32   0,00    0,206    0,201   0,065   0,006   0,109  0,008   0,019   0,000   0,000  314755900
 0,32   4,91  781,674
 0,32   0,00    0,000    0,000
 0,32   0,00    0,000  781,674
 0,32   0,00    0,000    0,206   0,000   0,206
 0,32   0,00    0,000    0,201   0,000   0,201

 0,33   0,00    0,206    0,201   0,065   0,006   0,109  0,008   0,019   0,000   0,000  324592100
 0,33   4,91  781,674
 0,33   0,00    0,000    0,000
 0,33   0,00    0,000  781,674
 0,33   0,00    0,000    0,206   0,000   0,206
 0,33   0,00    0,000    0,201   0,000   0,201

 0,34   0,00    0,206    0,201   0,064   0,006   0,110  0,008   0,019   0,000   0,000  334428200
 0,34   4,91  781,674
 0,34   0,00    0,000    0,000
 0,34   0,00    0,000  781,674
 0,34   0,00    0,000    0,206   0,000   0,206
 0,34   0,00    0,000    0,201   0,000   0,201

 0,35   0,00    0,206    0,201   0,064   0,006   0,110  0,008   0,019   0,000   0,000  344264300
 0,35   4,91  781,674
 0,35   0,00    0,000    0,000
 0,35   0,00    0,000  781,674
 0,35   0,00    0,000    0,206   0,000   0,206
 0,35   0,00    0,000    0,201   0,000   0,201

 0,36   0,00    0,206    0,201   0,064   0,006   0,110  0,008   0,019   0,000   0,000  354100400
 0,36   4,91  781,674
 0,36   0,00    0,000    0,000
 0,36   0,00    0,000  781,674
 0,36   0,00    0,000    0,206   0,000   0,206
 0,36   0,00    0,000    0,201   0,000   0,201

 0,37   0,00    0,206    0,201   0,064   0,006   0,110  0,008   0,019   0,000   0,000  363936600
 0,37   4,91  781,674
 0,37   0,00    0,000    0,000
 0,37   0,00    0,000  781,674
 0,37   0,00    0,000    0,206   0,000   0,206
 0,37   0,00    0,000    0,201   0,000   0,201

 0,38   0,00    0,206    0,201   0,064   0,006   0,110  0,008   0,019   0,000   0,000  373772700
 0,38   4,91  781,674
 0,38   0,00    0,000    0,000
 0,38   0,00    0,000  781,674
 0,38   0,00    0,000    0,206   0,000   0,206
 0,38   0,00    0,000    0,201   0,000   0,201

 0,39   0,00    0,206    0,201   0,063   0,005   0,111  0,008   0,019   0,000   0,000  383608800
 0,39   4,91  781,674
 0,39   0,00    0,000    0,000
 0,39   0,00    0,000  781,674
 0,39   0,00    0,000    0,206   0,000   0,206
 0,39   0,00    0,000    0,201   0,000   0,201

 0,40   0,00    0,206    0,201   0,063   0,005   0,111  0,008   0,019   0,000   0,000  393445000
 0,40   4,91  781,674
 0,40   0,00    0,000    0,000
 0,40   0,00    0,000  781,674
 0,40   0,00    0,000    0,206   0,000   0,206
 0,40   0,00    0,000    0,201   0,000   0,201

 0,41   0,00    0,206    0,201   0,063   0,005   0,111  0,008   0,019   0,000   0,000  403281100
 0,41   4,91  781,674
 0,41   0,00    0,000    0,000
 0,41   0,00    0,000  781,674
 0,41   0,00    0,000    0,206   0,000   0,206
 0,41   0,00    0,000    0,201   0,000   0,201

 0,42   0,00    0,206    0,201   0,063   0,005   0,111  0,008   0,019   0,000   0,000  413117200
 0,42   4,91  781,674
 0,42   0,00    0,000    0,000
 0,42   0,00    0,000  781,674
 0,42   0,00    0,000    0,206   0,000   0,206
 0,42   0,00    0,000    0,201   0,000   0,201

 0,43   0,00    0,206    0,201   0,063   0,005   0,111  0,008   0,019   0,000   0,000  422953300
 0,43   4,91  781,674
 0,43   0,00    0,000    0,000
 0,43   0,00    0,000  781,674
 0,43   0,00    0,000    0,206   0,000   0,206
 0,43   0,00    0,000    0,201   0,000   0,201

 0,44   0,00    0,206    0,200   0,062   0,005   0,111  0,008   0,019   0,000   0,000  432789400
 0,44   4,91  781,674
 0,44   0,00    0,000    0,000
 0,44   0,00    0,000  781,674
 0,44   0,00    0,000    0,206   0,000   0,206
 0,44   0,00    0,000    0,200   0,000   0,200

 0,45   0,00    0,205    0,200   0,062   0,005   0,112  0,008   0,019   0,000   0,000  442625500
 0,45   4,91  781,674
 0,45   0,00    0,000    0,000
 0,45   0,00    0,000  781,674
 0,45   0,00    0,000    0,205   0,000   0,205
 0,45   0,00    0,000    0,200   0,000   0,200

 0,46   0,00    0,205    0,200   0,062   0,005   0,112  0,008   0,019   0,000   0,000  452461700
 0,46   4,91  781,674
 0,46   0,00    0,000    0,000
 0,46   0,00    0,000  781,674
 0,46   0,00    0,000    0,205   0,000   0,205
 0,46   0,00    0,000    0,200   0,000   0,200

 0,47   0,00    0,205    0,200   0,062   0,005   0,112  0,008   0,019   0,000   0,000  462297800
 0,47   4,91  781,674
 0,47   0,00    0,000    0,000
 0,47   0,00    0,000  781,674
 0,47   0,00    0,000    0,205   0,000   0,205
 0,47   0,00    0,000    0,200   0,000   0,200

 0,48   0,00    0,205    0,200   0,062   0,005   0,112  0,008   0,019   0,000   0,000  472133900
 0,48   4,91  781,674
 0,48   0,00    0,000    0,000
 0,48   0,00    0,000  781,674
 0,48   0,00    0,000    0,205   0,000   0,205
 0,48   0,00    0,000    0,200   0,000   0,200

 0,49   0,00    0,205    0,200   0,062   0,005   0,112  0,008   0,018   0,000   0,000  481970000
 0,49   4,91  781,674
 0,49   0,00    0,000    0,000
 0,49   0,00    0,000  781,674
 0,49   0,00    0,000    0,205   0,000   0,205
 0,49   0,00    0,000    0,200   0,000   0,200

 0,50   0,00    0,205    0,200   0,061   0,005   0,112  0,008   0,018   0,000   0,000  491806200
 0,50   4,91  781,674
 0,50   0,00    0,000    0,000
 0,50   0,00    0,000  781,674
 0,50   0,00    0,000    0,205   0,000   0,205
 0,50   0,00    0,000    0,200   0,000   0,200

 0,51   0,00    0,205    0,200   0,061   0,005   0,112  0,008   0,018   0,000   0,000  501642300
 0,51   4,91  781,674
 0,51   0,00    0,000    0,000
 0,51   0,00    0,000  781,674
 0,51   0,00    0,000    0,205   0,000   0,205
 0,51   0,00    0,000    0,200   0,000   0,200

 0,52   0,00    0,205    0,200   0,061   0,005   0,113  0,008   0,018   0,000   0,000  511478400
 0,52   4,91  781,674
 0,52   0,00    0,000    0,000
 0,52   0,00    0,000  781,674
 0,52   0,00    0,000    0,205   0,000   0,205
 0,52   0,00    0,000    0,200   0,000   0,200

 0,53   0,00    0,205    0,200   0,061   0,005   0,113  0,008   0,018   0,000   0,000  521314500
 0,53   4,91  781,674
 0,53   0,00    0,000    0,000
 0,53   0,00    0,000  781,674
 0,53   0,00    0,000    0,205   0,000   0,205
 0,53   0,00    0,000    0,200   0,000   0,200

 0,54   0,00    0,205    0,200   0,061   0,005   0,113  0,008   0,018   0,000   0,000  531150700
 0,54   4,91  781,674
 0,54   0,00    0,000    0,000
 0,54   0,00    0,000  781,674
 0,54   0,00    0,000    0,205   0,000   0,205
 0,54   0,00    0,000    0,200   0,000   0,200

 0,55   0,00    0,205    0,200   0,061   0,005   0,113  0,008   0,018   0,000   0,000  540986800
 0,55   4,91  781,674
 0,55   0,00    0,000    0,000
 0,55   0,00    0,000  781,674
 0,55   0,00    0,000    0,205   0,000   0,205
 0,55   0,00    0,000    0,200   0,000   0,200

 0,56   0,00    0,205    0,200   0,060   0,005   0,113  0,008   0,018   0,000   0,000  550822900
 0,56   4,91  781,674
 0,56   0,00    0,000    0,000
 0,56   0,00    0,000  781,674
 0,56   0,00    0,000    0,205   0,000   0,205
 0,56   0,00    0,000    0,200   0,000   0,200

 0,57   0,00    0,205    0,200   0,060   0,005   0,113  0,008   0,018   0,000   0,000  560659000
 0,57   4,91  781,674
 0,57   0,00    0,000    0,000
 0,57   0,00    0,000  781,674
 0,57   0,00    0,000    0,205   0,000   0,205
 0,57   0,00    0,000    0,200   0,000   0,200

 0,58   0,00    0,205    0,200   0,060   0,005   0,113  0,008   0,018   0,000   0,000  570495200
 0,58   4,91  781,674
 0,58   0,00    0,000    0,000
 0,58   0,00    0,000  781,674
 0,58   0,00    0,000    0,205   0,000   0,205
 0,58   0,00    0,000    0,200   0,000   0,200

 0,59   0,00    0,205    0,200   0,060   0,005   0,113  0,008   0,018   0,000   0,000  580331300
 0,59   4,91  781,674
 0,59   0,00    0,000    0,000
 0,59   0,00    0,000  781,674
 0,59   0,00    0,000    0,205   0,000   0,205
 0,59   0,00    0,000    0,200   0,000   0,200

 0,60   0,00    0,205    0,200   0,060   0,005   0,114  0,008   0,018   0,000   0,000  590167400
 0,60   4,91  781,674
 0,60   0,00    0,000    0,000
 0,60   0,00    0,000  781,674
 0,60   0,00    0,000    0,205   0,000   0,205
 0,60   0,00    0,000    0,200   0,000   0,200

 0,61   0,00    0,205    0,200   0,060   0,005   0,114  0,008   0,019   0,000   0,000  600003500
 0,61   4,91  781,674
 0,61   0,00    0,000    0,000
 0,61   0,00    0,000  781,674
 0,61   0,00    0,000    0,205   0,000   0,205
 0,61   0,00    0,000    0,200   0,000   0,200

 0,62   0,00    0,205    0,200   0,060   0,005   0,114  0,008   0,019   0,000   0,000  609839700
 0,62   4,91  781,674
 0,62   0,00    0,000    0,000
 0,62   0,00    0,000  781,674
 0,62   0,00    0,000    0,205   0,000   0,205
 0,62   0,00    0,000    0,200   0,000   0,200

 0,63   0,00    0,205    0,200   0,060   0,005   0,114  0,008   0,019   0,000   0,000  619675800
 0,63   4,91  781,674
 0,63   0,00    0,000    0,000
 0,63   0,00    0,000  781,674
 0,63   0,00    0,000    0,205   0,000   0,205
 0,63   0,00    0,000    0,200   0,000   0,200

 0,64   0,00    0,205    0,200   0,059   0,005   0,114  0,008   0,019   0,000   0,000  629511900
 0,64   4,91  781,674
 0,64   0,00    0,000    0,000
 0,64   0,00    0,000  781,674
 0,64   0,00    0,000    0,205   0,000   0,205
 0,64   0,00    0,000    0,200   0,000   0,200

 0,65   0,00    0,205    0,200   0,059   0,005   0,114  0,008   0,019   0,000   0,000  639348000
 0,65   4,91  781,674
 0,65   0,00    0,000    0,000
 0,65   0,00    0,000  781,674
 0,65   0,00    0,000    0,205   0,000   0,205
 0,65   0,00    0,000    0,200   0,000   0,200

 0,66   0,00    0,206    0,200   0,059   0,005   0,114  0,008   0,019   0,000   0,000  649184200
 0,66   4,91  781,674
 0,66   0,00    0,000    0,000
 0,66   0,00    0,000  781,674
 0,66   0,00    0,000    0,206   0,000   0,206
 0,66   0,00    0,000    0,200   0,000   0,200

 0,67   0,00    0,206    0,200   0,059   0,005   0,114  0,008   0,019   0,000   0,000  659020300
 0,67   4,91  781,674
 0,67   0,00    0,000    0,000
 0,67   0,00    0,000  781,674
 0,67   0,00    0,000    0,206   0,000   0,206
 0,67   0,00    0,000    0,200   0,000   0,200

 0,68   0,00    0,206    0,200   0,059   0,005   0,115  0,008   0,019   0,000   0,000  668856400
 0,68   4,91  781,674
 0,68   0,00    0,000    0,000
 0,68   0,00    0,000  781,674
 0,68   0,00    0,000    0,206   0,000   0,206
 0,68   0,00    0,000    0,200   0,000   0,200

 0,69   0,00    0,206    0,200   0,059   0,005   0,115  0,008   0,019   0,000   0,000  678692500
 0,69   4,91  781,674
 0,69   0,00    0,000    0,000
 0,69   0,00    0,000  781,674
 0,69   0,00    0,000    0,206   0,000   0,206
 0,69   0,00    0,000    0,200   0,000   0,200

 0,70   0,00    0,206    0,200   0,059   0,005   0,115  0,008   0,019   0,000   0,000  688528600
 0,70   4,91  781,674
 0,70   0,00    0,000    0,000
 0,70   0,00    0,000  781,674
 0,70   0,00    0,000    0,206   0,000   0,206
 0,70   0,00    0,000    0,200   0,000   0,200

 0,71   0,00    0,206    0,200   0,059   0,005   0,115  0,008   0,019   0,000   0,000  698364700
 0,71   4,91  781,674
 0,71   0,00    0,000    0,000
 0,71   0,00    0,000  781,674
 0,71   0,00    0,000    0,206   0,000   0,206
 0,71   0,00    0,000    0,200   0,000   0,200

 0,72   0,00    0,206    0,200   0,059   0,005   0,115  0,008   0,019   0,000   0,000  708200900
 0,72   4,91  781,674
 0,72   0,00    0,000    0,000
 0,72   0,00    0,000  781,674
 0,72   0,00    0,000    0,206   0,000   0,206
 0,72   0,00    0,000    0,200   0,000   0,200

 0,73   0,00    0,206    0,200   0,058   0,005   0,115  0,008   0,019   0,000   0,000  718037100
 0,73   4,91  781,674
 0,73   0,00    0,000    0,000
 0,73   0,00    0,000  781,674
 0,73   0,00    0,000    0,206   0,000   0,206
 0,73   0,00    0,000    0,200   0,000   0,200

 0,74   0,00    0,206    0,200   0,058   0,005   0,115  0,008   0,019   0,000   0,000  727873200
 0,74   4,91  781,674
 0,74   0,00    0,000    0,000
 0,74   0,00    0,000  781,674
 0,74   0,00    0,000    0,206   0,000   0,206
 0,74   0,00    0,000    0,200   0,000   0,200

 0,75   0,00    0,206    0,200   0,058   0,005   0,115  0,008   0,019   0,000   0,000  737709200
 0,75   4,91  781,674
 0,75   0,00    0,000    0,000
 0,75   0,00    0,000  781,674
 0,75   0,00    0,000    0,206   0,000   0,206
 0,75   0,00    0,000    0,200   0,000   0,200

 0,76   0,00    0,206    0,200   0,058   0,005   0,115  0,008   0,020   0,000   0,000  747545300
 0,76   4,91  781,674
 0,76   0,00    0,000    0,000
 0,76   0,00    0,000  781,674
 0,76   0,00    0,000    0,206   0,000   0,206
 0,76   0,00    0,000    0,200   0,000   0,200

 0,77   0,00    0,206    0,199   0,058   0,005   0,115  0,008   0,020   0,000   0,000  757381500
 0,77   4,91  781,674
 0,77   0,00    0,000    0,000
 0,77   0,00    0,000  781,674
 0,77   0,00    0,000    0,206   0,000   0,206
 0,77   0,00    0,000    0,199   0,000   0,199

 0,78   0,00    0,207    0,199   0,058   0,005   0,115  0,008   0,020   0,000   0,000  767217600
 0,78   4,91  781,674
 0,78   0,00    0,000    0,000
 0,78   0,00    0,000  781,674
 0,78   0,00    0,000    0,207   0,000   0,207
 0,78   0,00    0,000    0,199   0,000   0,199

 0,79   0,00    0,207    0,199   0,058   0,005   0,116  0,008   0,020   0,000   0,000  777053800
 0,79   4,91  781,674
 0,79   0,00    0,000    0,000
 0,79   0,00    0,000  781,674
 0,79   0,00    0,000    0,207   0,000   0,207
 0,79   0,00    0,000    0,199   0,000   0,199

 0,80   0,00    0,207    0,199   0,058   0,005   0,116  0,008   0,020   0,000   0,000  786889900
 0,80   4,91  781,674
 0,80   0,00    0,000    0,000
 0,80   0,00    0,000  781,674
 0,80   0,00    0,000    0,207   0,000   0,207
 0,80   0,00    0,000    0,199   0,000   0,199

 0,81   0,00    0,207    0,199   0,058   0,005   0,116  0,008   0,020   0,000   0,000  796726000
 0,81   4,91  781,674
 0,81   0,00    0,000    0,000
 0,81   0,00    0,000  781,674
 0,81   0,00    0,000    0,207   0,000   0,207
 0,81   0,00    0,000    0,199   0,000   0,199

 0,82   0,00    0,207    0,199   0,058   0,005   0,116  0,008   0,020   0,000   0,000  806562100
 0,82   4,91  781,674
 0,82   0,00    0,000    0,000
 0,82   0,00    0,000  781,674
 0,82   0,00    0,000    0,207   0,000   0,207
 0,82   0,00    0,000    0,199   0,000   0,199

 0,83   0,00    0,207    0,199   0,058   0,005   0,116  0,008   0,020   0,000   0,000  816398200
 0,83   4,91  781,674
 0,83   0,00    0,000    0,000
 0,83   0,00    0,000  781,674
 0,83   0,00    0,000    0,207   0,000   0,207
 0,83   0,00    0,000    0,199   0,000   0,199

 0,84   0,00    0,207    0,199   0,057   0,005   0,116  0,008   0,020   0,000   0,000  826234400
 0,84   4,91  781,674
 0,84   0,00    0,000    0,000
 0,84   0,00    0,000  781,674
 0,84   0,00    0,000    0,207   0,000   0,207
 0,84   0,00    0,000    0,199   0,000   0,199

 0,85   0,00    0,207    0,199   0,057   0,005   0,116  0,009   0,020   0,000   0,000  836070500
 0,85   4,91  781,674
 0,85   0,00    0,000    0,000
 0,85   0,00    0,000  781,674
 0,85   0,00    0,000    0,207   0,000   0,207
 0,85   0,00    0,000    0,199   0,000   0,199

 0,86   0,00    0,207    0,199   0,057   0,005   0,116  0,009   0,020   0,000   0,000  845906600
 0,86   4,91  781,674
 0,86   0,00    0,000    0,000
 0,86   0,00    0,000  781,674
 0,86   0,00    0,000    0,207   0,000   0,207
 0,86   0,00    0,000    0,199   0,000   0,199

 0,87   0,00    0,207    0,199   0,057   0,005   0,116  0,009   0,020   0,000   0,000  855742700
 0,87   4,91  781,674
 0,87   0,00    0,000    0,000
 0,87   0,00    0,000  781,674
 0,87   0,00    0,000    0,207   0,000   0,207
 0,87   0,00    0,000    0,199   0,000   0,199

 0,88   0,00    0,207    0,199   0,057   0,005   0,116  0,009   0,020   0,000   0,000  865578900
 0,88   4,91  781,674
 0,88   0,00    0,000    0,000
 0,88   0,00    0,000  781,674
 0,88   0,00    0,000    0,207   0,000   0,207
 0,88   0,00    0,000    0,199   0,000   0,199

 0,89   0,00    0,208    0,199   0,057   0,005   0,116  0,009   0,020   0,000   0,000  875415000
 0,89   4,91  781,674
 0,89   0,00    0,000    0,000
 0,89   0,00    0,000  781,674
 0,89   0,00    0,000    0,208   0,000   0,208
 0,89   0,00    0,000    0,199   0,000   0,199

 0,90   0,00    0,208    0,199   0,057   0,005   0,117  0,009   0,021   0,000   0,000  885251100
 0,90   4,91  781,674
 0,90   0,00    0,000    0,000
 0,90   0,00    0,000  781,674
 0,90   0,00    0,000    0,208   0,000   0,208
 0,90   0,00    0,000    0,199   0,000   0,199

 0,91   0,00    0,209    0,201  895087200
 0,91   5,13  779,022
 0,91   0,00    0,000    0,000
 0,91   0,00    0,000  778,150
 0,91   0,00    0,000    0,209   0,000   0,209
 0,91   0,00    0,000    0,201   0,000   0,201

 0,92   0,00    0,213    0,205  904923400
 0,92   5,34  776,370
 0,92   0,00    0,000    0,000
 0,92   0,00    0,000  774,625
 0,92   0,00    0,000    0,213   0,000   0,213
 0,92   0,00    0,000    0,205   0,000   0,205

 0,93   0,00    0,264    0,256  914759500
 0,93   5,55  773,718
 0,93   0,00    0,000    0,000
 0,93   0,00    0,000  771,101
 0,93   0,00    0,000    0,264   0,000   0,264
 0,93   0,00    0,000    0,256   0,000   0,256

 0,94   0,00    0,360    0,351  924595600
 0,94   5,76  771,066
 0,94   0,00    0,000    0,000
 0,94   0,00    0,000  767,576
 0,94   0,00    0,000    0,360   0,000   0,360
 0,94   0,00    0,000    0,351   0,000   0,351

 0,95   0,00    0,456    0,446  934431700
 0,95   5,97  768,414
 0,95   0,00    0,000    0,000
 0,95   0,00    0,000  764,051
 0,95   0,00    0,000    0,456   0,000   0,456
 0,95   0,00    0,000    0,446   0,000   0,446

 0,96   0,00    0,552    0,542  944267800
 0,96   6,19  765,762
 0,96   0,00    0,000    0,000
 0,96   0,00    0,000  760,527
 0,96   0,00    0,000    0,552   0,000   0,552
 0,96   0,00    0,000    0,542   0,000   0,542

 0,97   0,00    0,648    0,637  954104000
 0,97   6,40  763,111
 0,97   0,00    0,000    0,000
 0,97   0,00    0,000  757,002
 0,97   0,00    0,000    0,648   0,000   0,648
 0,97   0,00    0,000    0,637   0,000   0,637

 0,98   0,00    0,744    0,732  963940100
 0,98   6,61  760,459
 0,98   0,00    0,000    0,000
 0,98   0,00    0,000  753,478
 0,98   0,00    0,000    0,744   0,000   0,744
 0,98   0,00    0,000    0,732   0,000   0,732

 0,99   0,00    0,840    0,828  973776300
 0,99   6,82  757,807
 0,99   0,00    0,000    0,000
 0,99   0,00    0,000  749,953
 0,99   0,00    0,000    0,840   0,000   0,840
 0,99   0,00    0,000    0,828   0,000   0,828

 1,00   0,00    0,935    0,923  983612400
 1,00   7,03  755,155
 1,00   0,00    0,000    0,000
 1,00   0,00    0,000  746,429
 1,00   0,00    0,000    0,935   0,000   0,935
 1,00   0,00    0,000    0,923   0,000   0,923

 1,01   0,00    1,031    1,019  993448400
 1,01   7,25  752,503
 1,01   0,00    0,000    0,000
 1,01   0,00    0,000  742,904
 1,01   0,00    0,000    1,031   0,000   1,031
 1,01   0,00    0,000    1,019   0,000   1,019

 1,02   0,00    1,127    1,114 1003285000
 1,02   7,46  749,851
 1,02   0,00    0,000    0,000
 1,02   0,00    0,000  739,380
 1,02   0,00    0,000    1,127   0,000   1,127
 1,02   0,00    0,000    1,114   0,000   1,114

 1,03   0,00    1,223    1,209 1013121000
 1,03   7,67  747,199
 1,03   0,00    0,000    0,000
 1,03   0,00    0,000  735,855
 1,03   0,00    0,000    1,223   0,000   1,223
 1,03   0,00    0,000    1,209   0,000   1,209

 1,04   0,00    1,319    1,305 1022957000
 1,04   7,88  744,547
 1,04   0,00    0,000    0,000
 1,04   0,00    0,000  732,330
 1,04   0,00    0,000    1,319   0,000   1,319
 1,04   0,00    0,000    1,305   0,000   1,305

 1,05   0,00    1,415    1,400   0,055   1,008   0,210   0,006   0,048   0,013   0,000   0,075   0,000 1032793000
 1,05   8,09  741,895
 1,05   0,00    0,000    0,000
 1,05   0,00    0,000  728,806
 1,05   0,00    0,000    1,415   0,000   1,415
 1,05   0,00    0,000    1,400   0,000   1,400

 1,06   0,00    1,418    1,404   0,055   1,008   0,210   0,006   0,052   0,013   0,000   0,075   0,000 1042629000
 1,06   8,07  736,884
 1,06   0,00    0,000    0,000
 1,06   0,00    0,000  723,322
 1,06   0,00    0,000    1,418   0,000   1,418
 1,06   0,00    0,000    1,404   0,000   1,404

 1,07   0,00    1,422    1,408   0,055   1,007   0,210   0,006   0,057   0,013   0,000   0,074   0,000 1052465000
 1,07   8,05  732,550
 1,07   0,00    0,000    0,000
 1,07   0,00    0,000  718,567
 1,07   0,00    0,000    1,422   0,000   1,422
 1,07   0,00    0,000    1,408   0,000   1,408

 1,08   0,00    1,426    1,412   0,055   1,007   0,210   0,006   0,062   0,013   0,000   0,074   0,000 1062301000
 1,08   8,03  728,734
 1,08   0,00    0,000    0,000
 1,08   0,00    0,000  714,367
 1,08   0,00    0,000    1,426   0,000   1,426
 1,08   0,00    0,000    1,412   0,000   1,412

 1,09   0,00    1,431    1,417   0,054   1,007   0,210   0,006   0,067   0,013   0,000   0,074   0,000 1072137000
 1,09   8,00  725,328
 1,09   0,00    0,000    0,000
 1,09   0,00    0,000  710,609
 1,09   0,00    0,000    1,431   0,000   1,431
 1,09   0,00    0,000    1,417   0,000   1,417

 1,10   0,00    1,436    1,422   0,054   1,007   0,210   0,006   0,073   0,013   0,000   0,074   0,000 1081974000
 1,10   7,97  722,260
 1,10   0,00    0,000    0,000
 1,10   0,00    0,000  707,215
 1,10   0,00    0,000    1,436   0,000   1,436
 1,10   0,00    0,000    1,422   0,000   1,422

 1,11   0,00    1,441    1,427   0,054   1,007   0,210   0,006   0,078   0,013   0,000   0,073   0,000 1091810000
 1,11   7,95  719,476
 1,11   0,00    0,000    0,000
 1,11   0,00    0,000  704,124
 1,11   0,00    0,000    1,441   0,000   1,441
 1,11   0,00    0,000    1,427   0,000   1,427

 1,12   0,00    1,446    1,432   0,054   1,006   0,210   0,005   0,084   0,013   0,000   0,073   0,000 1101646000
 1,12   7,92  716,935
 1,12   0,00    0,000    0,000
 1,12   0,00    0,000  701,294
 1,12   0,00    0,000    1,446   0,000   1,446
 1,12   0,00    0,000    1,432   0,000   1,432

 1,13   0,00    1,452    1,438   0,054   1,006   0,210   0,005   0,091   0,013   0,000   0,073   0,000 1111482000
 1,13   7,87  716,284
 1,13   0,00    0,000    0,000
 1,13   0,00    0,000  700,475
 1,13   0,00    0,000    1,452   0,000   1,452
 1,13   0,00    0,000    1,438   0,000   1,438

 1,14   0,00    1,458    1,444   0,053   1,006   0,210   0,005   0,097   0,013   0,000   0,073   0,000 1121318000
 1,14   7,81  715,975
 1,14   0,00    0,000    0,000
 1,14   0,00    0,000  700,021
 1,14   0,00    0,000    1,458   0,000   1,458
 1,14   0,00    0,000    1,444   0,000   1,444

 1,15   0,00    1,464    1,450   0,053   1,006   0,210   0,005   0,104   0,013   0,000   0,073   0,000 1131154000
 1,15   7,76  715,683
 1,15   0,00    0,000    0,000
 1,15   0,00    0,000  699,588
 1,15   0,00    0,000    1,464   0,000   1,464
 1,15   0,00    0,000    1,450   0,000   1,450

 1,16   0,00    1,470    1,456   0,053   1,006   0,209   0,005   0,111   0,013   0,000   0,072   0,000 1140990000
 1,16   7,71  715,408
 1,16   0,00    0,000    0,000
 1,16   0,00    0,000  699,172
 1,16   0,00    0,000    1,470   0,000   1,470
 1,16   0,00    0,000    1,456   0,000   1,456

 1,17   0,00    1,476    1,462   0,053   1,006   0,208   0,005   0,118   0,013   0,000   0,072   0,000 1150826000
 1,17   7,66  715,145
 1,17   0,00    0,000    0,000
 1,17   0,00    0,000  698,771
 1,17   0,00    0,000    1,476   0,000   1,476
 1,17   0,00    0,000    1,462   0,000   1,462

 1,18   0,00    1,482    1,468   0,053   1,006   0,207   0,005   0,126   0,013   0,000   0,072   0,000 1160663000
 1,18   7,61  714,893
 1,18   0,00    0,000    0,000
 1,18   0,00    0,000  698,382
 1,18   0,00    0,000    1,482   0,000   1,482
 1,18   0,00    0,000    1,468   0,000   1,468

 1,19   0,00    1,488    1,475   0,052   1,006   0,206   0,005   0,133   0,013   0,000   0,072   0,000 1170499000
 1,19   7,57  714,650
 1,19   0,00    0,000    0,000
 1,19   0,00    0,000  698,004
 1,19   0,00    0,000    1,488   0,000   1,488
 1,19   0,00    0,000    1,475   0,000   1,475

 1,20   0,00    1,495    1,481   0,052   1,006   0,205   0,005   0,141   0,013   0,000   0,072   0,000 1180335000
 1,20   7,52  714,416
 1,20   0,00    0,000    0,000
 1,20   0,00    0,000  697,635
 1,20   0,00    0,000    1,495   0,000   1,495
 1,20   0,00    0,000    1,481   0,000   1,481

 1,21   0,00    1,502    1,488   0,052   1,006   0,205   0,005   0,150   0,013   0,000   0,072   0,000 1190171000
 1,21   7,48  714,188
 1,21   0,00    0,000    0,000
 1,21   0,00    0,000  697,274
 1,21   0,00    0,000    1,502   0,000   1,502
 1,21   0,00    0,000    1,488   0,000   1,488

 1,22   0,00    1,509    1,496   0,052   1,006   0,204   0,005   0,158   0,013   0,000   0,071   0,000 1200007000
 1,22   7,43  713,967
 1,22   0,00    0,000    0,000
 1,22   0,00    0,000  696,920
 1,22   0,00    0,000    1,509   0,000   1,509
 1,22   0,00    0,000    1,496   0,000   1,496

 1,23   0,00    1,517    1,503   0,052   1,006   0,203   0,005   0,167   0,012   0,000   0,071   0,000 1209843000
 1,23   7,39  713,752
 1,23   0,00    0,000    0,000
 1,23   0,00    0,000  696,572
 1,23   0,00    0,000    1,517   0,000   1,517
 1,23   0,00    0,000    1,503   0,000   1,503

 1,24   0,00    1,525    1,511   0,051   1,006   0,202   0,005   0,176   0,012   0,000   0,071   0,000 1219679000
 1,24   7,34  713,454
 1,24   0,00    0,000    0,000
 1,24   0,00    0,000  696,135
 1,24   0,00    0,000    1,525   0,000   1,525
 1,24   0,00    0,000    1,511   0,000   1,511

 1,25   0,00    1,533    1,519   0,051   1,007   0,201   0,005   0,185   0,012   0,000   0,071   0,000 1229515000
 1,25   7,30  713,101
 1,25   0,00    0,000    0,000
 1,25   0,00    0,000  695,639
 1,25   0,00    0,000    1,533   0,000   1,533
 1,25   0,00    0,000    1,519   0,000   1,519

                           -------->  FIN SET 1 LEADING EDGE SUPERSONIC  <--------

                           -------->  FIN SET 2 LEADING EDGE SUPERSONIC  <--------

 1,26   0,00    1,529    1,515   0,051   1,007   0,200   0,005   0,183   0,012   0,000   0,070   0,000 1239352000
 1,26   7,26  712,965
 1,26   0,00    0,000    0,000
 1,26   0,00    0,000  695,376
 1,26   0,00    0,000    1,529   0,000   1,529
 1,26   0,00    0,000    1,515   0,000   1,515

 1,27   0,00    1,525    1,511   0,051   1,007   0,199   0,005   0,181   0,012   0,000   0,069   0,000 1249188000
 1,27   7,21  712,709
 1,27   0,00    0,000    0,000
 1,27   0,00    0,000  694,976
 1,27   0,00    0,000    1,525   0,000   1,525
 1,27   0,00    0,000    1,511   0,000   1,511

 1,28   0,00    1,520    1,507   0,051   1,007   0,198   0,005   0,178   0,012   0,000   0,069   0,000 1259024000
 1,28   7,17  712,339
 1,28   0,00    0,000    0,000
 1,28   0,00    0,000  694,447
 1,28   0,00    0,000    1,520   0,000   1,520
 1,28   0,00    0,000    1,507   0,000   1,507

 1,29   0,00    1,517    1,503   0,050   1,007   0,197   0,005   0,176   0,012   0,000   0,068   0,000 1268860000
 1,29   7,12  711,874
 1,29   0,00    0,000    0,000
 1,29   0,00    0,000  693,810
 1,29   0,00    0,000    1,517   0,000   1,517
 1,29   0,00    0,000    1,503   0,000   1,503

 1,30   0,00    1,513    1,499   0,050   1,007   0,197   0,005   0,174   0,012   0,000   0,067   0,000 1278696000
 1,30   7,08  711,330
 1,30   0,00    0,000    0,000
 1,30   0,00    0,000  693,082
 1,30   0,00    0,000    1,513   0,000   1,513
 1,30   0,00    0,000    1,499   0,000   1,499

 1,31   0,00    1,509    1,496   0,050   1,007   0,196   0,005   0,172   0,012   0,000   0,067   0,000 1288532000
 1,31   7,03  710,718
 1,31   0,00    0,000    0,000
 1,31   0,00    0,000  692,278
 1,31   0,00    0,000    1,509   0,000   1,509
 1,31   0,00    0,000    1,496   0,000   1,496

 1,32   0,00    1,506    1,492   0,050   1,007   0,195   0,005   0,171   0,012   0,000   0,066   0,000 1298368000
 1,32   6,99  710,050
 1,32   0,00    0,000    0,000
 1,32   0,00    0,000  691,408
 1,32   0,00    0,000    1,506   0,000   1,506
 1,32   0,00    0,000    1,492   0,000   1,492

 1,33   0,00    1,502    1,489   0,050   1,008   0,194   0,005   0,169   0,012   0,000   0,065   0,000 1308204000
 1,33   6,94  709,333
 1,33   0,00    0,000    0,000
 1,33   0,00    0,000  690,483
 1,33   0,00    0,000    1,502   0,000   1,502
 1,33   0,00    0,000    1,489   0,000   1,489

 1,34   0,00    1,499    1,486   0,050   1,008   0,193   0,005   0,167   0,012   0,000   0,065   0,000 1318041000
 1,34   6,90  708,575
 1,34   0,00    0,000    0,000
 1,34   0,00    0,000  689,513
 1,34   0,00    0,000    1,499   0,000   1,499
 1,34   0,00    0,000    1,486   0,000   1,486

 1,35   0,00    1,496    1,482   0,049   1,008   0,192   0,005   0,166   0,012   0,000   0,064   0,000 1327877000
 1,35   6,85  707,783
 1,35   0,00    0,000    0,000
 1,35   0,00    0,000  688,502
 1,35   0,00    0,000    1,496   0,000   1,496
 1,35   0,00    0,000    1,482   0,000   1,482

 1,36   0,00    1,493    1,479   0,049   1,008   0,191   0,005   0,164   0,012   0,000   0,063   0,000 1337713000
 1,36   6,81  706,962
 1,36   0,00    0,000    0,000
 1,36   0,00    0,000  687,458
 1,36   0,00    0,000    1,493   0,000   1,493
 1,36   0,00    0,000    1,479   0,000   1,479

 1,37   0,00    1,490    1,477   0,049   1,008   0,191   0,005   0,163   0,012   0,000   0,063   0,000 1347549000
 1,37   6,77  706,117
 1,37   0,00    0,000    0,000
 1,37   0,00    0,000  686,387
 1,37   0,00    0,000    1,490   0,000   1,490
 1,37   0,00    0,000    1,477   0,000   1,477

 1,38   0,00    1,487    1,474   0,049   1,008   0,190   0,005   0,161   0,012   0,000   0,062   0,000 1357385000
 1,38   6,73  705,275
 1,38   0,00    0,000    0,000
 1,38   0,00    0,000  685,322
 1,38   0,00    0,000    1,487   0,000   1,487
 1,38   0,00    0,000    1,474   0,000   1,474

 1,39   0,00    1,485    1,471   0,049   1,009   0,189   0,005   0,160   0,012   0,000   0,062   0,000 1367221000
 1,39   6,69  704,443
 1,39   0,00    0,000    0,000
 1,39   0,00    0,000  684,272
 1,39   0,00    0,000    1,485   0,000   1,485
 1,39   0,00    0,000    1,471   0,000   1,471

 1,40   0,00    1,482    1,468   0,048   1,009   0,188   0,005   0,159   0,012   0,000   0,061   0,000 1377057000
 1,40   6,65  703,597
 1,40   0,00    0,000    0,000
 1,40   0,00    0,000  683,208
 1,40   0,00    0,000    1,482   0,000   1,482
 1,40   0,00    0,000    1,468   0,000   1,468

 1,41   0,00    1,479    1,466   0,048   1,009   0,187   0,005   0,158   0,012   0,000   0,060   0,000 1386893000
 1,41   6,61  702,741
 1,41   0,00    0,000    0,000
 1,41   0,00    0,000  682,131
 1,41   0,00    0,000    1,479   0,000   1,479
 1,41   0,00    0,000    1,466   0,000   1,466

 1,42   0,00    1,477    1,463   0,048   1,009   0,186   0,005   0,157   0,012   0,000   0,060   0,000 1396729000
 1,42   6,58  701,876
 1,42   0,00    0,000    0,000
 1,42   0,00    0,000  681,044
 1,42   0,00    0,000    1,477   0,000   1,477
 1,42   0,00    0,000    1,463   0,000   1,463

 1,43   0,00    1,474    1,461   0,048   1,009   0,186   0,005   0,156   0,012   0,000   0,059   0,000 1406566000
 1,43   6,54  701,005
 1,43   0,00    0,000    0,000
 1,43   0,00    0,000  679,950
 1,43   0,00    0,000    1,474   0,000   1,474
 1,43   0,00    0,000    1,461   0,000   1,461

 1,44   0,00    1,472    1,458   0,048   1,010   0,185   0,005   0,155   0,012   0,000   0,059   0,000 1416402000
 1,44   6,50  700,083
 1,44   0,00    0,000    0,000
 1,44   0,00    0,000  678,851
 1,44   0,00    0,000    1,472   0,000   1,472
 1,44   0,00    0,000    1,458   0,000   1,458

 1,45   0,00    1,469    1,456   0,048   1,010   0,184   0,005   0,154   0,011   0,000   0,058   0,000 1426238000
 1,45   6,47  699,132
 1,45   0,00    0,000    0,000
 1,45   0,00    0,000  677,747
 1,45   0,00    0,000    1,469   0,000   1,469
 1,45   0,00    0,000    1,456   0,000   1,456

 1,46   0,00    1,467    1,454   0,047   1,010   0,183   0,005   0,153   0,011   0,000   0,058   0,000 1436074000
 1,46   6,43  698,177
 1,46   0,00    0,000    0,000
 1,46   0,00    0,000  676,642
 1,46   0,00    0,000    1,467   0,000   1,467
 1,46   0,00    0,000    1,454   0,000   1,454

 1,47   0,00    1,465    1,451   0,047   1,010   0,182   0,005   0,152   0,011   0,000   0,057   0,000 1445910000
 1,47   6,40  697,219
 1,47   0,00    0,000    0,000
 1,47   0,00    0,000  675,535
 1,47   0,00    0,000    1,465   0,000   1,465
 1,47   0,00    0,000    1,451   0,000   1,451

 1,48   0,00    1,463    1,449   0,047   1,010   0,182   0,005   0,151   0,011   0,000   0,057   0,000 1455746000
 1,48   6,36  696,260
 1,48   0,00    0,000    0,000
 1,48   0,00    0,000  674,428
 1,48   0,00    0,000    1,463   0,000   1,463
 1,48   0,00    0,000    1,449   0,000   1,449

 1,49   0,00    1,461    1,447   0,047   1,011   0,181   0,005   0,150   0,011   0,000   0,056   0,000 1465582000
 1,49   6,33  695,300
 1,49   0,00    0,000    0,000
 1,49   0,00    0,000  673,323
 1,49   0,00    0,000    1,461   0,000   1,461
 1,49   0,00    0,000    1,447   0,000   1,447

 1,50   0,00    1,458    1,445   0,047   1,011   0,180   0,005   0,149   0,011   0,000   0,056   0,000 1475418000
 1,50   6,29  694,341
 1,50   0,00    0,000    0,000
 1,50   0,00    0,000  672,219
 1,50   0,00    0,000    1,458   0,000   1,458
 1,50   0,00    0,000    1,445   0,000   1,445

 1,51   0,00    1,456    1,443   0,046   1,011   0,179   0,005   0,149   0,011   0,000   0,055   0,000 1485255000
 1,51   6,26  693,382
 1,51   0,00    0,000    0,000
 1,51   0,00    0,000  671,118
 1,51   0,00    0,000    1,456   0,000   1,456
 1,51   0,00    0,000    1,443   0,000   1,443

 1,52   0,00    1,454    1,441   0,046   1,011   0,178   0,005   0,148   0,011   0,000   0,055   0,000 1495091000
 1,52   6,23  692,425
 1,52   0,00    0,000    0,000
 1,52   0,00    0,000  670,020
 1,52   0,00    0,000    1,454   0,000   1,454
 1,52   0,00    0,000    1,441   0,000   1,441

 1,53   0,00    1,452    1,439   0,046   1,012   0,178   0,005   0,147   0,011   0,000   0,054   0,000 1504927000
 1,53   6,20  691,469
 1,53   0,00    0,000    0,000
 1,53   0,00    0,000  668,927
 1,53   0,00    0,000    1,452   0,000   1,452
 1,53   0,00    0,000    1,439   0,000   1,439

 1,54   0,00    1,450    1,437   0,046   1,012   0,177   0,005   0,146   0,011   0,000   0,054   0,000 1514763000
 1,54   6,17  690,516
 1,54   0,00    0,000    0,000
 1,54   0,00    0,000  667,838
 1,54   0,00    0,000    1,450   0,000   1,450
 1,54   0,00    0,000    1,437   0,000   1,437

 1,55   0,00    1,449    1,435   0,046   1,012   0,176   0,005   0,146   0,011   0,000   0,053   0,000 1524599000
 1,55   6,14  689,566
 1,55   0,00    0,000    0,000
 1,55   0,00    0,000  666,754
 1,55   0,00    0,000    1,449   0,000   1,449
 1,55   0,00    0,000    1,435   0,000   1,435

 1,56   0,00    1,447    1,433   0,046   1,012   0,175   0,005   0,145   0,011   0,000   0,053   0,000 1534435000
 1,56   6,11  688,619
 1,56   0,00    0,000    0,000
 1,56   0,00    0,000  665,676
 1,56   0,00    0,000    1,447   0,000   1,447
 1,56   0,00    0,000    1,433   0,000   1,433

 1,57   0,00    1,445    1,431   0,045   1,012   0,174   0,005   0,145   0,011   0,000   0,052   0,000 1544271000
 1,57   6,08  687,676
 1,57   0,00    0,000    0,000
 1,57   0,00    0,000  664,603
 1,57   0,00    0,000    1,445   0,000   1,445
 1,57   0,00    0,000    1,431   0,000   1,431

 1,58   0,00    1,443    1,429   0,045   1,013   0,174   0,005   0,144   0,011   0,000   0,052   0,000 1554108000
 1,58   6,05  686,736
 1,58   0,00    0,000    0,000
 1,58   0,00    0,000  663,537
 1,58   0,00    0,000    1,443   0,000   1,443
 1,58   0,00    0,000    1,429   0,000   1,429

 1,59   0,00    1,441    1,428   0,045   1,013   0,173   0,005   0,143   0,011   0,000   0,052   0,000 1563944000
 1,59   6,02  685,801
 1,59   0,00    0,000    0,000
 1,59   0,00    0,000  662,477
 1,59   0,00    0,000    1,441   0,000   1,441
 1,59   0,00    0,000    1,428   0,000   1,428

 1,60   0,00    1,440    1,426   0,045   1,013   0,172   0,005   0,143   0,011   0,000   0,051   0,000 1573780000
 1,60   6,00  684,869
 1,60   0,00    0,000    0,000
 1,60   0,00    0,000  661,423
 1,60   0,00    0,000    1,440   0,000   1,440
 1,60   0,00    0,000    1,426   0,000   1,426

 1,61   0,00    1,438    1,424   0,045   1,013   0,171   0,005   0,142   0,011   0,000   0,051   0,000 1583616000
 1,61   5,97  683,942
 1,61   0,00    0,000    0,000
 1,61   0,00    0,000  660,377
 1,61   0,00    0,000    1,438   0,000   1,438
 1,61   0,00    0,000    1,424   0,000   1,424

 1,62   0,00    1,436    1,423   0,045   1,014   0,171   0,005   0,142   0,011   0,000   0,050   0,000 1593452000
 1,62   5,94  683,020
 1,62   0,00    0,000    0,000
 1,62   0,00    0,000  659,337
 1,62   0,00    0,000    1,436   0,000   1,436
 1,62   0,00    0,000    1,423   0,000   1,423

 1,63   0,00    1,435    1,421   0,044   1,014   0,170   0,005   0,141   0,011   0,000   0,050   0,000 1603288000
 1,63   5,92  682,102
 1,63   0,00    0,000    0,000
 1,63   0,00    0,000  658,305
 1,63   0,00    0,000    1,435   0,000   1,435
 1,63   0,00    0,000    1,421   0,000   1,421

 1,64   0,00    1,433    1,419   0,044   1,014   0,169   0,005   0,141   0,011   0,000   0,050   0,000 1613124000
 1,64   5,89  681,189
 1,64   0,00    0,000    0,000
 1,64   0,00    0,000  657,279
 1,64   0,00    0,000    1,433   0,000   1,433
 1,64   0,00    0,000    1,419   0,000   1,419

 1,65   0,00    1,431    1,418   0,044   1,014   0,168   0,004   0,140   0,011   0,000   0,049   0,000 1622960000
 1,65   5,87  680,281
 1,65   0,00    0,000    0,000
 1,65   0,00    0,000  656,262
 1,65   0,00    0,000    1,431   0,000   1,431
 1,65   0,00    0,000    1,418   0,000   1,418

 1,66   0,00    1,430    1,416   0,044   1,015   0,168   0,004   0,140   0,011   0,000   0,049   0,000 1632796000
 1,66   5,84  679,378
 1,66   0,00    0,000    0,000
 1,66   0,00    0,000  655,252
 1,66   0,00    0,000    1,430   0,000   1,430
 1,66   0,00    0,000    1,416   0,000   1,416

 1,67   0,00    1,428    1,415   0,044   1,015   0,167   0,004   0,139   0,011   0,000   0,048   0,000 1642633000
 1,67   5,82  678,480
 1,67   0,00    0,000    0,000
 1,67   0,00    0,000  654,249
 1,67   0,00    0,000    1,428   0,000   1,428
 1,67   0,00    0,000    1,415   0,000   1,415

 1,68   0,00    1,427    1,413   0,044   1,015   0,166   0,004   0,139   0,011   0,000   0,048   0,000 1652469000
 1,68   5,79  677,588
 1,68   0,00    0,000    0,000
 1,68   0,00    0,000  653,254
 1,68   0,00    0,000    1,427   0,000   1,427
 1,68   0,00    0,000    1,413   0,000   1,413

 1,69   0,00    1,425    1,412   0,043   1,015   0,165   0,004   0,138   0,010   0,000   0,048   0,000 1662305000
 1,69   5,77  676,700
 1,69   0,00    0,000    0,000
 1,69   0,00    0,000  652,267
 1,69   0,00    0,000    1,425   0,000   1,425
 1,69   0,00    0,000    1,412   0,000   1,412

 1,70   0,00    1,424    1,410   0,043   1,015   0,165   0,004   0,138   0,010   0,000   0,047   0,000 1672141000
 1,70   5,75  675,818
 1,70   0,00    0,000    0,000
 1,70   0,00    0,000  651,287
 1,70   0,00    0,000    1,424   0,000   1,424
 1,70   0,00    0,000    1,410   0,000   1,410

 1,71   0,00    1,422    1,409   0,043   1,016   0,164   0,004   0,138   0,010   0,000   0,047   0,000 1681977000
 1,71   5,73  674,941
 1,71   0,00    0,000    0,000
 1,71   0,00    0,000  650,315
 1,71   0,00    0,000    1,422   0,000   1,422
 1,71   0,00    0,000    1,409   0,000   1,409

 1,72   0,00    1,421    1,407   0,043   1,016   0,163   0,004   0,137   0,010   0,000   0,047   0,000 1691813000
 1,72   5,70  674,069
 1,72   0,00    0,000    0,000
 1,72   0,00    0,000  649,351
 1,72   0,00    0,000    1,421   0,000   1,421
 1,72   0,00    0,000    1,407   0,000   1,407

 1,73   0,00    1,419    1,406   0,043   1,016   0,163   0,004   0,137   0,010   0,000   0,046   0,000 1701649000
 1,73   5,68  673,202
 1,73   0,00    0,000    0,000
 1,73   0,00    0,000  648,394
 1,73   0,00    0,000    1,419   0,000   1,419
 1,73   0,00    0,000    1,406   0,000   1,406

 1,74   0,00    1,418    1,404   0,043   1,016   0,162   0,004   0,136   0,010   0,000   0,046   0,000 1711485000
 1,74   5,66  672,341
 1,74   0,00    0,000    0,000
 1,74   0,00    0,000  647,446
 1,74   0,00    0,000    1,418   0,000   1,418
 1,74   0,00    0,000    1,404   0,000   1,404

 1,75   0,00    1,416    1,403   0,042   1,017   0,161   0,004   0,136   0,010   0,000   0,046   0,000 1721322000
 1,75   5,64  671,485
 1,75   0,00    0,000    0,000
 1,75   0,00    0,000  646,505
 1,75   0,00    0,000    1,416   0,000   1,416
 1,75   0,00    0,000    1,403   0,000   1,403

 1,76   0,00    1,415    1,401   0,042   1,017   0,160   0,004   0,136   0,010   0,000   0,045   0,000 1731158000
 1,76   5,62  670,634
 1,76   0,00    0,000    0,000
 1,76   0,00    0,000  645,572
 1,76   0,00    0,000    1,415   0,000   1,415
 1,76   0,00    0,000    1,401   0,000   1,401

 1,77   0,00    1,414    1,400   0,042   1,017   0,160   0,004   0,135   0,010   0,000   0,045   0,000 1740994000
 1,77   5,60  669,789
 1,77   0,00    0,000    0,000
 1,77   0,00    0,000  644,647
 1,77   0,00    0,000    1,414   0,000   1,414
 1,77   0,00    0,000    1,400   0,000   1,400

 1,78   0,00    1,412    1,399   0,042   1,017   0,159   0,004   0,135   0,010   0,000   0,045   0,000 1750830000
 1,78   5,58  668,949
 1,78   0,00    0,000    0,000
 1,78   0,00    0,000  643,729
 1,78   0,00    0,000    1,412   0,000   1,412
 1,78   0,00    0,000    1,399   0,000   1,399

 1,79   0,00    1,411    1,397   0,042   1,018   0,158   0,004   0,135   0,010   0,000   0,044   0,000 1760666000
 1,79   5,56  668,114
 1,79   0,00    0,000    0,000
 1,79   0,00    0,000  642,819
 1,79   0,00    0,000    1,411   0,000   1,411
 1,79   0,00    0,000    1,397   0,000   1,397

 1,80   0,00    1,410    1,396   0,042   1,018   0,158   0,004   0,134   0,010   0,000   0,044   0,000 1770502000
 1,80   5,54  667,284
 1,80   0,00    0,000    0,000
 1,80   0,00    0,000  641,917
 1,80   0,00    0,000    1,410   0,000   1,410
 1,80   0,00    0,000    1,396   0,000   1,396

 1,81   0,00    1,408    1,395   0,041   1,018   0,157   0,004   0,134   0,010   0,000   0,044   0,000 1780338000
 1,81   5,52  666,460
 1,81   0,00    0,000    0,000
 1,81   0,00    0,000  641,022
 1,81   0,00    0,000    1,408   0,000   1,408
 1,81   0,00    0,000    1,395   0,000   1,395

 1,82   0,00    1,407    1,393   0,041   1,018   0,156   0,004   0,134   0,010   0,000   0,043   0,000 1790174000
 1,82   5,50  665,641
 1,82   0,00    0,000    0,000
 1,82   0,00    0,000  640,135
 1,82   0,00    0,000    1,407   0,000   1,407
 1,82   0,00    0,000    1,393   0,000   1,393

 1,83   0,00    1,406    1,392   0,041   1,019   0,156   0,004   0,133   0,010   0,000   0,043   0,000 1800011000
 1,83   5,48  664,826
 1,83   0,00    0,000    0,000
 1,83   0,00    0,000  639,256
 1,83   0,00    0,000    1,406   0,000   1,406
 1,83   0,00    0,000    1,392   0,000   1,392

 1,84   0,00    1,405    1,391   0,041   1,019   0,155   0,004   0,133   0,010   0,000   0,043   0,000 1809847000
 1,84   5,47  664,017
 1,84   0,00    0,000    0,000
 1,84   0,00    0,000  638,383
 1,84   0,00    0,000    1,405   0,000   1,405
 1,84   0,00    0,000    1,391   0,000   1,391

 1,85   0,00    1,403    1,390   0,041   1,019   0,154   0,004   0,133   0,010   0,000   0,042   0,000 1819683000
 1,85   5,45  663,213
 1,85   0,00    0,000    0,000
 1,85   0,00    0,000  637,519
 1,85   0,00    0,000    1,403   0,000   1,403
 1,85   0,00    0,000    1,390   0,000   1,390

 1,86   0,00    1,402    1,388   0,041   1,019   0,153   0,004   0,133   0,010   0,000   0,042   0,000 1829519000
 1,86   5,43  662,414
 1,86   0,00    0,000    0,000
 1,86   0,00    0,000  636,662
 1,86   0,00    0,000    1,402   0,000   1,402
 1,86   0,00    0,000    1,388   0,000   1,388

 1,87   0,00    1,401    1,387   0,041   1,019   0,153   0,004   0,132   0,010   0,000   0,042   0,000 1839355000
 1,87   5,41  661,620
 1,87   0,00    0,000    0,000
 1,87   0,00    0,000  635,812
 1,87   0,00    0,000    1,401   0,000   1,401
 1,87   0,00    0,000    1,387   0,000   1,387

 1,88   0,00    1,400    1,386   0,040   1,020   0,152   0,004   0,132   0,010   0,000   0,042   0,000 1849191000
 1,88   5,40  660,831
 1,88   0,00    0,000    0,000
 1,88   0,00    0,000  634,969
 1,88   0,00    0,000    1,400   0,000   1,400
 1,88   0,00    0,000    1,386   0,000   1,386

 1,89   0,00    1,398    1,385   0,040   1,020   0,151   0,004   0,132   0,010   0,000   0,041   0,000 1859027000
 1,89   5,38  660,047
 1,89   0,00    0,000    0,000
 1,89   0,00    0,000  634,134
 1,89   0,00    0,000    1,398   0,000   1,398
 1,89   0,00    0,000    1,385   0,000   1,385

 1,90   0,00    1,397    1,384   0,040   1,020   0,151   0,004   0,132   0,010   0,000   0,041   0,000 1868863000
 1,90   5,36  659,268
 1,90   0,00    0,000    0,000
 1,90   0,00    0,000  633,306
 1,90   0,00    0,000    1,397   0,000   1,397
 1,90   0,00    0,000    1,384   0,000   1,384

 1,91   0,00    1,396    1,382   0,040   1,020   0,150   0,004   0,131   0,010   0,000   0,041   0,000 1878700000
 1,91   5,34  658,493
 1,91   0,00    0,000    0,000
 1,91   0,00    0,000  632,485
 1,91   0,00    0,000    1,396   0,000   1,396
 1,91   0,00    0,000    1,382   0,000   1,382

 1,92   0,00    1,395    1,381   0,040   1,021   0,149   0,004   0,131   0,010   0,000   0,041   0,000 1888536000
 1,92   5,33  657,724
 1,92   0,00    0,000    0,000
 1,92   0,00    0,000  631,671
 1,92   0,00    0,000    1,395   0,000   1,395
 1,92   0,00    0,000    1,381   0,000   1,381

 1,93   0,00    1,394    1,380   0,040   1,021   0,149   0,004   0,131   0,010   0,000   0,040   0,000 1898372000
 1,93   5,31  656,959
 1,93   0,00    0,000    0,000
 1,93   0,00    0,000  630,864
 1,93   0,00    0,000    1,394   0,000   1,394
 1,93   0,00    0,000    1,380   0,000   1,380

 1,94   0,00    1,393    1,379   0,039   1,021   0,148   0,004   0,130   0,009   0,000   0,040   0,000 1908208000
 1,94   5,30  656,199
 1,94   0,00    0,000    0,000
 1,94   0,00    0,000  630,064
 1,94   0,00    0,000    1,393   0,000   1,393
 1,94   0,00    0,000    1,379   0,000   1,379

 1,95   0,00    1,391    1,378   0,039   1,021   0,148   0,004   0,130   0,009   0,000   0,040   0,000 1918044000
 1,95   5,28  655,444
 1,95   0,00    0,000    0,000
 1,95   0,00    0,000  629,271
 1,95   0,00    0,000    1,391   0,000   1,391
 1,95   0,00    0,000    1,378   0,000   1,378

 1,96   0,00    1,390    1,377   0,039   1,022   0,147   0,004   0,130   0,009   0,000   0,039   0,000 1927880000
 1,96   5,27  654,693
 1,96   0,00    0,000    0,000
 1,96   0,00    0,000  628,485
 1,96   0,00    0,000    1,390   0,000   1,390
 1,96   0,00    0,000    1,377   0,000   1,377

 1,97   0,00    1,389    1,376   0,039   1,022   0,146   0,004   0,130   0,009   0,000   0,039   0,000 1937716000
 1,97   5,25  653,947
 1,97   0,00    0,000    0,000
 1,97   0,00    0,000  627,706
 1,97   0,00    0,000    1,389   0,000   1,389
 1,97   0,00    0,000    1,376   0,000   1,376

 1,98   0,00    1,388    1,374   0,039   1,022   0,146   0,004   0,130   0,009   0,000   0,039   0,000 1947553000
 1,98   5,24  653,205
 1,98   0,00    0,000    0,000
 1,98   0,00    0,000  626,933
 1,98   0,00    0,000    1,388   0,000   1,388
 1,98   0,00    0,000    1,374   0,000   1,374

 1,99   0,00    1,387    1,373   0,039   1,022   0,145   0,004   0,129   0,009   0,000   0,039   0,000 1957389000
 1,99   5,22  652,468
 1,99   0,00    0,000    0,000
 1,99   0,00    0,000  626,167
 1,99   0,00    0,000    1,387   0,000   1,387
 1,99   0,00    0,000    1,373   0,000   1,373

 2,00   0,00    1,386    1,372   0,038   1,022   0,144   0,004   0,129   0,009   0,000   0,039   0,000 1967225000
 2,00   5,21  651,735
 2,00   0,00    0,000    0,000
 2,00   0,00    0,000  625,408
 2,00   0,00    0,000    1,386   0,000   1,386
 2,00   0,00    0,000    1,372   0,000   1,372

 2,01   0,00    1,385    1,371   0,038   1,023   0,144   0,004   0,129   0,009   0,000   0,038   0,000 1977061000
 2,01   5,19  651,007
 2,01   0,00    0,000    0,000
 2,01   0,00    0,000  624,655
 2,01   0,00    0,000    1,385   0,000   1,385
 2,01   0,00    0,000    1,371   0,000   1,371

 2,02   0,00    1,384    1,370   0,038   1,023   0,143   0,004   0,129   0,009   0,000   0,038   0,000 1986897000
 2,02   5,18  650,283
 2,02   0,00    0,000    0,000
 2,02   0,00    0,000  623,909
 2,02   0,00    0,000    1,384   0,000   1,384
 2,02   0,00    0,000    1,370   0,000   1,370

 2,03   0,00    1,383    1,369   0,038   1,023   0,142   0,004   0,128   0,009   0,000   0,038   0,000 1996733000
 2,03   5,16  649,563
 2,03   0,00    0,000    0,000
 2,03   0,00    0,000  623,169
 2,03   0,00    0,000    1,383   0,000   1,383
 2,03   0,00    0,000    1,369   0,000   1,369

 2,04   0,00    1,382    1,368   0,038   1,023   0,142   0,004   0,128   0,009   0,000   0,038   0,000 2006569000
 2,04   5,15  648,848
 2,04   0,00    0,000    0,000
 2,04   0,00    0,000  622,436
 2,04   0,00    0,000    1,382   0,000   1,382
 2,04   0,00    0,000    1,368   0,000   1,368

 2,05   0,00    1,381    1,367   0,038   1,023   0,141   0,004   0,128   0,009   0,000   0,037   0,000 2016405000
 2,05   5,14  648,137
 2,05   0,00    0,000    0,000
 2,05   0,00    0,000  621,709
 2,05   0,00    0,000    1,381   0,000   1,381
 2,05   0,00    0,000    1,367   0,000   1,367

 2,06   0,00    1,380    1,366   0,038   1,024   0,141   0,004   0,128   0,009   0,000   0,037   0,000 2026241000
 2,06   5,12  647,430
 2,06   0,00    0,000    0,000
 2,06   0,00    0,000  620,988
 2,06   0,00    0,000    1,380   0,000   1,380
 2,06   0,00    0,000    1,366   0,000   1,366

 2,07   0,00    1,379    1,365   0,038   1,024   0,140   0,004   0,128   0,009   0,000   0,037   0,000 2036077000
 2,07   5,11  646,727
 2,07   0,00    0,000    0,000
 2,07   0,00    0,000  620,273
 2,07   0,00    0,000    1,379   0,000   1,379
 2,07   0,00    0,000    1,365   0,000   1,365

 2,08   0,00    1,378    1,364   0,038   1,024   0,139   0,004   0,127   0,009   0,000   0,037   0,000 2045914000
 2,08   5,10  646,028
 2,08   0,00    0,000    0,000
 2,08   0,00    0,000  619,565
 2,08   0,00    0,000    1,378   0,000   1,378
 2,08   0,00    0,000    1,364   0,000   1,364

 2,09   0,00    1,377    1,363   0,037   1,024   0,139   0,004   0,127   0,009   0,000   0,036   0,000 2055750000
 2,09   5,08  645,334
 2,09   0,00    0,000    0,000
 2,09   0,00    0,000  618,863
 2,09   0,00    0,000    1,377   0,000   1,377
 2,09   0,00    0,000    1,363   0,000   1,363

 2,10   0,00    1,376    1,362   0,037   1,025   0,138   0,004   0,127   0,009   0,000   0,036   0,000 2065586000
 2,10   5,07  644,643
 2,10   0,00    0,000    0,000
 2,10   0,00    0,000  618,167
 2,10   0,00    0,000    1,376   0,000   1,376
 2,10   0,00    0,000    1,362   0,000   1,362

 2,11   0,00    1,375    1,361   0,037   1,025   0,138   0,004   0,127   0,009   0,000   0,036   0,000 2075422000
 2,11   5,06  643,957
 2,11   0,00    0,000    0,000
 2,11   0,00    0,000  617,476
 2,11   0,00    0,000    1,375   0,000   1,375
 2,11   0,00    0,000    1,361   0,000   1,361

 2,12   0,00    1,374    1,360   0,037   1,025   0,137   0,004   0,127   0,009   0,000   0,036   0,000 2085258000
 2,12   5,05  643,274
 2,12   0,00    0,000    0,000
 2,12   0,00    0,000  616,792
 2,12   0,00    0,000    1,374   0,000   1,374
 2,12   0,00    0,000    1,360   0,000   1,360

 2,13   0,00    1,373    1,359   0,037   1,025   0,136   0,004   0,126   0,009   0,000   0,036   0,000 2095094000
 2,13   5,03  642,595
 2,13   0,00    0,000    0,000
 2,13   0,00    0,000  616,114
 2,13   0,00    0,000    1,373   0,000   1,373
 2,13   0,00    0,000    1,359   0,000   1,359

 2,14   0,00    1,372    1,358   0,037   1,025   0,136   0,004   0,126   0,009   0,000   0,035   0,000 2104931000
 2,14   5,02  641,921
 2,14   0,00    0,000    0,000
 2,14   0,00    0,000  615,441
 2,14   0,00    0,000    1,372   0,000   1,372
 2,14   0,00    0,000    1,358   0,000   1,358

 2,15   0,00    1,371    1,357   0,037   1,026   0,135   0,004   0,126   0,009   0,000   0,035   0,000 2114767000
 2,15   5,01  641,249
 2,15   0,00    0,000    0,000
 2,15   0,00    0,000  614,774
 2,15   0,00    0,000    1,371   0,000   1,371
 2,15   0,00    0,000    1,357   0,000   1,357

 2,16   0,00    1,371    1,356   0,037   1,026   0,135   0,004   0,126   0,009   0,000   0,035   0,000 2124603000
 2,16   5,00  640,582
 2,16   0,00    0,000    0,000
 2,16   0,00    0,000  614,113
 2,16   0,00    0,000    1,371   0,000   1,371
 2,16   0,00    0,000    1,356   0,000   1,356

 2,17   0,00    1,370    1,355   0,037   1,026   0,134   0,004   0,126   0,009   0,000   0,035   0,000 2134439000
 2,17   4,98  639,919
 2,17   0,00    0,000    0,000
 2,17   0,00    0,000  613,458
 2,17   0,00    0,000    1,370   0,000   1,370
 2,17   0,00    0,000    1,355   0,000   1,355

 2,18   0,00    1,369    1,354   0,036   1,026   0,133   0,004   0,126   0,009   0,000   0,035   0,000 2144275000
 2,18   4,97  639,259
 2,18   0,00    0,000    0,000
 2,18   0,00    0,000  612,808
 2,18   0,00    0,000    1,369   0,000   1,369
 2,18   0,00    0,000    1,354   0,000   1,354

 2,19   0,00    1,368    1,354   0,036   1,026   0,133   0,004   0,125   0,009   0,000   0,034   0,000 2154111000
 2,19   4,96  638,603
 2,19   0,00    0,000    0,000
 2,19   0,00    0,000  612,164
 2,19   0,00    0,000    1,368   0,000   1,368
 2,19   0,00    0,000    1,354   0,000   1,354

 2,20   0,00    1,367    1,353   0,036   1,027   0,132   0,004   0,125   0,009   0,000   0,034   0,000 2163947000
 2,20   4,95  637,950
 2,20   0,00    0,000    0,000
 2,20   0,00    0,000  611,525
 2,20   0,00    0,000    1,367   0,000   1,367
 2,20   0,00    0,000    1,353   0,000   1,353

 2,21   0,00    1,366    1,352   0,036   1,027   0,132   0,004   0,125   0,009   0,000   0,034   0,000 2173783000
 2,21   4,94  637,302
 2,21   0,00    0,000    0,000
 2,21   0,00    0,000  610,892
 2,21   0,00    0,000    1,366   0,000   1,366
 2,21   0,00    0,000    1,352   0,000   1,352

 2,22   0,00    1,365    1,351   0,036   1,027   0,131   0,004   0,125   0,009   0,000   0,034   0,000 2183619000
 2,22   4,93  636,656
 2,22   0,00    0,000    0,000
 2,22   0,00    0,000  610,265
 2,22   0,00    0,000    1,365   0,000   1,365
 2,22   0,00    0,000    1,351   0,000   1,351

 2,23   0,00    1,364    1,350   0,036   1,027   0,131   0,004   0,125   0,009   0,000   0,034   0,000 2193456000
 2,23   4,92  636,014
 2,23   0,00    0,000    0,000
 2,23   0,00    0,000  609,642
 2,23   0,00    0,000    1,364   0,000   1,364
 2,23   0,00    0,000    1,350   0,000   1,350

 2,24   0,00    1,364    1,349   0,036   1,027   0,130   0,004   0,125   0,009   0,000   0,034   0,000 2203292000
 2,24   4,91  635,376
 2,24   0,00    0,000    0,000
 2,24   0,00    0,000  609,025
 2,24   0,00    0,000    1,364   0,000   1,364
 2,24   0,00    0,000    1,349   0,000   1,349

 2,25   0,00    1,363    1,348   0,036   1,028   0,129   0,004   0,124   0,009   0,000   0,033   0,000 2213128000
 2,25   4,89  634,741
 2,25   0,00    0,000    0,000
 2,25   0,00    0,000  608,413
 2,25   0,00    0,000    1,363   0,000   1,363
 2,25   0,00    0,000    1,348   0,000   1,348

 2,26   0,00    1,362    1,347   0,036   1,028   0,129   0,004   0,124   0,009   0,000   0,033   0,000 2222964000
 2,26   4,88  634,110
 2,26   0,00    0,000    0,000
 2,26   0,00    0,000  607,806
 2,26   0,00    0,000    1,362   0,000   1,362
 2,26   0,00    0,000    1,347   0,000   1,347

 2,27   0,00    1,361    1,346   0,035   1,028   0,128   0,004   0,124   0,009   0,000   0,033   0,000 2232800000
 2,27   4,87  633,482
 2,27   0,00    0,000    0,000
 2,27   0,00    0,000  607,205
 2,27   0,00    0,000    1,361   0,000   1,361
 2,27   0,00    0,000    1,346   0,000   1,346

 2,28   0,00    1,360    1,346   0,035   1,028   0,128   0,004   0,124   0,009   0,000   0,033   0,000 2242636000
 2,28   4,86  632,857
 2,28   0,00    0,000    0,000
 2,28   0,00    0,000  606,609
 2,28   0,00    0,000    1,360   0,000   1,360
 2,28   0,00    0,000    1,346   0,000   1,346

 2,29   0,00    1,359    1,345   0,035   1,028   0,127   0,004   0,124   0,008   0,000   0,033   0,000 2252472000
 2,29   4,85  632,235
 2,29   0,00    0,000    0,000
 2,29   0,00    0,000  606,017
 2,29   0,00    0,000    1,359   0,000   1,359
 2,29   0,00    0,000    1,345   0,000   1,345

 2,30   0,00    1,359    1,344   0,035   1,029   0,127   0,004   0,124   0,008   0,000   0,032   0,000 2262308000
 2,30   4,84  631,617
 2,30   0,00    0,000    0,000
 2,30   0,00    0,000  605,431
 2,30   0,00    0,000    1,359   0,000   1,359
 2,30   0,00    0,000    1,344   0,000   1,344

 2,31   0,00    1,358    1,343   0,035   1,029   0,126   0,004   0,123   0,008   0,000   0,032   0,000 2272144000
 2,31   4,83  631,002
 2,31   0,00    0,000    0,000
 2,31   0,00    0,000  604,850
 2,31   0,00    0,000    1,358   0,000   1,358
 2,31   0,00    0,000    1,343   0,000   1,343

 2,32   0,00    1,357    1,342   0,035   1,029   0,126   0,004   0,123   0,008   0,000   0,032   0,000 2281981000
 2,32   4,82  630,391
 2,32   0,00    0,000    0,000
 2,32   0,00    0,000  604,274
 2,32   0,00    0,000    1,357   0,000   1,357
 2,32   0,00    0,000    1,342   0,000   1,342

 2,33   0,00    1,356    1,341   0,035   1,029   0,125   0,004   0,123   0,008   0,000   0,032   0,000 2291817000
 2,33   4,81  629,782
 2,33   0,00    0,000    0,000
 2,33   0,00    0,000  603,702
 2,33   0,00    0,000    1,356   0,000   1,356
 2,33   0,00    0,000    1,341   0,000   1,341

 2,34   0,00    1,355    1,341   0,035   1,029   0,125   0,004   0,123   0,008   0,000   0,032   0,000 2301653000
 2,34   4,80  629,177
 2,34   0,00    0,000    0,000
 2,34   0,00    0,000  603,136
 2,34   0,00    0,000    1,355   0,000   1,355
 2,34   0,00    0,000    1,341   0,000   1,341

 2,35   0,00    1,355    1,340   0,035   1,030   0,124   0,004   0,123   0,008   0,000   0,032   0,000 2311489000
 2,35   4,79  628,574
 2,35   0,00    0,000    0,000
 2,35   0,00    0,000  602,574
 2,35   0,00    0,000    1,355   0,000   1,355
 2,35   0,00    0,000    1,340   0,000   1,340

 2,36   0,00    1,354    1,339   0,035   1,030   0,124   0,004   0,123   0,008   0,000   0,031   0,000 2321325000
 2,36   4,78  627,975
 2,36   0,00    0,000    0,000
 2,36   0,00    0,000  602,017
 2,36   0,00    0,000    1,354   0,000   1,354
 2,36   0,00    0,000    1,339   0,000   1,339

 2,37   0,00    1,353    1,338   0,034   1,030   0,123   0,003   0,123   0,008   0,000   0,031   0,000 2331161000
 2,37   4,77  627,379
 2,37   0,00    0,000    0,000
 2,37   0,00    0,000  601,465
 2,37   0,00    0,000    1,353   0,000   1,353
 2,37   0,00    0,000    1,338   0,000   1,338

 2,38   0,00    1,352    1,337   0,034   1,030   0,122   0,003   0,122   0,008   0,000   0,031   0,000 2340997000
 2,38   4,76  626,786
 2,38   0,00    0,000    0,000
 2,38   0,00    0,000  600,917
 2,38   0,00    0,000    1,352   0,000   1,352
 2,38   0,00    0,000    1,337   0,000   1,337

 2,39   0,00    1,352    1,336   0,034   1,030   0,122   0,003   0,122   0,008   0,000   0,031   0,000 2350834000
 2,39   4,75  626,195
 2,39   0,00    0,000    0,000
 2,39   0,00    0,000  600,374
 2,39   0,00    0,000    1,352   0,000   1,352
 2,39   0,00    0,000    1,336   0,000   1,336

 2,40   0,00    1,351    1,336   0,034   1,030   0,121   0,003   0,122   0,008   0,000   0,031   0,000 2360670000
 2,40   4,74  625,608
 2,40   0,00    0,000    0,000
 2,40   0,00    0,000  599,836
 2,40   0,00    0,000    1,351   0,000   1,351
 2,40   0,00    0,000    1,336   0,000   1,336

 2,41   0,00    1,350    1,335   0,034   1,031   0,121   0,003   0,122   0,008   0,000   0,031   0,000 2370506000
 2,41   4,74  625,024
 2,41   0,00    0,000    0,000
 2,41   0,00    0,000  599,302
 2,41   0,00    0,000    1,350   0,000   1,350
 2,41   0,00    0,000    1,335   0,000   1,335

 2,42   0,00    1,349    1,334   0,034   1,031   0,120   0,003   0,122   0,008   0,000   0,031   0,000 2380342000
 2,42   4,73  624,442
 2,42   0,00    0,000    0,000
 2,42   0,00    0,000  598,772
 2,42   0,00    0,000    1,349   0,000   1,349
 2,42   0,00    0,000    1,334   0,000   1,334

 2,43   0,00    1,349    1,333   0,034   1,031   0,120   0,003   0,122   0,008   0,000   0,030   0,000 2390178000
 2,43   4,72  623,864
 2,43   0,00    0,000    0,000
 2,43   0,00    0,000  598,248
 2,43   0,00    0,000    1,349   0,000   1,349
 2,43   0,00    0,000    1,333   0,000   1,333

 2,44   0,00    1,348    1,333   0,034   1,031   0,119   0,003   0,122   0,008   0,000   0,030   0,000 2400014000
 2,44   4,71  623,288
 2,44   0,00    0,000    0,000
 2,44   0,00    0,000  597,727
 2,44   0,00    0,000    1,348   0,000   1,348
 2,44   0,00    0,000    1,333   0,000   1,333

 2,45   0,00    1,347    1,332   0,034   1,031   0,119   0,003   0,122   0,008   0,000   0,030   0,000 2409850000
 2,45   4,70  622,715
 2,45   0,00    0,000    0,000
 2,45   0,00    0,000  597,211
 2,45   0,00    0,000    1,347   0,000   1,347
 2,45   0,00    0,000    1,332   0,000   1,332

 2,46   0,00    1,346    1,331   0,034   1,032   0,118   0,003   0,121   0,008   0,000   0,030   0,000 2419686000
 2,46   4,69  622,145
 2,46   0,00    0,000    0,000
 2,46   0,00    0,000  596,699
 2,46   0,00    0,000    1,346   0,000   1,346
 2,46   0,00    0,000    1,331   0,000   1,331

 2,47   0,00    1,346    1,330   0,033   1,032   0,118   0,003   0,121   0,008   0,000   0,030   0,000 2429522000
 2,47   4,68  621,578
 2,47   0,00    0,000    0,000
 2,47   0,00    0,000  596,192
 2,47   0,00    0,000    1,346   0,000   1,346
 2,47   0,00    0,000    1,330   0,000   1,330

 2,48   0,00    1,345    1,330   0,033   1,032   0,117   0,003   0,121   0,008   0,000   0,030   0,000 2439359000
 2,48   4,67  621,013
 2,48   0,00    0,000    0,000
 2,48   0,00    0,000  595,689
 2,48   0,00    0,000    1,345   0,000   1,345
 2,48   0,00    0,000    1,330   0,000   1,330

 2,49   0,00    1,344    1,329   0,033   1,032   0,117   0,003   0,121   0,008   0,000   0,030   0,000 2449195000
 2,49   4,67  620,451
 2,49   0,00    0,000    0,000
 2,49   0,00    0,000  595,190
 2,49   0,00    0,000    1,344   0,000   1,344
 2,49   0,00    0,000    1,329   0,000   1,329

 2,50   0,00    1,343    1,329   0,033   1,032   0,116   0,003   0,121   0,008   0,000   0,029   0,000 2459031000
 2,50   4,66  619,892
 2,50   0,00    0,000    0,000
 2,50   0,00    0,000  594,695
 2,50   0,00    0,000    1,343   0,000   1,343
 2,50   0,00    0,000    1,329   0,000   1,329

 2,51   0,00    1,343    1,328   0,033   1,032   0,116   0,003   0,121   0,008   0,000   0,029   0,000 2468867000
 2,51   4,65  619,335
 2,51   0,00    0,000    0,000
 2,51   0,00    0,000  594,205
 2,51   0,00    0,000    1,343   0,000   1,343
 2,51   0,00    0,000    1,328   0,000   1,328

 2,52   0,00    1,342    1,327   0,033   1,033   0,115   0,003   0,121   0,008   0,000   0,029   0,000 2478703000
 2,52   4,64  618,781
 2,52   0,00    0,000    0,000
 2,52   0,00    0,000  593,718
 2,52   0,00    0,000    1,342   0,000   1,342
 2,52   0,00    0,000    1,327   0,000   1,327

 2,53   0,00    1,341    1,327   0,033   1,033   0,115   0,003   0,120   0,008   0,000   0,029   0,000 2488539000
 2,53   4,63  618,230
 2,53   0,00    0,000    0,000
 2,53   0,00    0,000  593,236
 2,53   0,00    0,000    1,341   0,000   1,341
 2,53   0,00    0,000    1,327   0,000   1,327

 2,54   0,00    1,341    1,326   0,033   1,033   0,114   0,003   0,120   0,008   0,000   0,029   0,000 2498375000
 2,54   4,62  617,681
 2,54   0,00    0,000    0,000
 2,54   0,00    0,000  592,757
 2,54   0,00    0,000    1,341   0,000   1,341
 2,54   0,00    0,000    1,326   0,000   1,326

 2,55   0,00    1,340    1,325   0,033   1,033   0,114   0,003   0,120   0,008   0,000   0,029   0,000 2508211000
 2,55   4,62  617,135
 2,55   0,00    0,000    0,000
 2,55   0,00    0,000  592,283
 2,55   0,00    0,000    1,340   0,000   1,340
 2,55   0,00    0,000    1,325   0,000   1,325

 2,56   0,00    1,339    1,325   0,033   1,033   0,113   0,003   0,120   0,008   0,000   0,029   0,000 2518047000
 2,56   4,61  616,591
 2,56   0,00    0,000    0,000
 2,56   0,00    0,000  591,813
 2,56   0,00    0,000    1,339   0,000   1,339
 2,56   0,00    0,000    1,325   0,000   1,325

 2,57   0,00    1,339    1,324   0,032   1,033   0,113   0,003   0,120   0,008   0,000   0,028   0,000 2527884000
 2,57   4,60  616,050
 2,57   0,00    0,000    0,000
 2,57   0,00    0,000  591,346
 2,57   0,00    0,000    1,339   0,000   1,339
 2,57   0,00    0,000    1,324   0,000   1,324

 2,58   0,00    1,338    1,324   0,032   1,034   0,113   0,003   0,120   0,008   0,000   0,028   0,000 2537720000
 2,58   4,59  615,511
 2,58   0,00    0,000    0,000
 2,58   0,00    0,000  590,884
 2,58   0,00    0,000    1,338   0,000   1,338
 2,58   0,00    0,000    1,324   0,000   1,324

 2,59   0,00    1,337    1,323   0,032   1,034   0,112   0,003   0,120   0,008   0,000   0,028   0,000 2547556000
 2,59   4,58  614,974
 2,59   0,00    0,000    0,000
 2,59   0,00    0,000  590,425
 2,59   0,00    0,000    1,337   0,000   1,337
 2,59   0,00    0,000    1,323   0,000   1,323

 2,60   0,00    1,337    1,322   0,032   1,034   0,112   0,003   0,120   0,008   0,000   0,028   0,000 2557392000
 2,60   4,58  614,441
 2,60   0,00    0,000    0,000
 2,60   0,00    0,000  589,971
 2,60   0,00    0,000    1,337   0,000   1,337
 2,60   0,00    0,000    1,322   0,000   1,322

 2,61   0,00    1,336    1,322   0,032   1,034   0,111   0,003   0,120   0,008   0,000   0,028   0,000 2567228000
 2,61   4,57  613,909
 2,61   0,00    0,000    0,000
 2,61   0,00    0,000  589,520
 2,61   0,00    0,000    1,336   0,000   1,336
 2,61   0,00    0,000    1,322   0,000   1,322

 2,62   0,00    1,335    1,321   0,032   1,034   0,111   0,003   0,119   0,008   0,000   0,028   0,000 2577064000
 2,62   4,56  613,380
 2,62   0,00    0,000    0,000
 2,62   0,00    0,000  589,072
 2,62   0,00    0,000    1,335   0,000   1,335
 2,62   0,00    0,000    1,321   0,000   1,321

 2,63   0,00    1,335    1,321   0,032   1,034   0,110   0,003   0,119   0,008   0,000   0,028   0,000 2586900000
 2,63   4,55  612,853
 2,63   0,00    0,000    0,000
 2,63   0,00    0,000  588,629
 2,63   0,00    0,000    1,335   0,000   1,335
 2,63   0,00    0,000    1,321   0,000   1,321

 2,64   0,00    1,334    1,320   0,032   1,035   0,110   0,003   0,119   0,008   0,000   0,028   0,000 2596737000
 2,64   4,55  612,329
 2,64   0,00    0,000    0,000
 2,64   0,00    0,000  588,189
 2,64   0,00    0,000    1,334   0,000   1,334
 2,64   0,00    0,000    1,320   0,000   1,320

 2,65   0,00    1,333    1,319   0,032   1,035   0,109   0,003   0,119   0,008   0,000   0,028   0,000 2606573000
 2,65   4,54  611,807
 2,65   0,00    0,000    0,000
 2,65   0,00    0,000  587,753
 2,65   0,00    0,000    1,333   0,000   1,333
 2,65   0,00    0,000    1,319   0,000   1,319

 2,66   0,00    1,333    1,319   0,032   1,035   0,109   0,003   0,119   0,008   0,000   0,027   0,000 2616409000
 2,66   4,53  611,287
 2,66   0,00    0,000    0,000
 2,66   0,00    0,000  587,321
 2,66   0,00    0,000    1,333   0,000   1,333
 2,66   0,00    0,000    1,319   0,000   1,319

 2,67   0,00    1,332    1,318   0,032   1,035   0,108   0,003   0,119   0,008   0,000   0,027   0,000 2626245000
 2,67   4,52  610,769
 2,67   0,00    0,000    0,000
 2,67   0,00    0,000  586,892
 2,67   0,00    0,000    1,332   0,000   1,332
 2,67   0,00    0,000    1,318   0,000   1,318

 2,68   0,00    1,331    1,318   0,031   1,035   0,108   0,003   0,119   0,008   0,000   0,027   0,000 2636081000
 2,68   4,52  610,254
 2,68   0,00    0,000    0,000
 2,68   0,00    0,000  586,467
 2,68   0,00    0,000    1,331   0,000   1,331
 2,68   0,00    0,000    1,318   0,000   1,318

 2,69   0,00    1,331    1,317   0,031   1,035   0,108   0,003   0,119   0,008   0,000   0,027   0,000 2645917000
 2,69   4,51  609,741
 2,69   0,00    0,000    0,000
 2,69   0,00    0,000  586,045
 2,69   0,00    0,000    1,331   0,000   1,331
 2,69   0,00    0,000    1,317   0,000   1,317

 2,70   0,00    1,330    1,317   0,031   1,036   0,107   0,003   0,119   0,007   0,000   0,027   0,000 2655753000
 2,70   4,50  609,230
 2,70   0,00    0,000    0,000
 2,70   0,00    0,000  585,627
 2,70   0,00    0,000    1,330   0,000   1,330
 2,70   0,00    0,000    1,317   0,000   1,317

 2,71   0,00    1,329    1,316   0,031   1,036   0,107   0,003   0,118   0,007   0,000   0,027   0,000 2665590000
 2,71   4,49  608,721
 2,71   0,00    0,000    0,000
 2,71   0,00    0,000  585,212
 2,71   0,00    0,000    1,329   0,000   1,329
 2,71   0,00    0,000    1,316   0,000   1,316

 2,72   0,00    1,329    1,315   0,031   1,036   0,106   0,003   0,118   0,007   0,000   0,027   0,000 2675426000
 2,72   4,49  608,215
 2,72   0,00    0,000    0,000
 2,72   0,00    0,000  584,801
 2,72   0,00    0,000    1,329   0,000   1,329
 2,72   0,00    0,000    1,315   0,000   1,315

 2,73   0,00    1,328    1,315   0,031   1,036   0,106   0,003   0,118   0,007   0,000   0,027   0,000 2685262000
 2,73   4,48  607,710
 2,73   0,00    0,000    0,000
 2,73   0,00    0,000  584,393
 2,73   0,00    0,000    1,328   0,000   1,328
 2,73   0,00    0,000    1,315   0,000   1,315

 2,74   0,00    1,328    1,314   0,031   1,036   0,105   0,003   0,118   0,007   0,000   0,026   0,000 2695098000
 2,74   4,47  607,208
 2,74   0,00    0,000    0,000
 2,74   0,00    0,000  583,989
 2,74   0,00    0,000    1,328   0,000   1,328
 2,74   0,00    0,000    1,314   0,000   1,314

 2,75   0,00    1,327    1,314   0,031   1,036   0,105   0,003   0,118   0,007   0,000   0,026   0,000 2704934000
 2,75   4,47  606,708
 2,75   0,00    0,000    0,000
 2,75   0,00    0,000  583,588
 2,75   0,00    0,000    1,327   0,000   1,327
 2,75   0,00    0,000    1,314   0,000   1,314

 2,76   0,00    1,326    1,313   0,031   1,037   0,104   0,003   0,118   0,007   0,000   0,026   0,000 2714770000
 2,76   4,46  606,210
 2,76   0,00    0,000    0,000
 2,76   0,00    0,000  583,190
 2,76   0,00    0,000    1,326   0,000   1,326
 2,76   0,00    0,000    1,313   0,000   1,313

 2,77   0,00    1,326    1,313   0,031   1,037   0,104   0,003   0,118   0,007   0,000   0,026   0,000 2724606000
 2,77   4,45  605,714
 2,77   0,00    0,000    0,000
 2,77   0,00    0,000  582,796
 2,77   0,00    0,000    1,326   0,000   1,326
 2,77   0,00    0,000    1,313   0,000   1,313

 2,78   0,00    1,325    1,312   0,031   1,037   0,104   0,003   0,118   0,007   0,000   0,026   0,000 2734442000
 2,78   4,45  605,220
 2,78   0,00    0,000    0,000
 2,78   0,00    0,000  582,405
 2,78   0,00    0,000    1,325   0,000   1,325
 2,78   0,00    0,000    1,312   0,000   1,312

 2,79   0,00    1,325    1,312   0,030   1,037   0,103   0,003   0,118   0,007   0,000   0,026   0,000 2744279000
 2,79   4,44  604,728
 2,79   0,00    0,000    0,000
 2,79   0,00    0,000  582,017
 2,79   0,00    0,000    1,325   0,000   1,325
 2,79   0,00    0,000    1,312   0,000   1,312

 2,80   0,00    1,324    1,311   0,030   1,037   0,103   0,003   0,117   0,007   0,000   0,026   0,000 2754115000
 2,80   4,43  604,238
 2,80   0,00    0,000    0,000
 2,80   0,00    0,000  581,633
 2,80   0,00    0,000    1,324   0,000   1,324
 2,80   0,00    0,000    1,311   0,000   1,311

 2,81   0,00    1,323    1,311   0,030   1,037   0,102   0,003   0,117   0,007   0,000   0,026   0,000 2763951000
 2,81   4,43  603,750
 2,81   0,00    0,000    0,000
 2,81   0,00    0,000  581,252
 2,81   0,00    0,000    1,323   0,000   1,323
 2,81   0,00    0,000    1,311   0,000   1,311

 2,82   0,00    1,323    1,310   0,030   1,037   0,102   0,003   0,117   0,007   0,000   0,026   0,000 2773787000
 2,82   4,42  603,264
 2,82   0,00    0,000    0,000
 2,82   0,00    0,000  580,874
 2,82   0,00    0,000    1,323   0,000   1,323
 2,82   0,00    0,000    1,310   0,000   1,310

 2,83   0,00    1,322    1,310   0,030   1,038   0,102   0,003   0,117   0,007   0,000   0,026   0,000 2783623000
 2,83   4,41  602,780
 2,83   0,00    0,000    0,000
 2,83   0,00    0,000  580,499
 2,83   0,00    0,000    1,322   0,000   1,322
 2,83   0,00    0,000    1,310   0,000   1,310

 2,84   0,00    1,322    1,309   0,030   1,038   0,101   0,003   0,117   0,007   0,000   0,025   0,000 2793459000
 2,84   4,41  602,298
 2,84   0,00    0,000    0,000
 2,84   0,00    0,000  580,127
 2,84   0,00    0,000    1,322   0,000   1,322
 2,84   0,00    0,000    1,309   0,000   1,309

 2,85   0,00    1,321    1,309   0,030   1,038   0,101   0,003   0,117   0,007   0,000   0,025   0,000 2803295000
 2,85   4,40  601,818
 2,85   0,00    0,000    0,000
 2,85   0,00    0,000  579,758
 2,85   0,00    0,000    1,321   0,000   1,321
 2,85   0,00    0,000    1,309   0,000   1,309

 2,86   0,00    1,320    1,308   0,030   1,038   0,100   0,003   0,117   0,007   0,000   0,025   0,000 2813131000
 2,86   4,39  601,340
 2,86   0,00    0,000    0,000
 2,86   0,00    0,000  579,393
 2,86   0,00    0,000    1,320   0,000   1,320
 2,86   0,00    0,000    1,308   0,000   1,308

 2,87   0,00    1,320    1,308   0,030   1,038   0,100   0,003   0,117   0,007   0,000   0,025   0,000 2822967000
 2,87   4,39  600,864
 2,87   0,00    0,000    0,000
 2,87   0,00    0,000  579,030
 2,87   0,00    0,000    1,320   0,000   1,320
 2,87   0,00    0,000    1,308   0,000   1,308

 2,88   0,00    1,319    1,307   0,030   1,038   0,100   0,003   0,117   0,007   0,000   0,025   0,000 2832804000
 2,88   4,38  600,390
 2,88   0,00    0,000    0,000
 2,88   0,00    0,000  578,671
 2,88   0,00    0,000    1,319   0,000   1,319
 2,88   0,00    0,000    1,307   0,000   1,307

 2,89   0,00    1,319    1,307   0,030   1,038   0,099   0,003   0,117   0,007   0,000   0,025   0,000 2842640000
 2,89   4,38  599,917
 2,89   0,00    0,000    0,000
 2,89   0,00    0,000  578,314
 2,89   0,00    0,000    1,319   0,000   1,319
 2,89   0,00    0,000    1,307   0,000   1,307

 2,90   0,00    1,318    1,306   0,030   1,039   0,099   0,003   0,116   0,007   0,000   0,025   0,000 2852476000
 2,90   4,37  599,446
 2,90   0,00    0,000    0,000
 2,90   0,00    0,000  577,961
 2,90   0,00    0,000    1,318   0,000   1,318
 2,90   0,00    0,000    1,306   0,000   1,306

 2,91   0,00    1,318    1,306   0,029   1,039   0,098   0,003   0,116   0,007   0,000   0,025   0,000 2862312000
 2,91   4,36  598,978
 2,91   0,00    0,000    0,000
 2,91   0,00    0,000  577,610
 2,91   0,00    0,000    1,318   0,000   1,318
 2,91   0,00    0,000    1,306   0,000   1,306

 2,92   0,00    1,317    1,305   0,029   1,039   0,098   0,003   0,116   0,007   0,000   0,025   0,000 2872148000
 2,92   4,36  598,510
 2,92   0,00    0,000    0,000
 2,92   0,00    0,000  577,263
 2,92   0,00    0,000    1,317   0,000   1,317
 2,92   0,00    0,000    1,305   0,000   1,305

 2,93   0,00    1,317    1,305   0,029   1,039   0,098   0,003   0,116   0,007   0,000   0,025   0,000 2881984000
 2,93   4,35  598,045
 2,93   0,00    0,000    0,000
 2,93   0,00    0,000  576,918
 2,93   0,00    0,000    1,317   0,000   1,317
 2,93   0,00    0,000    1,305   0,000   1,305

 2,94   0,00    1,316    1,304   0,029   1,039   0,097   0,003   0,116   0,007   0,000   0,024   0,000 2891820000
 2,94   4,35  597,582
 2,94   0,00    0,000    0,000
 2,94   0,00    0,000  576,576
 2,94   0,00    0,000    1,316   0,000   1,316
 2,94   0,00    0,000    1,304   0,000   1,304

 2,95   0,00    1,315    1,304   0,029   1,039   0,097   0,003   0,116   0,007   0,000   0,024   0,000 2901657000
 2,95   4,34  597,120
 2,95   0,00    0,000    0,000
 2,95   0,00    0,000  576,237
 2,95   0,00    0,000    1,315   0,000   1,315
 2,95   0,00    0,000    1,304   0,000   1,304

 2,96   0,00    1,315    1,303   0,029   1,039   0,096   0,003   0,116   0,007   0,000   0,024   0,000 2911493000
 2,96   4,33  596,660
 2,96   0,00    0,000    0,000
 2,96   0,00    0,000  575,901
 2,96   0,00    0,000    1,315   0,000   1,315
 2,96   0,00    0,000    1,303   0,000   1,303

 2,97   0,00    1,314    1,303   0,029   1,040   0,096   0,003   0,116   0,007   0,000   0,024   0,000 2921329000
 2,97   4,33  596,202
 2,97   0,00    0,000    0,000
 2,97   0,00    0,000  575,568
 2,97   0,00    0,000    1,314   0,000   1,314
 2,97   0,00    0,000    1,303   0,000   1,303

 2,98   0,00    1,314    1,302   0,029   1,040   0,096   0,003   0,116   0,007   0,000   0,024   0,000 2931165000
 2,98   4,32  595,746
 2,98   0,00    0,000    0,000
 2,98   0,00    0,000  575,238
 2,98   0,00    0,000    1,314   0,000   1,314
 2,98   0,00    0,000    1,302   0,000   1,302

 2,99   0,00    1,313    1,302   0,029   1,040   0,095   0,003   0,116   0,007   0,000   0,024   0,000 2941001000
 2,99   4,32  595,291
 2,99   0,00    0,000    0,000
 2,99   0,00    0,000  574,910
 2,99   0,00    0,000    1,313   0,000   1,313
 2,99   0,00    0,000    1,302   0,000   1,302

 3,00   0,00    1,313    1,301   0,029   1,040   0,095   0,003   0,116   0,007   0,000   0,024   0,000 2950837000
 3,00   4,31  594,838
 3,00   0,00    0,000    0,000
 3,00   0,00    0,000  574,585
 3,00   0,00    0,000    1,313   0,000   1,313
 3,00   0,00    0,000    1,301   0,000   1,301

 3,01   0,00    1,312    1,301   0,029   1,040   0,095   0,003   0,115   0,007   0,000   0,024   0,000 2960673000
 3,01   4,31  594,386
 3,01   0,00    0,000    0,000
 3,01   0,00    0,000  574,263
 3,01   0,00    0,000    1,312   0,000   1,312
 3,01   0,00    0,000    1,301   0,000   1,301

 3,02   0,00    1,312    1,300   0,029   1,040   0,094   0,003   0,115   0,007   0,000   0,024   0,000 2970509000
 3,02   4,30  593,936
 3,02   0,00    0,000    0,000
 3,02   0,00    0,000  573,943
 3,02   0,00    0,000    1,312   0,000   1,312
 3,02   0,00    0,000    1,300   0,000   1,300

 3,03   0,00    1,311    1,300   0,028   1,040   0,094   0,003   0,115   0,007   0,000   0,024   0,000 2980345000
 3,03   4,29  593,489
 3,03   0,00    0,000    0,000
 3,03   0,00    0,000  573,627
 3,03   0,00    0,000    1,311   0,000   1,311
 3,03   0,00    0,000    1,300   0,000   1,300

 3,04   0,00    1,311    1,299   0,028   1,041   0,093   0,003   0,115   0,007   0,000   0,024   0,000 2990181000
 3,04   4,29  593,042
 3,04   0,00    0,000    0,000
 3,04   0,00    0,000  573,312
 3,04   0,00    0,000    1,311   0,000   1,311
 3,04   0,00    0,000    1,299   0,000   1,299

 3,05   0,00    1,310    1,299   0,028   1,041   0,093   0,003   0,115   0,007   0,000   0,023   0,000 3000018000
 3,05   4,28  592,597
 3,05   0,00    0,000    0,000
 3,05   0,00    0,000  573,001
 3,05   0,00    0,000    1,310   0,000   1,310
 3,05   0,00    0,000    1,299   0,000   1,299

 3,06   0,00    1,310    1,299   0,028   1,041   0,093   0,003   0,115   0,007   0,000   0,023   0,000 3009854000
 3,06   4,28  592,154
 3,06   0,00    0,000    0,000
 3,06   0,00    0,000  572,692
 3,06   0,00    0,000    1,310   0,000   1,310
 3,06   0,00    0,000    1,299   0,000   1,299

 3,07   0,00    1,309    1,298   0,028   1,041   0,092   0,003   0,115   0,007   0,000   0,023   0,000 3019690000
 3,07   4,27  591,712
 3,07   0,00    0,000    0,000
 3,07   0,00    0,000  572,386
 3,07   0,00    0,000    1,309   0,000   1,309
 3,07   0,00    0,000    1,298   0,000   1,298

 3,08   0,00    1,309    1,298   0,028   1,041   0,092   0,003   0,115   0,007   0,000   0,023   0,000 3029526000
 3,08   4,27  591,272
 3,08   0,00    0,000    0,000
 3,08   0,00    0,000  572,082
 3,08   0,00    0,000    1,309   0,000   1,309
 3,08   0,00    0,000    1,298   0,000   1,298

 3,09   0,00    1,308    1,297   0,028   1,041   0,092   0,003   0,115   0,007   0,000   0,023   0,000 3039362000
 3,09   4,26  590,834
 3,09   0,00    0,000    0,000
 3,09   0,00    0,000  571,781
 3,09   0,00    0,000    1,308   0,000   1,308
 3,09   0,00    0,000    1,297   0,000   1,297

 3,10   0,00    1,308    1,297   0,028   1,041   0,091   0,003   0,115   0,007   0,000   0,023   0,000 3049198000
 3,10   4,26  590,397
 3,10   0,00    0,000    0,000
 3,10   0,00    0,000  571,483
 3,10   0,00    0,000    1,308   0,000   1,308
 3,10   0,00    0,000    1,297   0,000   1,297

 3,11   0,00    1,307    1,296   0,028   1,041   0,091   0,003   0,115   0,007   0,000   0,023   0,000 3059034000
 3,11   4,25  589,962
 3,11   0,00    0,000    0,000
 3,11   0,00    0,000  571,187
 3,11   0,00    0,000    1,307   0,000   1,307
 3,11   0,00    0,000    1,296   0,000   1,296

 3,12   0,00    1,307    1,296   0,028   1,042   0,091   0,003   0,114   0,007   0,000   0,023   0,000 3068870000
 3,12   4,25  589,528
 3,12   0,00    0,000    0,000
 3,12   0,00    0,000  570,893
 3,12   0,00    0,000    1,307   0,000   1,307
 3,12   0,00    0,000    1,296   0,000   1,296

 3,13   0,00    1,306    1,295   0,028   1,042   0,090   0,003   0,114   0,007   0,000   0,023   0,000 3078707000
 3,13   4,24  589,095
 3,13   0,00    0,000    0,000
 3,13   0,00    0,000  570,602
 3,13   0,00    0,000    1,306   0,000   1,306
 3,13   0,00    0,000    1,295   0,000   1,295

 3,14   0,00    1,306    1,295   0,028   1,042   0,090   0,003   0,114   0,007   0,000   0,023   0,000 3088543000
 3,14   4,23  588,665
 3,14   0,00    0,000    0,000
 3,14   0,00    0,000  570,314
 3,14   0,00    0,000    1,306   0,000   1,306
 3,14   0,00    0,000    1,295   0,000   1,295

 3,15   0,00    1,305    1,294   0,028   1,042   0,090   0,003   0,114   0,007   0,000   0,023   0,000 3098379000
 3,15   4,23  588,235
 3,15   0,00    0,000    0,000
 3,15   0,00    0,000  570,028
 3,15   0,00    0,000    1,305   0,000   1,305
 3,15   0,00    0,000    1,294   0,000   1,294

 3,16   0,00    1,305    1,294   0,027   1,042   0,089   0,003   0,114   0,007   0,000   0,023   0,000 3108215000
 3,16   4,22  587,807
 3,16   0,00    0,000    0,000
 3,16   0,00    0,000  569,744
 3,16   0,00    0,000    1,305   0,000   1,305
 3,16   0,00    0,000    1,294   0,000   1,294

 3,17   0,00    1,304    1,294   0,027   1,042   0,089   0,003   0,114   0,007   0,000   0,023   0,000 3118051000
 3,17   4,22  587,381
 3,17   0,00    0,000    0,000
 3,17   0,00    0,000  569,463
 3,17   0,00    0,000    1,304   0,000   1,304
 3,17   0,00    0,000    1,294   0,000   1,294

 3,18   0,00    1,304    1,293   0,027   1,042   0,089   0,003   0,114   0,007   0,000   0,022   0,000 3127887000
 3,18   4,21  586,956
 3,18   0,00    0,000    0,000
 3,18   0,00    0,000  569,184
 3,18   0,00    0,000    1,304   0,000   1,304
 3,18   0,00    0,000    1,293   0,000   1,293

 3,19   0,00    1,303    1,293   0,027   1,043   0,088   0,003   0,114   0,007   0,000   0,022   0,000 3137723000
 3,19   4,21  586,533
 3,19   0,00    0,000    0,000
 3,19   0,00    0,000  568,908
 3,19   0,00    0,000    1,303   0,000   1,303
 3,19   0,00    0,000    1,293   0,000   1,293

 3,20   0,00    1,303    1,292   0,027   1,043   0,088   0,003   0,114   0,006   0,000   0,022   0,000 3147560000
 3,20   4,20  586,110
 3,20   0,00    0,000    0,000
 3,20   0,00    0,000  568,634
 3,20   0,00    0,000    1,303   0,000   1,303
 3,20   0,00    0,000    1,292   0,000   1,292

 3,21   0,00    1,302    1,292   0,027   1,043   0,088   0,003   0,114   0,006   0,000   0,022   0,000 3157396000
 3,21   4,20  585,690
 3,21   0,00    0,000    0,000
 3,21   0,00    0,000  568,362
 3,21   0,00    0,000    1,302   0,000   1,302
 3,21   0,00    0,000    1,292   0,000   1,292

 3,22   0,00    1,302    1,291   0,027   1,043   0,087   0,003   0,114   0,006   0,000   0,022   0,000 3167232000
 3,22   4,19  585,271
 3,22   0,00    0,000    0,000
 3,22   0,00    0,000  568,092
 3,22   0,00    0,000    1,302   0,000   1,302
 3,22   0,00    0,000    1,291   0,000   1,291

 3,23   0,00    1,301    1,291   0,027   1,043   0,087   0,003   0,114   0,006   0,000   0,022   0,000 3177068000
 3,23   4,19  584,853
 3,23   0,00    0,000    0,000
 3,23   0,00    0,000  567,825
 3,23   0,00    0,000    1,301   0,000   1,301
 3,23   0,00    0,000    1,291   0,000   1,291

 3,24   0,00    1,301    1,291   0,027   1,043   0,087   0,003   0,113   0,006   0,000   0,022   0,000 3186904000
 3,24   4,18  584,436
 3,24   0,00    0,000    0,000
 3,24   0,00    0,000  567,561
 3,24   0,00    0,000    1,301   0,000   1,301
 3,24   0,00    0,000    1,291   0,000   1,291

 3,25   0,00    1,301    1,290   0,027   1,043   0,086   0,003   0,113   0,006   0,000   0,022   0,000 3196740000
 3,25   4,18  584,021
 3,25   0,00    0,000    0,000
 3,25   0,00    0,000  567,298
 3,25   0,00    0,000    1,301   0,000   1,301
 3,25   0,00    0,000    1,290   0,000   1,290

 3,26   0,00    1,300    1,290   0,027   1,043   0,086   0,003   0,113   0,006   0,000   0,022   0,000 3206576000
 3,26   4,17  583,608
 3,26   0,00    0,000    0,000
 3,26   0,00    0,000  567,038
 3,26   0,00    0,000    1,300   0,000   1,300
 3,26   0,00    0,000    1,290   0,000   1,290

 3,27   0,00    1,300    1,289   0,027   1,043   0,086   0,003   0,113   0,006   0,000   0,022   0,000 3216412000
 3,27   4,17  583,195
 3,27   0,00    0,000    0,000
 3,27   0,00    0,000  566,780
 3,27   0,00    0,000    1,300   0,000   1,300
 3,27   0,00    0,000    1,289   0,000   1,289

 3,28   0,00    1,299    1,289   0,027   1,044   0,085   0,003   0,113   0,006   0,000   0,022   0,000 3226248000
 3,28   4,17  582,784
 3,28   0,00    0,000    0,000
 3,28   0,00    0,000  566,524
 3,28   0,00    0,000    1,299   0,000   1,299
 3,28   0,00    0,000    1,289   0,000   1,289

 3,29   0,00    1,299    1,288   0,026   1,044   0,085   0,003   0,113   0,006   0,000   0,022   0,000 3236084000
 3,29   4,16  582,375
 3,29   0,00    0,000    0,000
 3,29   0,00    0,000  566,270
 3,29   0,00    0,000    1,299   0,000   1,299
 3,29   0,00    0,000    1,288   0,000   1,288

 3,30   0,00    1,298    1,288   0,026   1,044   0,085   0,003   0,113   0,006   0,000   0,022   0,000 3245921000
 3,30   4,16  581,966
 3,30   0,00    0,000    0,000
 3,30   0,00    0,000  566,019
 3,30   0,00    0,000    1,298   0,000   1,298
 3,30   0,00    0,000    1,288   0,000   1,288

 3,31   0,00    1,298    1,288   0,026   1,044   0,084   0,003   0,113   0,006   0,000   0,021   0,000 3255757000
 3,31   4,15  581,559
 3,31   0,00    0,000    0,000
 3,31   0,00    0,000  565,770
 3,31   0,00    0,000    1,298   0,000   1,298
 3,31   0,00    0,000    1,288   0,000   1,288

 3,32   0,00    1,297    1,287   0,026   1,044   0,084   0,003   0,113   0,006   0,000   0,021   0,000 3265593000
 3,32   4,15  581,154
 3,32   0,00    0,000    0,000
 3,32   0,00    0,000  565,522
 3,32   0,00    0,000    1,297   0,000   1,297
 3,32   0,00    0,000    1,287   0,000   1,287

 3,33   0,00    1,297    1,287   0,026   1,044   0,084   0,003   0,113   0,006   0,000   0,021   0,000 3275429000
 3,33   4,14  580,749
 3,33   0,00    0,000    0,000
 3,33   0,00    0,000  565,278
 3,33   0,00    0,000    1,297   0,000   1,297
 3,33   0,00    0,000    1,287   0,000   1,287

 3,34   0,00    1,297    1,286   0,026   1,044   0,083   0,003   0,113   0,006   0,000   0,021   0,000 3285265000
 3,34   4,14  580,346
 3,34   0,00    0,000    0,000
 3,34   0,00    0,000  565,035
 3,34   0,00    0,000    1,297   0,000   1,297
 3,34   0,00    0,000    1,286   0,000   1,286

 3,35   0,00    1,296    1,286   0,026   1,044   0,083   0,003   0,113   0,006   0,000   0,021   0,000 3295101000
 3,35   4,13  579,944
 3,35   0,00    0,000    0,000
 3,35   0,00    0,000  564,794
 3,35   0,00    0,000    1,296   0,000   1,296
 3,35   0,00    0,000    1,286   0,000   1,286

 3,36   0,00    1,296    1,286   0,026   1,045   0,083   0,003   0,113   0,006   0,000   0,021   0,000 3304937000
 3,36   4,13  579,544
 3,36   0,00    0,000    0,000
 3,36   0,00    0,000  564,555
 3,36   0,00    0,000    1,296   0,000   1,296
 3,36   0,00    0,000    1,286   0,000   1,286

 3,37   0,00    1,295    1,285   0,026   1,045   0,082   0,003   0,112   0,006   0,000   0,021   0,000 3314774000
 3,37   4,12  579,144
 3,37   0,00    0,000    0,000
 3,37   0,00    0,000  564,319
 3,37   0,00    0,000    1,295   0,000   1,295
 3,37   0,00    0,000    1,285   0,000   1,285

 3,38   0,00    1,295    1,285   0,026   1,045   0,082   0,003   0,112   0,006   0,000   0,021   0,000 3324610000
 3,38   4,12  578,746
 3,38   0,00    0,000    0,000
 3,38   0,00    0,000  564,084
 3,38   0,00    0,000    1,295   0,000   1,295
 3,38   0,00    0,000    1,285   0,000   1,285

 3,39   0,00    1,294    1,285   0,026   1,045   0,082   0,003   0,112   0,006   0,000   0,021   0,000 3334446000
 3,39   4,11  578,350
 3,39   0,00    0,000    0,000
 3,39   0,00    0,000  563,852
 3,39   0,00    0,000    1,294   0,000   1,294
 3,39   0,00    0,000    1,285   0,000   1,285

 3,40   0,00    1,294    1,284   0,026   1,045   0,082   0,003   0,112   0,006   0,000   0,021   0,000 3344282000
 3,40   4,11  577,954
 3,40   0,00    0,000    0,000
 3,40   0,00    0,000  563,621
 3,40   0,00    0,000    1,294   0,000   1,294
 3,40   0,00    0,000    1,284   0,000   1,284

 3,41   0,00    1,294    1,284   0,026   1,045   0,081   0,003   0,112   0,006   0,000   0,021   0,000 3354118000
 3,41   4,11  577,560
 3,41   0,00    0,000    0,000
 3,41   0,00    0,000  563,393
 3,41   0,00    0,000    1,294   0,000   1,294
 3,41   0,00    0,000    1,284   0,000   1,284

 3,42   0,00    1,293    1,283   0,026   1,045   0,081   0,003   0,112   0,006   0,000   0,021   0,000 3363954000
 3,42   4,10  577,166
 3,42   0,00    0,000    0,000
 3,42   0,00    0,000  563,167
 3,42   0,00    0,000    1,293   0,000   1,293
 3,42   0,00    0,000    1,283   0,000   1,283

 3,43   0,00    1,293    1,283   0,025   1,045   0,081   0,003   0,112   0,006   0,000   0,021   0,000 3373790000
 3,43   4,10  576,774
 3,43   0,00    0,000    0,000
 3,43   0,00    0,000  562,942
 3,43   0,00    0,000    1,293   0,000   1,293
 3,43   0,00    0,000    1,283   0,000   1,283

 3,44   0,00    1,292    1,283   0,025   1,045   0,080   0,003   0,112   0,006   0,000   0,021   0,000 3383626000
 3,44   4,09  576,383
 3,44   0,00    0,000    0,000
 3,44   0,00    0,000  562,720
 3,44   0,00    0,000    1,292   0,000   1,292
 3,44   0,00    0,000    1,283   0,000   1,283

 3,45   0,00    1,292    1,282   0,025   1,046   0,080   0,003   0,112   0,006   0,000   0,021   0,000 3393463000
 3,45   4,09  575,994
 3,45   0,00    0,000    0,000
 3,45   0,00    0,000  562,500
 3,45   0,00    0,000    1,292   0,000   1,292
 3,45   0,00    0,000    1,282   0,000   1,282

 3,46   0,00    1,292    1,282   0,025   1,046   0,080   0,003   0,112   0,006   0,000   0,021   0,000 3403299000
 3,46   4,08  575,606
 3,46   0,00    0,000    0,000
 3,46   0,00    0,000  562,281
 3,46   0,00    0,000    1,292   0,000   1,292
 3,46   0,00    0,000    1,282   0,000   1,282

 3,47   0,00    1,291    1,282   0,025   1,046   0,080   0,003   0,112   0,006   0,000   0,020   0,000 3413135000
 3,47   4,08  575,218
 3,47   0,00    0,000    0,000
 3,47   0,00    0,000  562,064
 3,47   0,00    0,000    1,291   0,000   1,291
 3,47   0,00    0,000    1,282   0,000   1,282

 3,48   0,00    1,291    1,281   0,025   1,046   0,079   0,003   0,112   0,006   0,000   0,020   0,000 3422971000
 3,48   4,07  574,832
 3,48   0,00    0,000    0,000
 3,48   0,00    0,000  561,850
 3,48   0,00    0,000    1,291   0,000   1,291
 3,48   0,00    0,000    1,281   0,000   1,281

 3,49   0,00    1,290    1,281   0,025   1,046   0,079   0,003   0,112   0,006   0,000   0,020   0,000 3432807000
 3,49   4,07  574,447
 3,49   0,00    0,000    0,000
 3,49   0,00    0,000  561,637
 3,49   0,00    0,000    1,290   0,000   1,290
 3,49   0,00    0,000    1,281   0,000   1,281

 3,50   0,00    1,290    1,280   0,025   1,046   0,079   0,003   0,111   0,006   0,000   0,020   0,000 3442643000
 3,50   4,07  574,063
 3,50   0,00    0,000    0,000
 3,50   0,00    0,000  561,426
 3,50   0,00    0,000    1,290   0,000   1,290
 3,50   0,00    0,000    1,280   0,000   1,280

 3,51   0,00    1,290    1,280   0,025   1,046   0,078   0,003   0,111   0,006   0,000   0,020   0,000 3452479000
 3,51   4,06  573,680
 3,51   0,00    0,000    0,000
 3,51   0,00    0,000  561,217
 3,51   0,00    0,000    1,290   0,000   1,290
 3,51   0,00    0,000    1,280   0,000   1,280

 3,52   0,00    1,289    1,280   0,025   1,046   0,078   0,003   0,111   0,006   0,000   0,020   0,000 3462316000
 3,52   4,06  573,299
 3,52   0,00    0,000    0,000
 3,52   0,00    0,000  561,010
 3,52   0,00    0,000    1,289   0,000   1,289
 3,52   0,00    0,000    1,280   0,000   1,280

 3,53   0,00    1,289    1,279   0,025   1,046   0,078   0,002   0,111   0,006   0,000   0,020   0,000 3472152000
 3,53   4,05  572,918
 3,53   0,00    0,000    0,000
 3,53   0,00    0,000  560,805
 3,53   0,00    0,000    1,289   0,000   1,289
 3,53   0,00    0,000    1,279   0,000   1,279

 3,54   0,00    1,288    1,279   0,025   1,047   0,078   0,002   0,111   0,006   0,000   0,020   0,000 3481988000
 3,54   4,05  572,539
 3,54   0,00    0,000    0,000
 3,54   0,00    0,000  560,601
 3,54   0,00    0,000    1,288   0,000   1,288
 3,54   0,00    0,000    1,279   0,000   1,279

 3,55   0,00    1,288    1,279   0,025   1,047   0,077   0,002   0,111   0,006   0,000   0,020   0,000 3491824000
 3,55   4,05  572,161
 3,55   0,00    0,000    0,000
 3,55   0,00    0,000  560,400
 3,55   0,00    0,000    1,288   0,000   1,288
 3,55   0,00    0,000    1,279   0,000   1,279

 3,56   0,00    1,288    1,278   0,025   1,047   0,077   0,002   0,111   0,006   0,000   0,020   0,000 3501660000
 3,56   4,04  571,784
 3,56   0,00    0,000    0,000
 3,56   0,00    0,000  560,200
 3,56   0,00    0,000    1,288   0,000   1,288
 3,56   0,00    0,000    1,278   0,000   1,278

 3,57   0,00    1,287    1,278   0,025   1,047   0,077   0,002   0,111   0,006   0,000   0,020   0,000 3511496000
 3,57   4,04  571,407
 3,57   0,00    0,000    0,000
 3,57   0,00    0,000  560,002
 3,57   0,00    0,000    1,287   0,000   1,287
 3,57   0,00    0,000    1,278   0,000   1,278

 3,58   0,00    1,287    1,278   0,024   1,047   0,076   0,002   0,111   0,006   0,000   0,020   0,000 3521332000
 3,58   4,03  571,032
 3,58   0,00    0,000    0,000
 3,58   0,00    0,000  559,805
 3,58   0,00    0,000    1,287   0,000   1,287
 3,58   0,00    0,000    1,278   0,000   1,278

 3,59   0,00    1,287    1,277   0,024   1,047   0,076   0,002   0,111   0,006   0,000   0,020   0,000 3531168000
 3,59   4,03  570,774
 3,59   0,00    0,000    0,000
 3,59   0,00    0,000  559,611
 3,59   0,00    0,000    1,287   0,000   1,287
 3,59   0,00    0,000    1,277   0,000   1,277

 3,60   0,00    1,286    1,277   0,024   1,047   0,076   0,002   0,111   0,006   0,000   0,020   0,000 3541004000
 3,60   4,03  570,593
 3,60   0,00    0,000    0,000
 3,60   0,00    0,000  559,418
 3,60   0,00    0,000    1,286   0,000   1,286
 3,60   0,00    0,000    1,277   0,000   1,277

 3,61   0,00    1,286    1,277   0,024   1,047   0,076   0,002   0,111   0,006   0,000   0,020   0,000 3550841000
 3,61   4,03  570,413
 3,61   0,00    0,000    0,000
 3,61   0,00    0,000  559,227
 3,61   0,00    0,000    1,286   0,000   1,286
 3,61   0,00    0,000    1,277   0,000   1,277

 3,62   0,00    1,285    1,276   0,024   1,047   0,075   0,002   0,111   0,006   0,000   0,020   0,000 3560677000
 3,62   4,03  570,234
 3,62   0,00    0,000    0,000
 3,62   0,00    0,000  559,038
 3,62   0,00    0,000    1,285   0,000   1,285
 3,62   0,00    0,000    1,276   0,000   1,276

 3,63   0,00    1,285    1,276   0,024   1,047   0,075   0,002   0,111   0,006   0,000   0,020   0,000 3570513000
 3,63   4,02  570,057
 3,63   0,00    0,000    0,000
 3,63   0,00    0,000  558,851
 3,63   0,00    0,000    1,285   0,000   1,285
 3,63   0,00    0,000    1,276   0,000   1,276

 3,64   0,00    1,285    1,276   0,024   1,048   0,075   0,002   0,111   0,006   0,000   0,019   0,000 3580349000
 3,64   4,02  569,882
 3,64   0,00    0,000    0,000
 3,64   0,00    0,000  558,665
 3,64   0,00    0,000    1,285   0,000   1,285
 3,64   0,00    0,000    1,276   0,000   1,276

 3,65   0,00    1,284    1,275   0,024   1,048   0,075   0,002   0,110   0,006   0,000   0,019   0,000 3590185000
 3,65   4,02  569,708
 3,65   0,00    0,000    0,000
 3,65   0,00    0,000  558,481
 3,65   0,00    0,000    1,284   0,000   1,284
 3,65   0,00    0,000    1,275   0,000   1,275

 3,66   0,00    1,284    1,275   0,024   1,048   0,074   0,002   0,110   0,006   0,000   0,019   0,000 3600021000
 3,66   4,02  569,536
 3,66   0,00    0,000    0,000
 3,66   0,00    0,000  558,298
 3,66   0,00    0,000    1,284   0,000   1,284
 3,66   0,00    0,000    1,275   0,000   1,275

 3,67   0,00    1,284    1,275   0,024   1,048   0,074   0,002   0,110   0,006   0,000   0,019   0,000 3609857000
 3,67   4,02  569,366
 3,67   0,00    0,000    0,000
 3,67   0,00    0,000  558,118
 3,67   0,00    0,000    1,284   0,000   1,284
 3,67   0,00    0,000    1,275   0,000   1,275

 3,68   0,00    1,283    1,274   0,024   1,048   0,074   0,002   0,110   0,006   0,000   0,019   0,000 3619694000
 3,68   4,02  569,197
 3,68   0,00    0,000    0,000
 3,68   0,00    0,000  557,939
 3,68   0,00    0,000    1,283   0,000   1,283
 3,68   0,00    0,000    1,274   0,000   1,274

 3,69   0,00    1,283    1,274   0,024   1,048   0,074   0,002   0,110   0,006   0,000   0,019   0,000 3629530000
 3,69   4,02  569,030
 3,69   0,00    0,000    0,000
 3,69   0,00    0,000  557,761
 3,69   0,00    0,000    1,283   0,000   1,283
 3,69   0,00    0,000    1,274   0,000   1,274

 3,70   0,00    1,283    1,274   0,024   1,048   0,073   0,002   0,110   0,006   0,000   0,019   0,000 3639366000
 3,70   4,01  568,864
 3,70   0,00    0,000    0,000
 3,70   0,00    0,000  557,586
 3,70   0,00    0,000    1,283   0,000   1,283
 3,70   0,00    0,000    1,274   0,000   1,274

 3,71   0,00    1,282    1,273   0,024   1,048   0,073   0,002   0,110   0,006   0,000   0,019   0,000 3649202000
 3,71   4,01  568,699
 3,71   0,00    0,000    0,000
 3,71   0,00    0,000  557,411
 3,71   0,00    0,000    1,282   0,000   1,282
 3,71   0,00    0,000    1,273   0,000   1,273

 3,72   0,00    1,282    1,273   0,024   1,048   0,073   0,002   0,110   0,006   0,000   0,019   0,000 3659038000
 3,72   4,01  568,536
 3,72   0,00    0,000    0,000
 3,72   0,00    0,000  557,239
 3,72   0,00    0,000    1,282   0,000   1,282
 3,72   0,00    0,000    1,273   0,000   1,273

 3,73   0,00    1,281    1,273   0,023   1,048   0,073   0,002   0,110   0,006   0,000   0,019   0,000 3668874000
 3,73   4,01  568,375
 3,73   0,00    0,000    0,000
 3,73   0,00    0,000  557,068
 3,73   0,00    0,000    1,281   0,000   1,281
 3,73   0,00    0,000    1,273   0,000   1,273

 3,74   0,00    1,281    1,272   0,023   1,049   0,072   0,002   0,110   0,006   0,000   0,019   0,000 3678710000
 3,74   4,01  568,215
 3,74   0,00    0,000    0,000
 3,74   0,00    0,000  556,899
 3,74   0,00    0,000    1,281   0,000   1,281
 3,74   0,00    0,000    1,272   0,000   1,272

 3,75   0,00    1,281    1,272   0,023   1,049   0,072   0,002   0,110   0,006   0,000   0,019   0,000 3688546000
 3,75   4,01  568,057
 3,75   0,00    0,000    0,000
 3,75   0,00    0,000  556,731
 3,75   0,00    0,000    1,281   0,000   1,281
 3,75   0,00    0,000    1,272   0,000   1,272

 3,76   0,00    1,280    1,272   0,023   1,049   0,072   0,002   0,110   0,006   0,000   0,019   0,000 3698382000
 3,76   4,01  567,900
 3,76   0,00    0,000    0,000
 3,76   0,00    0,000  556,565
 3,76   0,00    0,000    1,280   0,000   1,280
 3,76   0,00    0,000    1,272   0,000   1,272

 3,77   0,00    1,280    1,272   0,023   1,049   0,072   0,002   0,110   0,006   0,000   0,019   0,000 3708219000
 3,77   4,00  567,745
 3,77   0,00    0,000    0,000
 3,77   0,00    0,000  556,400
 3,77   0,00    0,000    1,280   0,000   1,280
 3,77   0,00    0,000    1,272   0,000   1,272

 3,78   0,00    1,280    1,271   0,023   1,049   0,071   0,002   0,110   0,006   0,000   0,019   0,000 3718055000
 3,78   4,00  567,591
 3,78   0,00    0,000    0,000
 3,78   0,00    0,000  556,237
 3,78   0,00    0,000    1,280   0,000   1,280
 3,78   0,00    0,000    1,271   0,000   1,271

 3,79   0,00    1,279    1,271   0,023   1,049   0,071   0,002   0,110   0,006   0,000   0,019   0,000 3727891000
 3,79   4,00  567,438
 3,79   0,00    0,000    0,000
 3,79   0,00    0,000  556,076
 3,79   0,00    0,000    1,279   0,000   1,279
 3,79   0,00    0,000    1,271   0,000   1,271

 3,80   0,00    1,279    1,271   0,023   1,049   0,071   0,002   0,109   0,005   0,000   0,019   0,000 3737727000
 3,80   4,00  567,287
 3,80   0,00    0,000    0,000
 3,80   0,00    0,000  555,916
 3,80   0,00    0,000    1,279   0,000   1,279
 3,80   0,00    0,000    1,271   0,000   1,271

 3,81   0,00    1,279    1,270   0,023   1,049   0,071   0,002   0,109   0,005   0,000   0,019   0,000 3747563000
 3,81   4,00  567,138
 3,81   0,00    0,000    0,000
 3,81   0,00    0,000  555,757
 3,81   0,00    0,000    1,279   0,000   1,279
 3,81   0,00    0,000    1,270   0,000   1,270

 3,82   0,00    1,278    1,270   0,023   1,049   0,070   0,002   0,109   0,005   0,000   0,019   0,000 3757399000
 3,82   4,00  566,990
 3,82   0,00    0,000    0,000
 3,82   0,00    0,000  555,600
 3,82   0,00    0,000    1,278   0,000   1,278
 3,82   0,00    0,000    1,270   0,000   1,270

 3,83   0,00    1,278    1,270   0,023   1,049   0,070   0,002   0,109   0,005   0,000   0,018   0,000 3767235000
 3,83   4,00  566,843
 3,83   0,00    0,000    0,000
 3,83   0,00    0,000  555,445
 3,83   0,00    0,000    1,278   0,000   1,278
 3,83   0,00    0,000    1,270   0,000   1,270

 3,84   0,00    1,278    1,269   0,023   1,050   0,070   0,002   0,109   0,005   0,000   0,018   0,000 3777071000
 3,84   4,00  566,697
 3,84   0,00    0,000    0,000
 3,84   0,00    0,000  555,291
 3,84   0,00    0,000    1,278   0,000   1,278
 3,84   0,00    0,000    1,269   0,000   1,269

 3,85   0,00    1,277    1,269   0,023   1,050   0,070   0,002   0,109   0,005   0,000   0,018   0,000 3786907000
 3,85   4,00  566,554
 3,85   0,00    0,000    0,000
 3,85   0,00    0,000  555,139
 3,85   0,00    0,000    1,277   0,000   1,277
 3,85   0,00    0,000    1,269   0,000   1,269

 3,86   0,00    1,277    1,269   0,023   1,050   0,070   0,002   0,109   0,005   0,000   0,018   0,000 3796744000
 3,86   3,99  566,411
 3,86   0,00    0,000    0,000
 3,86   0,00    0,000  554,987
 3,86   0,00    0,000    1,277   0,000   1,277
 3,86   0,00    0,000    1,269   0,000   1,269

 3,87   0,00    1,277    1,269   0,023   1,050   0,069   0,002   0,109   0,005   0,000   0,018   0,000 3806580000
 3,87   3,99  566,270
 3,87   0,00    0,000    0,000
 3,87   0,00    0,000  554,838
 3,87   0,00    0,000    1,277   0,000   1,277
 3,87   0,00    0,000    1,269   0,000   1,269

 3,88   0,00    1,277    1,268   0,023   1,050   0,069   0,002   0,109   0,005   0,000   0,018   0,000 3816416000
 3,88   3,99  566,130
 3,88   0,00    0,000    0,000
 3,88   0,00    0,000  554,690
 3,88   0,00    0,000    1,277   0,000   1,277
 3,88   0,00    0,000    1,268   0,000   1,268

 3,89   0,00    1,276    1,268   0,023   1,050   0,069   0,002   0,109   0,005   0,000   0,018   0,000 3826252000
 3,89   3,99  565,991
 3,89   0,00    0,000    0,000
 3,89   0,00    0,000  554,543
 3,89   0,00    0,000    1,276   0,000   1,276
 3,89   0,00    0,000    1,268   0,000   1,268

 3,90   0,00    1,276    1,268   0,022   1,050   0,069   0,002   0,109   0,005   0,000   0,018   0,000 3836088000
 3,90   3,99  565,854
 3,90   0,00    0,000    0,000
 3,90   0,00    0,000  554,398
 3,90   0,00    0,000    1,276   0,000   1,276
 3,90   0,00    0,000    1,268   0,000   1,268

 3,91   0,00    1,276    1,267   0,022   1,050   0,068   0,002   0,109   0,005   0,000   0,018   0,000 3845924000
 3,91   3,99  565,718
 3,91   0,00    0,000    0,000
 3,91   0,00    0,000  554,254
 3,91   0,00    0,000    1,276   0,000   1,276
 3,91   0,00    0,000    1,267   0,000   1,267

 3,92   0,00    1,275    1,267   0,022   1,050   0,068   0,002   0,109   0,005   0,000   0,018   0,000 3855760000
 3,92   3,99  565,583
 3,92   0,00    0,000    0,000
 3,92   0,00    0,000  554,112
 3,92   0,00    0,000    1,275   0,000   1,275
 3,92   0,00    0,000    1,267   0,000   1,267

 3,93   0,00    1,275    1,267   0,022   1,050   0,068   0,002   0,109   0,005   0,000   0,018   0,000 3865597000
 3,93   3,99  565,450
 3,93   0,00    0,000    0,000
 3,93   0,00    0,000  553,971
 3,93   0,00    0,000    1,275   0,000   1,275
 3,93   0,00    0,000    1,267   0,000   1,267

 3,94   0,00    1,275    1,267   0,022   1,050   0,068   0,002   0,109   0,005   0,000   0,018   0,000 3875433000
 3,94   3,99  565,318
 3,94   0,00    0,000    0,000
 3,94   0,00    0,000  553,831
 3,94   0,00    0,000    1,275   0,000   1,275
 3,94   0,00    0,000    1,267   0,000   1,267

 3,95   0,00    1,274    1,266   0,022   1,051   0,068   0,002   0,109   0,005   0,000   0,018   0,000 3885269000
 3,95   3,98  565,188
 3,95   0,00    0,000    0,000
 3,95   0,00    0,000  553,693
 3,95   0,00    0,000    1,274   0,000   1,274
 3,95   0,00    0,000    1,266   0,000   1,266

 3,96   0,00    1,274    1,266   0,022   1,051   0,067   0,002   0,109   0,005   0,000   0,018   0,000 3895105000
 3,96   3,98  565,058
 3,96   0,00    0,000    0,000
 3,96   0,00    0,000  553,556
 3,96   0,00    0,000    1,274   0,000   1,274
 3,96   0,00    0,000    1,266   0,000   1,266

 3,97   0,00    1,274    1,266   0,022   1,051   0,067   0,002   0,108   0,005   0,000   0,018   0,000 3904941000
 3,97   3,98  564,930
 3,97   0,00    0,000    0,000
 3,97   0,00    0,000  553,421
 3,97   0,00    0,000    1,274   0,000   1,274
 3,97   0,00    0,000    1,266   0,000   1,266

 3,98   0,00    1,273    1,265   0,022   1,051   0,067   0,002   0,108   0,005   0,000   0,018   0,000 3914777000
 3,98   3,98  564,803
 3,98   0,00    0,000    0,000
 3,98   0,00    0,000  553,287
 3,98   0,00    0,000    1,273   0,000   1,273
 3,98   0,00    0,000    1,265   0,000   1,265

 3,99   0,00    1,273    1,265   0,022   1,051   0,067   0,002   0,108   0,005   0,000   0,018   0,000 3924613000
 3,99   3,98  564,678
 3,99   0,00    0,000    0,000
 3,99   0,00    0,000  553,154
 3,99   0,00    0,000    1,273   0,000   1,273
 3,99   0,00    0,000    1,265   0,000   1,265

 4,00   0,00    1,273    1,265   0,022   1,051   0,067   0,002   0,108   0,005   0,000   0,018   0,000 3934449000
 4,00   3,98  564,553
 4,00   0,00    0,000    0,000
 4,00   0,00    0,000  553,022
 4,00   0,00    0,000    1,273   0,000   1,273
 4,00   0,00    0,000    1,265   0,000   1,265

 4,01   0,00    1,273    1,265   0,022   1,051   0,066   0,002   0,108   0,005   0,000   0,018   0,000 3944286000
 4,01   3,98  564,430
 4,01   0,00    0,000    0,000
 4,01   0,00    0,000  552,892
 4,01   0,00    0,000    1,273   0,000   1,273
 4,01   0,00    0,000    1,265   0,000   1,265

 4,02   0,00    1,272    1,264   0,022   1,051   0,066   0,002   0,108   0,005   0,000   0,018   0,000 3954122000
 4,02   3,98  564,308
 4,02   0,00    0,000    0,000
 4,02   0,00    0,000  552,763
 4,02   0,00    0,000    1,272   0,000   1,272
 4,02   0,00    0,000    1,264   0,000   1,264

 4,03   0,00    1,272    1,264   0,022   1,051   0,066   0,002   0,108   0,005   0,000   0,018   0,000 3963958000
 4,03   3,98  564,188
 4,03   0,00    0,000    0,000
 4,03   0,00    0,000  552,636
 4,03   0,00    0,000    1,272   0,000   1,272
 4,03   0,00    0,000    1,264   0,000   1,264

 4,04   0,00    1,272    1,264   0,022   1,051   0,066   0,002   0,108   0,005   0,000   0,018   0,000 3973794000
 4,04   3,98  564,069
 4,04   0,00    0,000    0,000
 4,04   0,00    0,000  552,510
 4,04   0,00    0,000    1,272   0,000   1,272
 4,04   0,00    0,000    1,264   0,000   1,264

 4,05   0,00    1,271    1,264   0,022   1,051   0,065   0,002   0,108   0,005   0,000   0,017   0,000 3983630000
 4,05   3,98  563,950
 4,05   0,00    0,000    0,000
 4,05   0,00    0,000  552,385
 4,05   0,00    0,000    1,271   0,000   1,271
 4,05   0,00    0,000    1,264   0,000   1,264

 4,06   0,00    1,271    1,263   0,022   1,051   0,065   0,002   0,108   0,005   0,000   0,017   0,000 3993466000
 4,06   3,97  563,833
 4,06   0,00    0,000    0,000
 4,06   0,00    0,000  552,261
 4,06   0,00    0,000    1,271   0,000   1,271
 4,06   0,00    0,000    1,263   0,000   1,263

 4,07   0,00    1,271    1,263   0,022   1,052   0,065   0,002   0,108   0,005   0,000   0,017   0,000 4003302000
 4,07   3,97  563,718
 4,07   0,00    0,000    0,000
 4,07   0,00    0,000  552,139
 4,07   0,00    0,000    1,271   0,000   1,271
 4,07   0,00    0,000    1,263   0,000   1,263

 4,08   0,00    1,270    1,263   0,021   1,052   0,065   0,002   0,108   0,005   0,000   0,017   0,000 4013138000
 4,08   3,97  563,603
 4,08   0,00    0,000    0,000
 4,08   0,00    0,000  552,018
 4,08   0,00    0,000    1,270   0,000   1,270
 4,08   0,00    0,000    1,263   0,000   1,263

 4,09   0,00    1,270    1,262   0,021   1,052   0,065   0,002   0,108   0,005   0,000   0,017   0,000 4022975000
 4,09   3,97  563,490
 4,09   0,00    0,000    0,000
 4,09   0,00    0,000  551,898
 4,09   0,00    0,000    1,270   0,000   1,270
 4,09   0,00    0,000    1,262   0,000   1,262

 4,10   0,00    1,270    1,262   0,021   1,052   0,064   0,002   0,108   0,005   0,000   0,017   0,000 4032810000
 4,10   3,97  563,377
 4,10   0,00    0,000    0,000
 4,10   0,00    0,000  551,779
 4,10   0,00    0,000    1,270   0,000   1,270
 4,10   0,00    0,000    1,262   0,000   1,262

 4,11   0,00    1,270    1,262   0,021   1,052   0,064   0,002   0,108   0,005   0,000   0,017   0,000 4042647000
 4,11   3,97  563,266
 4,11   0,00    0,000    0,000
 4,11   0,00    0,000  551,662
 4,11   0,00    0,000    1,270   0,000   1,270
 4,11   0,00    0,000    1,262   0,000   1,262

 4,12   0,00    1,269    1,262   0,021   1,052   0,064   0,002   0,108   0,005   0,000   0,017   0,000 4052483000
 4,12   3,97  563,156
 4,12   0,00    0,000    0,000
 4,12   0,00    0,000  551,546
 4,12   0,00    0,000    1,269   0,000   1,269
 4,12   0,00    0,000    1,262   0,000   1,262

 4,13   0,00    1,269    1,261   0,021   1,052   0,064   0,002   0,108   0,005   0,000   0,017   0,000 4062319000
 4,13   3,97  563,048
 4,13   0,00    0,000    0,000
 4,13   0,00    0,000  551,431
 4,13   0,00    0,000    1,269   0,000   1,269
 4,13   0,00    0,000    1,261   0,000   1,261

 4,14   0,00    1,269    1,261   0,021   1,052   0,064   0,002   0,108   0,005   0,000   0,017   0,000 4072155000
 4,14   3,97  562,940
 4,14   0,00    0,000    0,000
 4,14   0,00    0,000  551,318
 4,14   0,00    0,000    1,269   0,000   1,269
 4,14   0,00    0,000    1,261   0,000   1,261

 4,15   0,00    1,268    1,261   0,021   1,052   0,063   0,002   0,107   0,005   0,000   0,017   0,000 4081991000
 4,15   3,97  562,834
 4,15   0,00    0,000    0,000
 4,15   0,00    0,000  551,205
 4,15   0,00    0,000    1,268   0,000   1,268
 4,15   0,00    0,000    1,261   0,000   1,261

 4,16   0,00    1,268    1,261   0,021   1,052   0,063   0,002   0,107   0,005   0,000   0,017   0,000 4091827000
 4,16   3,97  562,728
 4,16   0,00    0,000    0,000
 4,16   0,00    0,000  551,094
 4,16   0,00    0,000    1,268   0,000   1,268
 4,16   0,00    0,000    1,261   0,000   1,261

 4,17   0,00    1,268    1,260   0,021   1,052   0,063   0,002   0,107   0,005   0,000   0,017   0,000 4101663000
 4,17   3,97  562,624
 4,17   0,00    0,000    0,000
 4,17   0,00    0,000  550,984
 4,17   0,00    0,000    1,268   0,000   1,268
 4,17   0,00    0,000    1,260   0,000   1,260

 4,18   0,00    1,268    1,260   0,021   1,052   0,063   0,002   0,107   0,005   0,000   0,017   0,000 4111500000
 4,18   3,97  562,521
 4,18   0,00    0,000    0,000
 4,18   0,00    0,000  550,875
 4,18   0,00    0,000    1,268   0,000   1,268
 4,18   0,00    0,000    1,260   0,000   1,260

 4,19   0,00    1,267    1,260   0,021   1,053   0,063   0,002   0,107   0,005   0,000   0,017   0,000 4121336000
 4,19   3,97  562,419
 4,19   0,00    0,000    0,000
 4,19   0,00    0,000  550,767
 4,19   0,00    0,000    1,267   0,000   1,267
 4,19   0,00    0,000    1,260   0,000   1,260

 4,20   0,00    1,267    1,260   0,021   1,053   0,063   0,002   0,107   0,005   0,000   0,017   0,000 4131172000
 4,20   3,96  562,318
 4,20   0,00    0,000    0,000
 4,20   0,00    0,000  550,661
 4,20   0,00    0,000    1,267   0,000   1,267
 4,20   0,00    0,000    1,260   0,000   1,260

 4,21   0,00    1,267    1,259   0,021   1,053   0,062   0,002   0,107   0,005   0,000   0,017   0,000 4141008000
 4,21   3,96  562,218
 4,21   0,00    0,000    0,000
 4,21   0,00    0,000  550,555
 4,21   0,00    0,000    1,267   0,000   1,267
 4,21   0,00    0,000    1,259   0,000   1,259

 4,22   0,00    1,267    1,259   0,021   1,053   0,062   0,002   0,107   0,005   0,000   0,017   0,000 4150844000
 4,22   3,96  562,119
 4,22   0,00    0,000    0,000
 4,22   0,00    0,000  550,451
 4,22   0,00    0,000    1,267   0,000   1,267
 4,22   0,00    0,000    1,259   0,000   1,259

 4,23   0,00    1,266    1,259   0,021   1,053   0,062   0,002   0,107   0,005   0,000   0,017   0,000 4160680000
 4,23   3,96  562,021
 4,23   0,00    0,000    0,000
 4,23   0,00    0,000  550,348
 4,23   0,00    0,000    1,266   0,000   1,266
 4,23   0,00    0,000    1,259   0,000   1,259

 4,24   0,00    1,266    1,259   0,021   1,053   0,062   0,002   0,107   0,005   0,000   0,017   0,000 4170516000
 4,24   3,96  561,925
 4,24   0,00    0,000    0,000
 4,24   0,00    0,000  550,246
 4,24   0,00    0,000    1,266   0,000   1,266
 4,24   0,00    0,000    1,259   0,000   1,259

 4,25   0,00    1,266    1,258   0,021   1,053   0,062   0,002   0,107   0,005   0,000   0,017   0,000 4180353000
 4,25   3,96  561,829
 4,25   0,00    0,000    0,000
 4,25   0,00    0,000  550,146
 4,25   0,00    0,000    1,266   0,000   1,266
 4,25   0,00    0,000    1,258   0,000   1,258

 4,26   0,00    1,266    1,258   0,021   1,053   0,061   0,002   0,107   0,005   0,000   0,017   0,000 4190189000
 4,26   3,96  561,735
 4,26   0,00    0,000    0,000
 4,26   0,00    0,000  550,046
 4,26   0,00    0,000    1,266   0,000   1,266
 4,26   0,00    0,000    1,258   0,000   1,258

 4,27   0,00    1,265    1,258   0,020   1,053   0,061   0,002   0,107   0,005   0,000   0,017   0,000 4200025000
 4,27   3,96  561,641
 4,27   0,00    0,000    0,000
 4,27   0,00    0,000  549,947
 4,27   0,00    0,000    1,265   0,000   1,265
 4,27   0,00    0,000    1,258   0,000   1,258

 4,28   0,00    1,265    1,258   0,020   1,053   0,061   0,002   0,107   0,005   0,000   0,017   0,000 4209861000
 4,28   3,96  561,549
 4,28   0,00    0,000    0,000
 4,28   0,00    0,000  549,850
 4,28   0,00    0,000    1,265   0,000   1,265
 4,28   0,00    0,000    1,258   0,000   1,258

 4,29   0,00    1,265    1,257   0,020   1,053   0,061   0,002   0,107   0,005   0,000   0,017   0,000 4219697000
 4,29   3,96  561,457
 4,29   0,00    0,000    0,000
 4,29   0,00    0,000  549,754
 4,29   0,00    0,000    1,265   0,000   1,265
 4,29   0,00    0,000    1,257   0,000   1,257

 4,30   0,00    1,264    1,257   0,020   1,053   0,061   0,002   0,107   0,005   0,000   0,016   0,000 4229533000
 4,30   3,96  561,367
 4,30   0,00    0,000    0,000
 4,30   0,00    0,000  549,659
 4,30   0,00    0,000    1,264   0,000   1,264
 4,30   0,00    0,000    1,257   0,000   1,257

 4,31   0,00    1,264    1,257   0,020   1,054   0,060   0,002   0,107   0,005   0,000   0,016   0,000 4239369000
 4,31   3,96  561,278
 4,31   0,00    0,000    0,000
 4,31   0,00    0,000  549,564
 4,31   0,00    0,000    1,264   0,000   1,264
 4,31   0,00    0,000    1,257   0,000   1,257

 4,32   0,00    1,264    1,257   0,020   1,054   0,060   0,002   0,107   0,005   0,000   0,016   0,000 4249206000
 4,32   3,96  561,189
 4,32   0,00    0,000    0,000
 4,32   0,00    0,000  549,471
 4,32   0,00    0,000    1,264   0,000   1,264
 4,32   0,00    0,000    1,257   0,000   1,257

 4,33   0,00    1,264    1,257   0,020   1,054   0,060   0,002   0,107   0,005   0,000   0,016   0,000 4259041000
 4,33   3,96  561,102
 4,33   0,00    0,000    0,000
 4,33   0,00    0,000  549,379
 4,33   0,00    0,000    1,264   0,000   1,264
 4,33   0,00    0,000    1,257   0,000   1,257

 4,34   0,00    1,263    1,256   0,020   1,054   0,060   0,002   0,107   0,005   0,000   0,016   0,000 4268878000
 4,34   3,96  561,016
 4,34   0,00    0,000    0,000
 4,34   0,00    0,000  549,289
 4,34   0,00    0,000    1,263   0,000   1,263
 4,34   0,00    0,000    1,256   0,000   1,256

 4,35   0,00    1,263    1,256   0,020   1,054   0,060   0,002   0,106   0,005   0,000   0,016   0,000 4278714000
 4,35   3,96  560,930
 4,35   0,00    0,000    0,000
 4,35   0,00    0,000  549,199
 4,35   0,00    0,000    1,263   0,000   1,263
 4,35   0,00    0,000    1,256   0,000   1,256

 4,36   0,00    1,263    1,256   0,020   1,054   0,060   0,002   0,106   0,005   0,000   0,016   0,000 4288550000
 4,36   3,96  560,846
 4,36   0,00    0,000    0,000
 4,36   0,00    0,000  549,110
 4,36   0,00    0,000    1,263   0,000   1,263
 4,36   0,00    0,000    1,256   0,000   1,256

 4,37   0,00    1,263    1,256   0,020   1,054   0,059   0,002   0,106   0,005   0,000   0,016   0,000 4298386000
 4,37   3,96  560,763
 4,37   0,00    0,000    0,000
 4,37   0,00    0,000  549,022
 4,37   0,00    0,000    1,263   0,000   1,263
 4,37   0,00    0,000    1,256   0,000   1,256

 4,38   0,00    1,262    1,255   0,020   1,054   0,059   0,002   0,106   0,005   0,000   0,016   0,000 4308222000
 4,38   3,95  560,680
 4,38   0,00    0,000    0,000
 4,38   0,00    0,000  548,936
 4,38   0,00    0,000    1,262   0,000   1,262
 4,38   0,00    0,000    1,255   0,000   1,255

 4,39   0,00    1,262    1,255   0,020   1,054   0,059   0,002   0,106   0,005   0,000   0,016   0,000 4318058000
 4,39   3,95  560,599
 4,39   0,00    0,000    0,000
 4,39   0,00    0,000  548,850
 4,39   0,00    0,000    1,262   0,000   1,262
 4,39   0,00    0,000    1,255   0,000   1,255

 4,40   0,00    1,262    1,255   0,020   1,054   0,059   0,002   0,106   0,005   0,000   0,016   0,000 4327895000
 4,40   3,95  560,518
 4,40   0,00    0,000    0,000
 4,40   0,00    0,000  548,765
 4,40   0,00    0,000    1,262   0,000   1,262
 4,40   0,00    0,000    1,255   0,000   1,255

 4,41   0,00    1,262    1,255   0,020   1,054   0,059   0,002   0,106   0,005   0,000   0,016   0,000 4337731000
 4,41   3,95  560,439
 4,41   0,00    0,000    0,000
 4,41   0,00    0,000  548,682
 4,41   0,00    0,000    1,262   0,000   1,262
 4,41   0,00    0,000    1,255   0,000   1,255

 4,42   0,00    1,261    1,255   0,020   1,054   0,059   0,002   0,106   0,005   0,000   0,016   0,000 4347567000
 4,42   3,95  560,360
 4,42   0,00    0,000    0,000
 4,42   0,00    0,000  548,599
 4,42   0,00    0,000    1,261   0,000   1,261
 4,42   0,00    0,000    1,255   0,000   1,255

 4,43   0,00    1,261    1,254   0,020   1,054   0,058   0,002   0,106   0,005   0,000   0,016   0,000 4357403000
 4,43   3,95  560,283
 4,43   0,00    0,000    0,000
 4,43   0,00    0,000  548,518
 4,43   0,00    0,000    1,261   0,000   1,261
 4,43   0,00    0,000    1,254   0,000   1,254

 4,44   0,00    1,261    1,254   0,020   1,054   0,058   0,002   0,106   0,005   0,000   0,016   0,000 4367239000
 4,44   3,95  560,206
 4,44   0,00    0,000    0,000
 4,44   0,00    0,000  548,437
 4,44   0,00    0,000    1,261   0,000   1,261
 4,44   0,00    0,000    1,254   0,000   1,254

 4,45   0,00    1,261    1,254   0,020   1,055   0,058   0,002   0,106   0,005   0,000   0,016   0,000 4377075000
 4,45   3,95  560,130
 4,45   0,00    0,000    0,000
 4,45   0,00    0,000  548,358
 4,45   0,00    0,000    1,261   0,000   1,261
 4,45   0,00    0,000    1,254   0,000   1,254

 4,46   0,00    1,261    1,254   0,020   1,055   0,058   0,002   0,106   0,005   0,000   0,016   0,000 4386911000
 4,46   3,95  560,055
 4,46   0,00    0,000    0,000
 4,46   0,00    0,000  548,279
 4,46   0,00    0,000    1,261   0,000   1,261
 4,46   0,00    0,000    1,254   0,000   1,254

 4,47   0,00    1,260    1,254   0,019   1,055   0,058   0,002   0,106   0,005   0,000   0,016   0,000 4396747000
 4,47   3,95  559,981
 4,47   0,00    0,000    0,000
 4,47   0,00    0,000  548,201
 4,47   0,00    0,000    1,260   0,000   1,260
 4,47   0,00    0,000    1,254   0,000   1,254

 4,48   0,00    1,260    1,253   0,019   1,055   0,058   0,002   0,106   0,005   0,000   0,016   0,000 4406583000
 4,48   3,95  559,908
 4,48   0,00    0,000    0,000
 4,48   0,00    0,000  548,125
 4,48   0,00    0,000    1,260   0,000   1,260
 4,48   0,00    0,000    1,253   0,000   1,253

 4,49   0,00    1,260    1,253   0,019   1,055   0,057   0,002   0,106   0,005   0,000   0,016   0,000 4416419000
 4,49   3,95  559,836
 4,49   0,00    0,000    0,000
 4,49   0,00    0,000  548,049
 4,49   0,00    0,000    1,260   0,000   1,260
 4,49   0,00    0,000    1,253   0,000   1,253

 4,50   0,00    1,260    1,253   0,019   1,055   0,057   0,002   0,106   0,005   0,000   0,016   0,000 4426255000
 4,50   3,95  559,765
 4,50   0,00    0,000    0,000
 4,50   0,00    0,000  547,974
 4,50   0,00    0,000    1,260   0,000   1,260
 4,50   0,00    0,000    1,253   0,000   1,253

 4,51   0,00    1,259    1,253   0,019   1,055   0,057   0,002   0,106   0,005   0,000   0,016   0,000 4436092000
 4,51   3,95  559,695
 4,51   0,00    0,000    0,000
 4,51   0,00    0,000  547,901
 4,51   0,00    0,000    1,259   0,000   1,259
 4,51   0,00    0,000    1,253   0,000   1,253

 4,52   0,00    1,259    1,253   0,019   1,055   0,057   0,002   0,106   0,005   0,000   0,016   0,000 4445928000
 4,52   3,95  559,626
 4,52   0,00    0,000    0,000
 4,52   0,00    0,000  547,828
 4,52   0,00    0,000    1,259   0,000   1,259
 4,52   0,00    0,000    1,253   0,000   1,253

 4,53   0,00    1,259    1,252   0,019   1,055   0,057   0,002   0,106   0,005   0,000   0,016   0,000 4455764000
 4,53   3,95  559,557
 4,53   0,00    0,000    0,000
 4,53   0,00    0,000  547,756
 4,53   0,00    0,000    1,259   0,000   1,259
 4,53   0,00    0,000    1,252   0,000   1,252

 4,54   0,00    1,259    1,252   0,019   1,055   0,057   0,002   0,106   0,005   0,000   0,016   0,000 4465600000
 4,54   3,95  559,489
 4,54   0,00    0,000    0,000
 4,54   0,00    0,000  547,685
 4,54   0,00    0,000    1,259   0,000   1,259
 4,54   0,00    0,000    1,252   0,000   1,252

 4,55   0,00    1,258    1,252   0,019   1,055   0,056   0,002   0,106   0,005   0,000   0,016   0,000 4475437000
 4,55   3,95  559,423
 4,55   0,00    0,000    0,000
 4,55   0,00    0,000  547,615
 4,55   0,00    0,000    1,258   0,000   1,258
 4,55   0,00    0,000    1,252   0,000   1,252

 4,56   0,00    1,258    1,252   0,019   1,055   0,056   0,002   0,105   0,005   0,000   0,016   0,000 4485272000
 4,56   3,95  559,357
 4,56   0,00    0,000    0,000
 4,56   0,00    0,000  547,546
 4,56   0,00    0,000    1,258   0,000   1,258
 4,56   0,00    0,000    1,252   0,000   1,252

 4,57   0,00    1,258    1,252   0,019   1,055   0,056   0,002   0,105   0,005   0,000   0,016   0,000 4495109000
 4,57   3,95  559,292
 4,57   0,00    0,000    0,000
 4,57   0,00    0,000  547,478
 4,57   0,00    0,000    1,258   0,000   1,258
 4,57   0,00    0,000    1,252   0,000   1,252

 4,58   0,00    1,258    1,251   0,019   1,055   0,056   0,002   0,105   0,005   0,000   0,016   0,000 4504945000
 4,58   3,95  559,228
 4,58   0,00    0,000    0,000
 4,58   0,00    0,000  547,411
 4,58   0,00    0,000    1,258   0,000   1,258
 4,58   0,00    0,000    1,251   0,000   1,251

 4,59   0,00    1,257    1,251   0,019   1,056   0,056   0,002   0,105   0,004   0,000   0,016   0,000 4514781000
 4,59   3,95  559,164
 4,59   0,00    0,000    0,000
 4,59   0,00    0,000  547,345
 4,59   0,00    0,000    1,257   0,000   1,257
 4,59   0,00    0,000    1,251   0,000   1,251

 4,60   0,00    1,257    1,251   0,019   1,056   0,056   0,002   0,105   0,004   0,000   0,015   0,000 4524617000
 4,60   3,95  559,102
 4,60   0,00    0,000    0,000
 4,60   0,00    0,000  547,279
 4,60   0,00    0,000    1,257   0,000   1,257
 4,60   0,00    0,000    1,251   0,000   1,251

 4,61   0,00    1,257    1,251   0,019   1,056   0,055   0,002   0,105   0,004   0,000   0,015   0,000 4534453000
 4,61   3,95  559,040
 4,61   0,00    0,000    0,000
 4,61   0,00    0,000  547,215
 4,61   0,00    0,000    1,257   0,000   1,257
 4,61   0,00    0,000    1,251   0,000   1,251

 4,62   0,00    1,257    1,251   0,019   1,056   0,055   0,002   0,105   0,004   0,000   0,015   0,000 4544289000
 4,62   3,95  558,980
 4,62   0,00    0,000    0,000
 4,62   0,00    0,000  547,151
 4,62   0,00    0,000    1,257   0,000   1,257
 4,62   0,00    0,000    1,251   0,000   1,251

 4,63   0,00    1,257    1,250   0,019   1,056   0,055   0,002   0,105   0,004   0,000   0,015   0,000 4554125000
 4,63   3,95  558,920
 4,63   0,00    0,000    0,000
 4,63   0,00    0,000  547,088
 4,63   0,00    0,000    1,257   0,000   1,257
 4,63   0,00    0,000    1,250   0,000   1,250

 4,64   0,00    1,256    1,250   0,019   1,056   0,055   0,002   0,105   0,004   0,000   0,015   0,000 4563961000
 4,64   3,95  558,861
 4,64   0,00    0,000    0,000
 4,64   0,00    0,000  547,027
 4,64   0,00    0,000    1,256   0,000   1,256
 4,64   0,00    0,000    1,250   0,000   1,250

 4,65   0,00    1,256    1,250   0,019   1,056   0,055   0,002   0,105   0,004   0,000   0,015   0,000 4573797000
 4,65   3,95  558,802
 4,65   0,00    0,000    0,000
 4,65   0,00    0,000  546,966
 4,65   0,00    0,000    1,256   0,000   1,256
 4,65   0,00    0,000    1,250   0,000   1,250

 4,66   0,00    1,256    1,250   0,019   1,056   0,055   0,002   0,105   0,004   0,000   0,015   0,000 4583633000
 4,66   3,95  558,745
 4,66   0,00    0,000    0,000
 4,66   0,00    0,000  546,906
 4,66   0,00    0,000    1,256   0,000   1,256
 4,66   0,00    0,000    1,250   0,000   1,250

 4,67   0,00    1,256    1,250   0,019   1,056   0,054   0,002   0,105   0,004   0,000   0,015   0,000 4593470000
 4,67   3,95  558,688
 4,67   0,00    0,000    0,000
 4,67   0,00    0,000  546,846
 4,67   0,00    0,000    1,256   0,000   1,256
 4,67   0,00    0,000    1,250   0,000   1,250

 4,68   0,00    1,255    1,249   0,019   1,056   0,054   0,002   0,105   0,004   0,000   0,015   0,000 4603305000
 4,68   3,95  558,632
 4,68   0,00    0,000    0,000
 4,68   0,00    0,000  546,788
 4,68   0,00    0,000    1,255   0,000   1,255
 4,68   0,00    0,000    1,249   0,000   1,249

 4,69   0,00    1,255    1,249   0,018   1,056   0,054   0,002   0,105   0,004   0,000   0,015   0,000 4613142000
 4,69   3,95  558,577
 4,69   0,00    0,000    0,000
 4,69   0,00    0,000  546,731
 4,69   0,00    0,000    1,255   0,000   1,255
 4,69   0,00    0,000    1,249   0,000   1,249

 4,70   0,00    1,255    1,249   0,018   1,056   0,054   0,002   0,105   0,004   0,000   0,015   0,000 4622978000
 4,70   3,95  558,523
 4,70   0,00    0,000    0,000
 4,70   0,00    0,000  546,674
 4,70   0,00    0,000    1,255   0,000   1,255
 4,70   0,00    0,000    1,249   0,000   1,249

 4,71   0,00    1,255    1,249   0,018   1,056   0,054   0,002   0,105   0,004   0,000   0,015   0,000 4632814000
 4,71   3,95  558,469
 4,71   0,00    0,000    0,000
 4,71   0,00    0,000  546,618
 4,71   0,00    0,000    1,255   0,000   1,255
 4,71   0,00    0,000    1,249   0,000   1,249

 4,72   0,00    1,255    1,249   0,018   1,056   0,054   0,002   0,105   0,004   0,000   0,015   0,000 4642650000
 4,72   3,95  558,417
 4,72   0,00    0,000    0,000
 4,72   0,00    0,000  546,563
 4,72   0,00    0,000    1,255   0,000   1,255
 4,72   0,00    0,000    1,249   0,000   1,249

 4,73   0,00    1,254    1,248   0,018   1,057   0,054   0,002   0,105   0,004   0,000   0,015   0,000 4652487000
 4,73   3,95  558,365
 4,73   0,00    0,000    0,000
 4,73   0,00    0,000  546,509
 4,73   0,00    0,000    1,254   0,000   1,254
 4,73   0,00    0,000    1,248   0,000   1,248

 4,74   0,00    1,254    1,248   0,018   1,057   0,053   0,002   0,105   0,004   0,000   0,015   0,000 4662322000
 4,74   3,95  558,314
 4,74   0,00    0,000    0,000
 4,74   0,00    0,000  546,456
 4,74   0,00    0,000    1,254   0,000   1,254
 4,74   0,00    0,000    1,248   0,000   1,248

 4,75   0,00    1,254    1,248   0,018   1,057   0,053   0,002   0,105   0,004   0,000   0,015   0,000 4672159000
 4,75   3,95  558,263
 4,75   0,00    0,000    0,000
 4,75   0,00    0,000  546,404
 4,75   0,00    0,000    1,254   0,000   1,254
 4,75   0,00    0,000    1,248   0,000   1,248

 4,76   0,00    1,254    1,248   0,018   1,057   0,053   0,002   0,105   0,004   0,000   0,015   0,000 4681995000
 4,76   3,95  558,214
 4,76   0,00    0,000    0,000
 4,76   0,00    0,000  546,352
 4,76   0,00    0,000    1,254   0,000   1,254
 4,76   0,00    0,000    1,248   0,000   1,248

 4,77   0,00    1,254    1,248   0,018   1,057   0,053   0,002   0,105   0,004   0,000   0,015   0,000 4691831000
 4,77   3,95  558,165
 4,77   0,00    0,000    0,000
 4,77   0,00    0,000  546,301
 4,77   0,00    0,000    1,254   0,000   1,254
 4,77   0,00    0,000    1,248   0,000   1,248

 4,78   0,00    1,253    1,247   0,018   1,057   0,053   0,002   0,105   0,004   0,000   0,015   0,000 4701667000
 4,78   3,95  558,117
 4,78   0,00    0,000    0,000
 4,78   0,00    0,000  546,251
 4,78   0,00    0,000    1,253   0,000   1,253
 4,78   0,00    0,000    1,247   0,000   1,247

 4,79   0,00    1,253    1,247   0,018   1,057   0,053   0,002   0,104   0,004   0,000   0,015   0,000 4711503000
 4,79   3,94  558,069
 4,79   0,00    0,000    0,000
 4,79   0,00    0,000  546,202
 4,79   0,00    0,000    1,253   0,000   1,253
 4,79   0,00    0,000    1,247   0,000   1,247

 4,80   0,00    1,253    1,247   0,018   1,057   0,052   0,002   0,104   0,004   0,000   0,015   0,000 4721339000
 4,80   3,94  558,023
 4,80   0,00    0,000    0,000
 4,80   0,00    0,000  546,154
 4,80   0,00    0,000    1,253   0,000   1,253
 4,80   0,00    0,000    1,247   0,000   1,247

 4,81   0,00    1,253    1,247   0,018   1,057   0,052   0,002   0,104   0,004   0,000   0,015   0,000 4731175000
 4,81   3,94  557,977
 4,81   0,00    0,000    0,000
 4,81   0,00    0,000  546,106
 4,81   0,00    0,000    1,253   0,000   1,253
 4,81   0,00    0,000    1,247   0,000   1,247

 4,82   0,00    1,252    1,247   0,018   1,057   0,052   0,002   0,104   0,004   0,000   0,015   0,000 4741011000
 4,82   3,94  557,932
 4,82   0,00    0,000    0,000
 4,82   0,00    0,000  546,059
 4,82   0,00    0,000    1,252   0,000   1,252
 4,82   0,00    0,000    1,247   0,000   1,247

 4,83   0,00    1,252    1,247   0,018   1,057   0,052   0,002   0,104   0,004   0,000   0,015   0,000 4750847000
 4,83   3,94  557,888
 4,83   0,00    0,000    0,000
 4,83   0,00    0,000  546,013
 4,83   0,00    0,000    1,252   0,000   1,252
 4,83   0,00    0,000    1,247   0,000   1,247

 4,84   0,00    1,252    1,246   0,018   1,057   0,052   0,002   0,104   0,004   0,000   0,015   0,000 4760684000
 4,84   3,94  557,844
 4,84   0,00    0,000    0,000
 4,84   0,00    0,000  545,968
 4,84   0,00    0,000    1,252   0,000   1,252
 4,84   0,00    0,000    1,246   0,000   1,246

 4,85   0,00    1,252    1,246   0,018   1,057   0,052   0,002   0,104   0,004   0,000   0,015   0,000 4770520000
 4,85   3,94  557,801
 4,85   0,00    0,000    0,000
 4,85   0,00    0,000  545,923
 4,85   0,00    0,000    1,252   0,000   1,252
 4,85   0,00    0,000    1,246   0,000   1,246

 4,86   0,00    1,252    1,246   0,018   1,057   0,052   0,002   0,104   0,004   0,000   0,015   0,000 4780356000
 4,86   3,94  557,759
 4,86   0,00    0,000    0,000
 4,86   0,00    0,000  545,880
 4,86   0,00    0,000    1,252   0,000   1,252
 4,86   0,00    0,000    1,246   0,000   1,246

 4,87   0,00    1,251    1,246   0,018   1,057   0,051   0,002   0,104   0,004   0,000   0,015   0,000 4790192000
 4,87   3,94  557,717
 4,87   0,00    0,000    0,000
 4,87   0,00    0,000  545,837
 4,87   0,00    0,000    1,251   0,000   1,251
 4,87   0,00    0,000    1,246   0,000   1,246

 4,88   0,00    1,251    1,246   0,018   1,057   0,051   0,002   0,104   0,004   0,000   0,015   0,000 4800028000
 4,88   3,94  557,677
 4,88   0,00    0,000    0,000
 4,88   0,00    0,000  545,794
 4,88   0,00    0,000    1,251   0,000   1,251
 4,88   0,00    0,000    1,246   0,000   1,246

 4,89   0,00    1,251    1,245   0,018   1,058   0,051   0,002   0,104   0,004   0,000   0,015   0,000 4809864000
 4,89   3,94  557,637
 4,89   0,00    0,000    0,000
 4,89   0,00    0,000  545,753
 4,89   0,00    0,000    1,251   0,000   1,251
 4,89   0,00    0,000    1,245   0,000   1,245

 4,90   0,00    1,251    1,245   0,018   1,058   0,051   0,002   0,104   0,004   0,000   0,015   0,000 4819701000
 4,90   3,94  557,597
 4,90   0,00    0,000    0,000
 4,90   0,00    0,000  545,712
 4,90   0,00    0,000    1,251   0,000   1,251
 4,90   0,00    0,000    1,245   0,000   1,245

 4,91   0,00    1,251    1,245   0,018   1,058   0,051   0,002   0,104   0,004   0,000   0,015   0,000 4829536000
 4,91   3,94  557,559
 4,91   0,00    0,000    0,000
 4,91   0,00    0,000  545,673
 4,91   0,00    0,000    1,251   0,000   1,251
 4,91   0,00    0,000    1,245   0,000   1,245

 4,92   0,00    1,250    1,245   0,018   1,058   0,051   0,002   0,104   0,004   0,000   0,015   0,000 4839373000
 4,92   3,94  557,521
 4,92   0,00    0,000    0,000
 4,92   0,00    0,000  545,633
 4,92   0,00    0,000    1,250   0,000   1,250
 4,92   0,00    0,000    1,245   0,000   1,245

 4,93   0,00    1,250    1,245   0,017   1,058   0,051   0,002   0,104   0,004   0,000   0,015   0,000 4849209000
 4,93   3,94  557,483
 4,93   0,00    0,000    0,000
 4,93   0,00    0,000  545,595
 4,93   0,00    0,000    1,250   0,000   1,250
 4,93   0,00    0,000    1,245   0,000   1,245

 4,94   0,00    1,250    1,245   0,017   1,058   0,050   0,002   0,104   0,004   0,000   0,015   0,000 4859045000
 4,94   3,95  557,447
 4,94   0,00    0,000    0,000
 4,94   0,00    0,000  545,557
 4,94   0,00    0,000    1,250   0,000   1,250
 4,94   0,00    0,000    1,245   0,000   1,245

 4,95   0,00    1,250    1,244   0,017   1,058   0,050   0,002   0,104   0,004   0,000   0,014   0,000 4868881000
 4,95   3,95  557,411
 4,95   0,00    0,000    0,000
 4,95   0,00    0,000  545,520
 4,95   0,00    0,000    1,250   0,000   1,250
 4,95   0,00    0,000    1,244   0,000   1,244

 4,96   0,00    1,250    1,244   0,017   1,058   0,050   0,002   0,104   0,004   0,000   0,014   0,000 4878717000
 4,96   3,95  557,376
 4,96   0,00    0,000    0,000
 4,96   0,00    0,000  545,484
 4,96   0,00    0,000    1,250   0,000   1,250
 4,96   0,00    0,000    1,244   0,000   1,244

 4,97   0,00    1,249    1,244   0,017   1,058   0,050   0,002   0,104   0,004   0,000   0,014   0,000 4888553000
 4,97   3,95  557,341
 4,97   0,00    0,000    0,000
 4,97   0,00    0,000  545,448
 4,97   0,00    0,000    1,249   0,000   1,249
 4,97   0,00    0,000    1,244   0,000   1,244

 4,98   0,00    1,249    1,244   0,017   1,058   0,050   0,002   0,104   0,004   0,000   0,014   0,000 4898390000
 4,98   3,95  557,307
 4,98   0,00    0,000    0,000
 4,98   0,00    0,000  545,413
 4,98   0,00    0,000    1,249   0,000   1,249
 4,98   0,00    0,000    1,244   0,000   1,244

 4,99   0,00    1,249    1,244   0,017   1,058   0,050   0,002   0,104   0,004   0,000   0,014   0,000 4908226000
 4,99   3,95  557,274
 4,99   0,00    0,000    0,000
 4,99   0,00    0,000  545,379
 4,99   0,00    0,000    1,249   0,000   1,249
 4,99   0,00    0,000    1,244   0,000   1,244

 5,00   0,00    1,249    1,243   0,017   1,058   0,050   0,002   0,104   0,004   0,000   0,014   0,000 4918062000
 5,00   3,95  557,241
 5,00   0,00    0,000    0,000
 5,00   0,00    0,000  545,346
 5,00   0,00    0,000    1,249   0,000   1,249
 5,00   0,00    0,000    1,243   0,000   1,243

 5,01   0,00    1,249    1,243   0,017   1,058   0,049   0,002   0,104   0,004   0,000   0,014   0,000 4927898000
 5,01   3,95  557,209
 5,01   0,00    0,000    0,000
 5,01   0,00    0,000  545,313
 5,01   0,00    0,000    1,249   0,000   1,249
 5,01   0,00    0,000    1,243   0,000   1,243

 5,02   0,00    1,248    1,243   0,017   1,058   0,049   0,002   0,104   0,004   0,000   0,014   0,000 4937734000
 5,02   3,95  557,178
 5,02   0,00    0,000    0,000
 5,02   0,00    0,000  545,281
 5,02   0,00    0,000    1,248   0,000   1,248
 5,02   0,00    0,000    1,243   0,000   1,243

 5,03   0,00    1,248    1,243   0,017   1,058   0,049   0,002   0,104   0,004   0,000   0,014   0,000 4947570000
 5,03   3,95  557,148
 5,03   0,00    0,000    0,000
 5,03   0,00    0,000  545,250
 5,03   0,00    0,000    1,248   0,000   1,248
 5,03   0,00    0,000    1,243   0,000   1,243

 5,04   0,00    1,248    1,243   0,017   1,058   0,049   0,002   0,103   0,004   0,000   0,014   0,000 4957406000
 5,04   3,95  557,118
 5,04   0,00    0,000    0,000
 5,04   0,00    0,000  545,219
 5,04   0,00    0,000    1,248   0,000   1,248
 5,04   0,00    0,000    1,243   0,000   1,243

 5,05   0,00    1,248    1,243   0,017   1,059   0,049   0,002   0,103   0,004   0,000   0,014   0,000 4967243000
 5,05   3,95  557,088
 5,05   0,00    0,000    0,000
 5,05   0,00    0,000  545,189
 5,05   0,00    0,000    1,248   0,000   1,248
 5,05   0,00    0,000    1,243   0,000   1,243

 5,06   0,00    1,248    1,242   0,017   1,059   0,049   0,002   0,103   0,004   0,000   0,014   0,000 4977078000
 5,06   3,95  557,060
 5,06   0,00    0,000    0,000
 5,06   0,00    0,000  545,160
 5,06   0,00    0,000    1,248   0,000   1,248
 5,06   0,00    0,000    1,242   0,000   1,242

 5,07   0,00    1,247    1,242   0,017   1,059   0,049   0,002   0,103   0,004   0,000   0,014   0,000 4986915000
 5,07   3,95  557,032
 5,07   0,00    0,000    0,000
 5,07   0,00    0,000  545,132
 5,07   0,00    0,000    1,247   0,000   1,247
 5,07   0,00    0,000    1,242   0,000   1,242

 5,08   0,00    1,247    1,242   0,017   1,059   0,048   0,002   0,103   0,004   0,000   0,014   0,000 4996751000
 5,08   3,95  557,004
 5,08   0,00    0,000    0,000
 5,08   0,00    0,000  545,104
 5,08   0,00    0,000    1,247   0,000   1,247
 5,08   0,00    0,000    1,242   0,000   1,242

 5,09   0,00    1,247    1,242   0,017   1,059   0,048   0,002   0,103   0,004   0,000   0,014   0,000 5006587000
 5,09   3,95  556,977
 5,09   0,00    0,000    0,000
 5,09   0,00    0,000  545,076
 5,09   0,00    0,000    1,247   0,000   1,247
 5,09   0,00    0,000    1,242   0,000   1,242

 5,10   0,00    1,247    1,242   0,017   1,059   0,048   0,002   0,103   0,004   0,000   0,014   0,000 5016423000
 5,10   3,95  556,951
 5,10   0,00    0,000    0,000
 5,10   0,00    0,000  545,050
 5,10   0,00    0,000    1,247   0,000   1,247
 5,10   0,00    0,000    1,242   0,000   1,242

 5,11   0,00    1,247    1,242   0,017   1,059   0,048   0,002   0,103   0,004   0,000   0,014   0,000 5026259000
 5,11   3,95  556,926
 5,11   0,00    0,000    0,000
 5,11   0,00    0,000  545,024
 5,11   0,00    0,000    1,247   0,000   1,247
 5,11   0,00    0,000    1,242   0,000   1,242

 5,12   0,00    1,246    1,241   0,017   1,059   0,048   0,002   0,103   0,004   0,000   0,014   0,000 5036095000
 5,12   3,95  556,901
 5,12   0,00    0,000    0,000
 5,12   0,00    0,000  544,999
 5,12   0,00    0,000    1,246   0,000   1,246
 5,12   0,00    0,000    1,241   0,000   1,241

 5,13   0,00    1,246    1,241   0,017   1,059   0,048   0,002   0,103   0,004   0,000   0,014   0,000 5045932000
 5,13   3,95  556,876
 5,13   0,00    0,000    0,000
 5,13   0,00    0,000  544,974
 5,13   0,00    0,000    1,246   0,000   1,246
 5,13   0,00    0,000    1,241   0,000   1,241

 5,14   0,00    1,246    1,241   0,017   1,059   0,048   0,002   0,103   0,004   0,000   0,014   0,000 5055768000
 5,14   3,95  556,853
 5,14   0,00    0,000    0,000
 5,14   0,00    0,000  544,950
 5,14   0,00    0,000    1,246   0,000   1,246
 5,14   0,00    0,000    1,241   0,000   1,241

 5,15   0,00    1,246    1,241   0,017   1,059   0,047   0,002   0,103   0,004   0,000   0,014   0,000 5065604000
 5,15   3,95  556,830
 5,15   0,00    0,000    0,000
 5,15   0,00    0,000  544,927
 5,15   0,00    0,000    1,246   0,000   1,246
 5,15   0,00    0,000    1,241   0,000   1,241

 5,16   0,00    1,246    1,241   0,017   1,059   0,047   0,002   0,103   0,004   0,000   0,014   0,000 5075440000
 5,16   3,95  556,807
 5,16   0,00    0,000    0,000
 5,16   0,00    0,000  544,904
 5,16   0,00    0,000    1,246   0,000   1,246
 5,16   0,00    0,000    1,241   0,000   1,241

 5,17   0,00    1,245    1,241   0,017   1,059   0,047   0,002   0,103   0,004   0,000   0,014   0,000 5085276000
 5,17   3,95  556,785
 5,17   0,00    0,000    0,000
 5,17   0,00    0,000  544,882
 5,17   0,00    0,000    1,245   0,000   1,245
 5,17   0,00    0,000    1,241   0,000   1,241

 5,18   0,00    1,245    1,240   0,017   1,059   0,047   0,002   0,103   0,004   0,000   0,014   0,000 5095112000
 5,18   3,95  556,764
 5,18   0,00    0,000    0,000
 5,18   0,00    0,000  544,861
 5,18   0,00    0,000    1,245   0,000   1,245
 5,18   0,00    0,000    1,240   0,000   1,240

 5,19   0,00    1,245    1,240   0,016   1,059   0,047   0,002   0,103   0,004   0,000   0,014   0,000 5104948000
 5,19   3,95  556,743
 5,19   0,00    0,000    0,000
 5,19   0,00    0,000  544,840
 5,19   0,00    0,000    1,245   0,000   1,245
 5,19   0,00    0,000    1,240   0,000   1,240

 5,20   0,00    1,245    1,240   0,016   1,059   0,047   0,002   0,103   0,004   0,000   0,014   0,000 5114784000
 5,20   3,95  556,723
 5,20   0,00    0,000    0,000
 5,20   0,00    0,000  544,820
 5,20   0,00    0,000    1,245   0,000   1,245
 5,20   0,00    0,000    1,240   0,000   1,240

 5,21   0,00    1,245    1,240   0,016   1,059   0,047   0,002   0,103   0,004   0,000   0,014   0,000 5124620000
 5,21   3,95  556,703
 5,21   0,00    0,000    0,000
 5,21   0,00    0,000  544,800
 5,21   0,00    0,000    1,245   0,000   1,245
 5,21   0,00    0,000    1,240   0,000   1,240

 5,22   0,00    1,244    1,240   0,016   1,059   0,046   0,002   0,103   0,004   0,000   0,014   0,000 5134456000
 5,22   3,95  556,685
 5,22   0,00    0,000    0,000
 5,22   0,00    0,000  544,781
 5,22   0,00    0,000    1,244   0,000   1,244
 5,22   0,00    0,000    1,240   0,000   1,240

 5,23   0,00    1,244    1,239   0,016   1,060   0,046   0,002   0,103   0,004   0,000   0,014   0,000 5144292000
 5,23   3,95  556,666
 5,23   0,00    0,000    0,000
 5,23   0,00    0,000  544,763
 5,23   0,00    0,000    1,244   0,000   1,244
 5,23   0,00    0,000    1,239   0,000   1,239

 5,24   0,00    1,244    1,239   0,016   1,060   0,046   0,002   0,103   0,004   0,000   0,014   0,000 5154128000
 5,24   3,95  556,648
 5,24   0,00    0,000    0,000
 5,24   0,00    0,000  544,745
 5,24   0,00    0,000    1,244   0,000   1,244
 5,24   0,00    0,000    1,239   0,000   1,239

 5,25   0,00    1,244    1,239   0,016   1,060   0,046   0,002   0,103   0,004   0,000   0,014   0,000 5163965000
 5,25   3,95  556,631
 5,25   0,00    0,000    0,000
 5,25   0,00    0,000  544,728
 5,25   0,00    0,000    1,244   0,000   1,244
 5,25   0,00    0,000    1,239   0,000   1,239

 5,26   0,00    1,244    1,239   0,016   1,060   0,046   0,002   0,103   0,004   0,000   0,014   0,000 5173801000
 5,26   3,95  556,614
 5,26   0,00    0,000    0,000
 5,26   0,00    0,000  544,712
 5,26   0,00    0,000    1,244   0,000   1,244
 5,26   0,00    0,000    1,239   0,000   1,239

 5,27   0,00    1,243    1,239   0,016   1,060   0,046   0,002   0,103   0,004   0,000   0,014   0,000 5183637000
 5,27   3,95  556,598
 5,27   0,00    0,000    0,000
 5,27   0,00    0,000  544,696
 5,27   0,00    0,000    1,243   0,000   1,243
 5,27   0,00    0,000    1,239   0,000   1,239

 5,28   0,00    1,243    1,239   0,016   1,060   0,046   0,002   0,103   0,004   0,000   0,014   0,000 5193474000
 5,28   3,95  556,582
 5,28   0,00    0,000    0,000
 5,28   0,00    0,000  544,681
 5,28   0,00    0,000    1,243   0,000   1,243
 5,28   0,00    0,000    1,239   0,000   1,239

 5,29   0,00    1,243    1,238   0,016   1,060   0,045   0,002   0,103   0,004   0,000   0,014   0,000 5203309000
 5,29   3,95  556,568
 5,29   0,00    0,000    0,000
 5,29   0,00    0,000  544,666
 5,29   0,00    0,000    1,243   0,000   1,243
 5,29   0,00    0,000    1,238   0,000   1,238

 5,30   0,00    1,243    1,238   0,016   1,060   0,045   0,002   0,103   0,004   0,000   0,014   0,000 5213146000
 5,30   3,95  556,553
 5,30   0,00    0,000    0,000
 5,30   0,00    0,000  544,652
 5,30   0,00    0,000    1,243   0,000   1,243
 5,30   0,00    0,000    1,238   0,000   1,238

 5,31   0,00    1,243    1,238   0,016   1,060   0,045   0,002   0,102   0,004   0,000   0,014   0,000 5222982000
 5,31   3,95  556,539
 5,31   0,00    0,000    0,000
 5,31   0,00    0,000  544,638
 5,31   0,00    0,000    1,243   0,000   1,243
 5,31   0,00    0,000    1,238   0,000   1,238

 5,32   0,00    1,242    1,238   0,016   1,060   0,045   0,002   0,102   0,004   0,000   0,014   0,000 5232818000
 5,32   3,95  556,526
 5,32   0,00    0,000    0,000
 5,32   0,00    0,000  544,625
 5,32   0,00    0,000    1,242   0,000   1,242
 5,32   0,00    0,000    1,238   0,000   1,238

 5,33   0,00    1,242    1,238   0,016   1,060   0,045   0,002   0,102   0,004   0,000   0,014   0,000 5242654000
 5,33   3,95  556,513
 5,33   0,00    0,000    0,000
 5,33   0,00    0,000  544,613
 5,33   0,00    0,000    1,242   0,000   1,242
 5,33   0,00    0,000    1,238   0,000   1,238

 5,34   0,00    1,242    1,238   0,016   1,060   0,045   0,002   0,102   0,004   0,000   0,014   0,000 5252490000
 5,34   3,95  556,501
 5,34   0,00    0,000    0,000
 5,34   0,00    0,000  544,601
 5,34   0,00    0,000    1,242   0,000   1,242
 5,34   0,00    0,000    1,238   0,000   1,238

 5,35   0,00    1,242    1,237   0,016   1,060   0,045   0,002   0,102   0,004   0,000   0,014   0,000 5262326000
 5,35   3,95  556,489
 5,35   0,00    0,000    0,000
 5,35   0,00    0,000  544,590
 5,35   0,00    0,000    1,242   0,000   1,242
 5,35   0,00    0,000    1,237   0,000   1,237

 5,36   0,00    1,242    1,237   0,016   1,060   0,044   0,002   0,102   0,004   0,000   0,014   0,000 5272162000
 5,36   3,95  556,477
 5,36   0,00    0,000    0,000
 5,36   0,00    0,000  544,579
 5,36   0,00    0,000    1,242   0,000   1,242
 5,36   0,00    0,000    1,237   0,000   1,237

 5,37   0,00    1,242    1,237   0,016   1,060   0,044   0,002   0,102   0,004   0,000   0,014   0,000 5281998000
 5,37   3,95  556,467
 5,37   0,00    0,000    0,000
 5,37   0,00    0,000  544,569
 5,37   0,00    0,000    1,242   0,000   1,242
 5,37   0,00    0,000    1,237   0,000   1,237

 5,38   0,00    1,241    1,237   0,016   1,060   0,044   0,002   0,102   0,004   0,000   0,013   0,000 5291834000
 5,38   3,95  556,457
 5,38   0,00    0,000    0,000
 5,38   0,00    0,000  544,560
 5,38   0,00    0,000    1,241   0,000   1,241
 5,38   0,00    0,000    1,237   0,000   1,237

 5,39   0,00    1,241    1,237   0,016   1,060   0,044   0,002   0,102   0,004   0,000   0,013   0,000 5301670000
 5,39   3,95  556,447
 5,39   0,00    0,000    0,000
 5,39   0,00    0,000  544,551
 5,39   0,00    0,000    1,241   0,000   1,241
 5,39   0,00    0,000    1,237   0,000   1,237

 5,40   0,00    1,241    1,237   0,016   1,060   0,044   0,002   0,102   0,004   0,000   0,013   0,000 5311507000
 5,40   3,95  556,438
 5,40   0,00    0,000    0,000
 5,40   0,00    0,000  544,542
 5,40   0,00    0,000    1,241   0,000   1,241
 5,40   0,00    0,000    1,237   0,000   1,237

 5,41   0,00    1,241    1,236   0,016   1,060   0,044   0,002   0,102   0,004   0,000   0,013   0,000 5321342000
 5,41   3,96  556,429
 5,41   0,00    0,000    0,000
 5,41   0,00    0,000  544,535
 5,41   0,00    0,000    1,241   0,000   1,241
 5,41   0,00    0,000    1,236   0,000   1,236

 5,42   0,00    1,241    1,236   0,016   1,061   0,044   0,002   0,102   0,004   0,000   0,013   0,000 5331179000
 5,42   3,96  556,421
 5,42   0,00    0,000    0,000
 5,42   0,00    0,000  544,527
 5,42   0,00    0,000    1,241   0,000   1,241
 5,42   0,00    0,000    1,236   0,000   1,236

 5,43   0,00    1,240    1,236   0,016   1,061   0,043   0,002   0,102   0,004   0,000   0,013   0,000 5341015000
 5,43   3,96  556,414
 5,43   0,00    0,000    0,000
 5,43   0,00    0,000  544,521
 5,43   0,00    0,000    1,240   0,000   1,240
 5,43   0,00    0,000    1,236   0,000   1,236

 5,44   0,00    1,240    1,236   0,016   1,061   0,043   0,002   0,102   0,004   0,000   0,013   0,000 5350851000
 5,44   3,96  556,406
 5,44   0,00    0,000    0,000
 5,44   0,00    0,000  544,514
 5,44   0,00    0,000    1,240   0,000   1,240
 5,44   0,00    0,000    1,236   0,000   1,236

 5,45   0,00    1,240    1,236   0,016   1,061   0,043   0,002   0,102   0,004   0,000   0,013   0,000 5360687000
 5,45   3,96  556,400
 5,45   0,00    0,000    0,000
 5,45   0,00    0,000  544,509
 5,45   0,00    0,000    1,240   0,000   1,240
 5,45   0,00    0,000    1,236   0,000   1,236

 5,46   0,00    1,240    1,235   0,016   1,061   0,043   0,002   0,102   0,004   0,000   0,013   0,000 5370524000
 5,46   3,96  556,394
 5,46   0,00    0,000    0,000
 5,46   0,00    0,000  544,504
 5,46   0,00    0,000    1,240   0,000   1,240
 5,46   0,00    0,000    1,235   0,000   1,235

 5,47   0,00    1,240    1,235   0,016   1,061   0,043   0,002   0,102   0,004   0,000   0,013   0,000 5380359000
 5,47   3,96  556,388
 5,47   0,00    0,000    0,000
 5,47   0,00    0,000  544,499
 5,47   0,00    0,000    1,240   0,000   1,240
 5,47   0,00    0,000    1,235   0,000   1,235

 5,48   0,00    1,239    1,235   0,015   1,061   0,043   0,002   0,102   0,004   0,000   0,013   0,000 5390196000
 5,48   3,96  556,383
 5,48   0,00    0,000    0,000
 5,48   0,00    0,000  544,495
 5,48   0,00    0,000    1,239   0,000   1,239
 5,48   0,00    0,000    1,235   0,000   1,235

 5,49   0,00    1,239    1,235   0,015   1,061   0,043   0,002   0,102   0,004   0,000   0,013   0,000 5400032000
 5,49   3,96  556,378
 5,49   0,00    0,000    0,000
 5,49   0,00    0,000  544,491
 5,49   0,00    0,000    1,239   0,000   1,239
 5,49   0,00    0,000    1,235   0,000   1,235

 5,50   0,00    1,239    1,235   0,015   1,061   0,042   0,002   0,102   0,004   0,000   0,013   0,000 5409868000
 5,50   3,96  556,374
 5,50   0,00    0,000    0,000
 5,50   0,00    0,000  544,488
 5,50   0,00    0,000    1,239   0,000   1,239
 5,50   0,00    0,000    1,235   0,000   1,235

 5,51   0,00    1,239    1,235   0,015   1,061   0,042   0,002   0,102   0,004   0,000   0,013   0,000 5419704000
 5,51   3,96  556,371
 5,51   0,00    0,000    0,000
 5,51   0,00    0,000  544,486
 5,51   0,00    0,000    1,239   0,000   1,239
 5,51   0,00    0,000    1,235   0,000   1,235

 5,52   0,00    1,239    1,234   0,015   1,061   0,042   0,002   0,102   0,004   0,000   0,013   0,000 5429540000
 5,52   3,96  556,367
 5,52   0,00    0,000    0,000
 5,52   0,00    0,000  544,484
 5,52   0,00    0,000    1,239   0,000   1,239
 5,52   0,00    0,000    1,234   0,000   1,234

 5,53   0,00    1,238    1,234   0,015   1,061   0,042   0,002   0,102   0,004   0,000   0,013   0,000 5439376000
 5,53   3,96  556,365
 5,53   0,00    0,000    0,000
 5,53   0,00    0,000  544,482
 5,53   0,00    0,000    1,238   0,000   1,238
 5,53   0,00    0,000    1,234   0,000   1,234

 5,54   0,00    1,238    1,234   0,015   1,061   0,042   0,002   0,102   0,004   0,000   0,013   0,000 5449212000
 5,54   3,96  556,363
 5,54   0,00    0,000    0,000
 5,54   0,00    0,000  544,481
 5,54   0,00    0,000    1,238   0,000   1,238
 5,54   0,00    0,000    1,234   0,000   1,234

 5,55   0,00    1,238    1,234   0,015   1,061   0,042   0,002   0,102   0,004   0,000   0,013   0,000 5459049000
 5,55   3,96  556,361
 5,55   0,00    0,000    0,000
 5,55   0,00    0,000  544,481
 5,55   0,00    0,000    1,238   0,000   1,238
 5,55   0,00    0,000    1,234   0,000   1,234

 5,56   0,00    1,238    1,234   0,015   1,061   0,041   0,002   0,102   0,004   0,000   0,013   0,000 5468884000
 5,56   3,96  556,360
 5,56   0,00    0,000    0,000
 5,56   0,00    0,000  544,481
 5,56   0,00    0,000    1,238   0,000   1,238
 5,56   0,00    0,000    1,234   0,000   1,234

 5,57   0,00    1,238    1,234   0,015   1,061   0,041   0,002   0,102   0,004   0,000   0,013   0,000 5478721000
 5,57   3,96  556,359
 5,57   0,00    0,000    0,000
 5,57   0,00    0,000  544,481
 5,57   0,00    0,000    1,238   0,000   1,238
 5,57   0,00    0,000    1,234   0,000   1,234

 5,58   0,00    1,237    1,233   0,015   1,061   0,041   0,002   0,102   0,004   0,000   0,013   0,000 5488557000
 5,58   3,96  556,358
 5,58   0,00    0,000    0,000
 5,58   0,00    0,000  544,483
 5,58   0,00    0,000    1,237   0,000   1,237
 5,58   0,00    0,000    1,233   0,000   1,233

 5,59   0,00    1,237    1,233   0,015   1,061   0,041   0,002   0,102   0,004   0,000   0,013   0,000 5498393000
 5,59   3,96  556,359
 5,59   0,00    0,000    0,000
 5,59   0,00    0,000  544,484
 5,59   0,00    0,000    1,237   0,000   1,237
 5,59   0,00    0,000    1,233   0,000   1,233

 5,60   0,00    1,237    1,233   0,015   1,061   0,041   0,002   0,102   0,004   0,000   0,013   0,000 5508229000
 5,60   3,96  556,359
 5,60   0,00    0,000    0,000
 5,60   0,00    0,000  544,486
 5,60   0,00    0,000    1,237   0,000   1,237
 5,60   0,00    0,000    1,233   0,000   1,233

 5,61   0,00    1,237    1,233   0,015   1,062   0,041   0,002   0,102   0,004   0,000   0,013   0,000 5518065000
 5,61   3,96  556,360
 5,61   0,00    0,000    0,000
 5,61   0,00    0,000  544,489
 5,61   0,00    0,000    1,237   0,000   1,237
 5,61   0,00    0,000    1,233   0,000   1,233

 5,62   0,00    1,237    1,233   0,015   1,062   0,041   0,002   0,101   0,004   0,000   0,013   0,000 5527901000
 5,62   3,96  556,362
 5,62   0,00    0,000    0,000
 5,62   0,00    0,000  544,492
 5,62   0,00    0,000    1,237   0,000   1,237
 5,62   0,00    0,000    1,233   0,000   1,233

 5,63   0,00    1,237    1,232   0,015   1,062   0,040   0,002   0,101   0,004   0,000   0,013   0,000 5537738000
 5,63   3,96  556,364
 5,63   0,00    0,000    0,000
 5,63   0,00    0,000  544,495
 5,63   0,00    0,000    1,237   0,000   1,237
 5,63   0,00    0,000    1,232   0,000   1,232

 5,64   0,00    1,236    1,232   0,015   1,062   0,040   0,001   0,101   0,004   0,000   0,013   0,000 5547574000
 5,64   3,96  556,366
 5,64   0,00    0,000    0,000
 5,64   0,00    0,000  544,499
 5,64   0,00    0,000    1,236   0,000   1,236
 5,64   0,00    0,000    1,232   0,000   1,232

 5,65   0,00    1,236    1,232   0,015   1,062   0,040   0,001   0,101   0,004   0,000   0,013   0,000 5557410000
 5,65   3,97  556,369
 5,65   0,00    0,000    0,000
 5,65   0,00    0,000  544,504
 5,65   0,00    0,000    1,236   0,000   1,236
 5,65   0,00    0,000    1,232   0,000   1,232

 5,66   0,00    1,236    1,232   0,015   1,062   0,040   0,001   0,101   0,004   0,000   0,013   0,000 5567246000
 5,66   3,97  556,372
 5,66   0,00    0,000    0,000
 5,66   0,00    0,000  544,508
 5,66   0,00    0,000    1,236   0,000   1,236
 5,66   0,00    0,000    1,232   0,000   1,232

 5,67   0,00    1,236    1,232   0,015   1,062   0,040   0,001   0,101   0,004   0,000   0,013   0,000 5577082000
 5,67   3,97  556,376
 5,67   0,00    0,000    0,000
 5,67   0,00    0,000  544,514
 5,67   0,00    0,000    1,236   0,000   1,236
 5,67   0,00    0,000    1,232   0,000   1,232

 5,68   0,00    1,236    1,232   0,015   1,062   0,040   0,001   0,101   0,004   0,000   0,013   0,000 5586918000
 5,68   3,97  556,380
 5,68   0,00    0,000    0,000
 5,68   0,00    0,000  544,520
 5,68   0,00    0,000    1,236   0,000   1,236
 5,68   0,00    0,000    1,232   0,000   1,232

 5,69   0,00    1,235    1,231   0,015   1,062   0,040   0,001   0,101   0,004   0,000   0,013   0,000 5596754000
 5,69   3,97  556,385
 5,69   0,00    0,000    0,000
 5,69   0,00    0,000  544,526
 5,69   0,00    0,000    1,235   0,000   1,235
 5,69   0,00    0,000    1,231   0,000   1,231

 5,70   0,00    1,235    1,231   0,015   1,062   0,039   0,001   0,101   0,004   0,000   0,013   0,000 5606590000
 5,70   3,97  556,390
 5,70   0,00    0,000    0,000
 5,70   0,00    0,000  544,533
 5,70   0,00    0,000    1,235   0,000   1,235
 5,70   0,00    0,000    1,231   0,000   1,231

 5,71   0,00    1,235    1,231   0,015   1,062   0,039   0,001   0,101   0,003   0,000   0,013   0,000 5616426000
 5,71   3,97  556,396
 5,71   0,00    0,000    0,000
 5,71   0,00    0,000  544,540
 5,71   0,00    0,000    1,235   0,000   1,235
 5,71   0,00    0,000    1,231   0,000   1,231

 5,72   0,00    1,235    1,231   0,015   1,062   0,039   0,001   0,101   0,003   0,000   0,013   0,000 5626263000
 5,72   3,97  556,402
 5,72   0,00    0,000    0,000
 5,72   0,00    0,000  544,548
 5,72   0,00    0,000    1,235   0,000   1,235
 5,72   0,00    0,000    1,231   0,000   1,231

 5,73   0,00    1,235    1,231   0,015   1,062   0,039   0,001   0,101   0,003   0,000   0,013   0,000 5636099000
 5,73   3,97  556,408
 5,73   0,00    0,000    0,000
 5,73   0,00    0,000  544,556
 5,73   0,00    0,000    1,235   0,000   1,235
 5,73   0,00    0,000    1,231   0,000   1,231

 5,74   0,00    1,234    1,230   0,015   1,062   0,039   0,001   0,101   0,003   0,000   0,013   0,000 5645935000
 5,74   3,97  556,618
 5,74   0,00    0,000    0,000
 5,74   0,00    0,000  544,565
 5,74   0,00    0,000    1,234   0,000   1,234
 5,74   0,00    0,000    1,230   0,000   1,230

 5,75   0,00    1,234    1,230   0,015   1,062   0,039   0,001   0,101   0,003   0,000   0,013   0,000 5655771000
 5,75   3,98  556,978
 5,75   0,00    0,000    0,000
 5,75   0,00    0,000  544,574
 5,75   0,00    0,000    1,234   0,000   1,234
 5,75   0,00    0,000    1,230   0,000   1,230

 5,76   0,00    1,234    1,230   0,015   1,062   0,038   0,001   0,101   0,003   0,000   0,013   0,000 5665607000
 5,76   3,98  557,338
 5,76   0,00    0,000    0,000
 5,76   0,00    0,000  544,583
 5,76   0,00    0,000    1,234   0,000   1,234
 5,76   0,00    0,000    1,230   0,000   1,230

 5,77   0,00    1,234    1,230   0,015   1,062   0,038   0,001   0,101   0,003   0,000   0,013   0,000 5675443000
 5,77   3,99  557,697
 5,77   0,00    0,000    0,000
 5,77   0,00    0,000  544,593
 5,77   0,00    0,000    1,234   0,000   1,234
 5,77   0,00    0,000    1,230   0,000   1,230

 5,78   0,00    1,234    1,230   0,015   1,062   0,038   0,001   0,101   0,003   0,000   0,013   0,000 5685280000
 5,78   3,99  558,055
 5,78   0,00    0,000    0,000
 5,78   0,00    0,000  544,604
 5,78   0,00    0,000    1,234   0,000   1,234
 5,78   0,00    0,000    1,230   0,000   1,230

 5,79   0,00    1,233    1,230   0,015   1,062   0,038   0,001   0,101   0,003   0,000   0,013   0,000 5695115000
 5,79   4,00  558,413
 5,79   0,00    0,000    0,000
 5,79   0,00    0,000  544,614
 5,79   0,00    0,000    1,233   0,000   1,233
 5,79   0,00    0,000    1,230   0,000   1,230

 5,80   0,00    1,233    1,229   0,014   1,062   0,038   0,001   0,101   0,003   0,000   0,013   0,000 5704952000
 5,80   4,00  558,771
 5,80   0,00    0,000    0,000
 5,80   0,00    0,000  544,626
 5,80   0,00    0,000    1,233   0,000   1,233
 5,80   0,00    0,000    1,229   0,000   1,229

 5,81   0,00    1,233    1,229   0,014   1,062   0,038   0,001   0,101   0,003   0,000   0,013   0,000 5714788000
 5,81   4,00  559,128
 5,81   0,00    0,000    0,000
 5,81   0,00    0,000  544,637
 5,81   0,00    0,000    1,233   0,000   1,233
 5,81   0,00    0,000    1,229   0,000   1,229

 5,82   0,00    1,233    1,229   0,014   1,063   0,037   0,001   0,101   0,003   0,000   0,013   0,000 5724624000
 5,82   4,01  559,485
 5,82   0,00    0,000    0,000
 5,82   0,00    0,000  544,650
 5,82   0,00    0,000    1,233   0,000   1,233
 5,82   0,00    0,000    1,229   0,000   1,229

 5,83   0,00    1,233    1,229   0,014   1,063   0,037   0,001   0,101   0,003   0,000   0,013   0,000 5734460000
 5,83   4,01  559,841
 5,83   0,00    0,000    0,000
 5,83   0,00    0,000  544,662
 5,83   0,00    0,000    1,233   0,000   1,233
 5,83   0,00    0,000    1,229   0,000   1,229

 5,84   0,00    1,232    1,229   0,014   1,063   0,037   0,001   0,101   0,003   0,000   0,013   0,000 5744296000
 5,84   4,02  560,197
 5,84   0,00    0,000    0,000
 5,84   0,00    0,000  544,675
 5,84   0,00    0,000    1,232   0,000   1,232
 5,84   0,00    0,000    1,229   0,000   1,229

 5,85   0,00    1,232    1,228   0,014   1,063   0,037   0,001   0,101   0,003   0,000   0,013   0,000 5754132000
 5,85   4,02  560,553
 5,85   0,00    0,000    0,000
 5,85   0,00    0,000  544,689
 5,85   0,00    0,000    1,232   0,000   1,232
 5,85   0,00    0,000    1,228   0,000   1,228

 5,86   0,00    1,232    1,228   0,014   1,063   0,037   0,001   0,101   0,003   0,000   0,013   0,000 5763969000
 5,86   4,03  560,908
 5,86   0,00    0,000    0,000
 5,86   0,00    0,000  544,702
 5,86   0,00    0,000    1,232   0,000   1,232
 5,86   0,00    0,000    1,228   0,000   1,228

 5,87   0,00    1,232    1,228   0,014   1,063   0,037   0,001   0,101   0,003   0,000   0,013   0,000 5773805000
 5,87   4,03  561,262
 5,87   0,00    0,000    0,000
 5,87   0,00    0,000  544,717
 5,87   0,00    0,000    1,232   0,000   1,232
 5,87   0,00    0,000    1,228   0,000   1,228

 5,88   0,00    1,232    1,228   0,014   1,063   0,036   0,001   0,101   0,003   0,000   0,013   0,000 5783641000
 5,88   4,04  561,616
 5,88   0,00    0,000    0,000
 5,88   0,00    0,000  544,731
 5,88   0,00    0,000    1,232   0,000   1,232
 5,88   0,00    0,000    1,228   0,000   1,228

 5,89   0,00    1,231    1,228   0,014   1,063   0,036   0,001   0,101   0,003   0,000   0,013   0,000 5793477000
 5,89   4,04  561,970
 5,89   0,00    0,000    0,000
 5,89   0,00    0,000  544,746
 5,89   0,00    0,000    1,231   0,000   1,231
 5,89   0,00    0,000    1,228   0,000   1,228

 5,90   0,00    1,231    1,228   0,014   1,063   0,036   0,001   0,101   0,003   0,000   0,012   0,000 5803313000
 5,90   4,05  562,323
 5,90   0,00    0,000    0,000
 5,90   0,00    0,000  544,762
 5,90   0,00    0,000    1,231   0,000   1,231
 5,90   0,00    0,000    1,228   0,000   1,228

 5,91   0,00    1,231    1,227   0,014   1,063   0,036   0,001   0,101   0,003   0,000   0,012   0,000 5813149000
 5,91   4,05  562,676
 5,91   0,00    0,000    0,000
 5,91   0,00    0,000  544,778
 5,91   0,00    0,000    1,231   0,000   1,231
 5,91   0,00    0,000    1,227   0,000   1,227

 5,92   0,00    1,231    1,227   0,014   1,063   0,036   0,001   0,101   0,003   0,000   0,012   0,000 5822985000
 5,92   4,06  563,028
 5,92   0,00    0,000    0,000
 5,92   0,00    0,000  544,794
 5,92   0,00    0,000    1,231   0,000   1,231
 5,92   0,00    0,000    1,227   0,000   1,227

 5,93   0,00    1,230    1,227   0,014   1,063   0,036   0,001   0,101   0,003   0,000   0,012   0,000 5832821000
 5,93   4,06  563,380
 5,93   0,00    0,000    0,000
 5,93   0,00    0,000  544,811
 5,93   0,00    0,000    1,230   0,000   1,230
 5,93   0,00    0,000    1,227   0,000   1,227

 5,94   0,00    1,230    1,227   0,014   1,063   0,035   0,001   0,101   0,003   0,000   0,012   0,000 5842657000
 5,94   4,07  563,731
 5,94   0,00    0,000    0,000
 5,94   0,00    0,000  544,828
 5,94   0,00    0,000    1,230   0,000   1,230
 5,94   0,00    0,000    1,227   0,000   1,227

 5,95   0,00    1,230    1,227   0,014   1,063   0,035   0,001   0,100   0,003   0,000   0,012   0,000 5852493000
 5,95   4,07  564,082
 5,95   0,00    0,000    0,000
 5,95   0,00    0,000  544,846
 5,95   0,00    0,000    1,230   0,000   1,230
 5,95   0,00    0,000    1,227   0,000   1,227

 5,96   0,00    1,230    1,226   0,014   1,063   0,035   0,001   0,100   0,003   0,000   0,012   0,000 5862330000
 5,96   4,08  564,433
 5,96   0,00    0,000    0,000
 5,96   0,00    0,000  544,864
 5,96   0,00    0,000    1,230   0,000   1,230
 5,96   0,00    0,000    1,226   0,000   1,226

 5,97   0,00    1,230    1,226   0,014   1,063   0,035   0,001   0,100   0,003   0,000   0,012   0,000 5872165000
 5,97   4,08  564,782
 5,97   0,00    0,000    0,000
 5,97   0,00    0,000  544,882
 5,97   0,00    0,000    1,230   0,000   1,230
 5,97   0,00    0,000    1,226   0,000   1,226

 5,98   0,00    1,229    1,226   0,014   1,063   0,035   0,001   0,100   0,003   0,000   0,012   0,000 5882002000
 5,98   4,09  565,132
 5,98   0,00    0,000    0,000
 5,98   0,00    0,000  544,901
 5,98   0,00    0,000    1,229   0,000   1,229
 5,98   0,00    0,000    1,226   0,000   1,226

 5,99   0,00    1,229    1,226   0,014   1,063   0,035   0,001   0,100   0,003   0,000   0,012   0,000 5891838000
 5,99   4,09  565,481
 5,99   0,00    0,000    0,000
 5,99   0,00    0,000  544,920
 5,99   0,00    0,000    1,229   0,000   1,229
 5,99   0,00    0,000    1,226   0,000   1,226

 6,00   0,00    1,229    1,226   0,014   1,063   0,034   0,001   0,100   0,003   0,000   0,012   0,000 5901674000
 6,00   4,10  565,830
 6,00   0,00    0,000    0,000
 6,00   0,00    0,000  544,939
 6,00   0,00    0,000    1,229   0,000   1,229
 6,00   0,00    0,000    1,226   0,000   1,226

 6,01   0,00    1,229    1,225   0,014   1,063   0,034   0,001   0,100   0,003   0,000   0,012   0,000 5911511000
 6,01   4,10  566,178
 6,01   0,00    0,000    0,000
 6,01   0,00    0,000  544,959
 6,01   0,00    0,000    1,229   0,000   1,229
 6,01   0,00    0,000    1,225   0,000   1,225

 6,02   0,00    1,229    1,225   0,014   1,063   0,034   0,001   0,100   0,003   0,000   0,012   0,000 5921347000
 6,02   4,11  566,525
 6,02   0,00    0,000    0,000
 6,02   0,00    0,000  544,979
 6,02   0,00    0,000    1,229   0,000   1,229
 6,02   0,00    0,000    1,225   0,000   1,225

 6,03   0,00    1,229    1,225   0,014   1,063   0,034   0,001   0,100   0,003   0,000   0,012   0,000 5931183000
 6,03   4,11  566,872
 6,03   0,00    0,000    0,000
 6,03   0,00    0,000  545,000
 6,03   0,00    0,000    1,229   0,000   1,229
 6,03   0,00    0,000    1,225   0,000   1,225

 6,04   0,00    1,228    1,225   0,014   1,063   0,034   0,001   0,100   0,003   0,000   0,012   0,000 5941019000
 6,04   4,11  567,219
 6,04   0,00    0,000    0,000
 6,04   0,00    0,000  545,021
 6,04   0,00    0,000    1,228   0,000   1,228
 6,04   0,00    0,000    1,225   0,000   1,225

 6,05   0,00    1,228    1,225   0,014   1,064   0,034   0,001   0,100   0,003   0,000   0,012   0,000 5950855000
 6,05   4,12  567,565
 6,05   0,00    0,000    0,000
 6,05   0,00    0,000  545,043
 6,05   0,00    0,000    1,228   0,000   1,228
 6,05   0,00    0,000    1,225   0,000   1,225

 6,06   0,00    1,228    1,225   0,014   1,064   0,034   0,001   0,100   0,003   0,000   0,012   0,000 5960691000
 6,06   4,12  567,911
 6,06   0,00    0,000    0,000
 6,06   0,00    0,000  545,064
 6,06   0,00    0,000    1,228   0,000   1,228
 6,06   0,00    0,000    1,225   0,000   1,225

 6,07   0,00    1,228    1,225   0,014   1,064   0,034   0,001   0,100   0,003   0,000   0,012   0,000 5970527000
 6,07   4,13  568,256
 6,07   0,00    0,000    0,000
 6,07   0,00    0,000  545,087
 6,07   0,00    0,000    1,228   0,000   1,228
 6,07   0,00    0,000    1,225   0,000   1,225

 6,08   0,00    1,228    1,224   0,014   1,064   0,034   0,001   0,100   0,003   0,000   0,012   0,000 5980363000
 6,08   4,13  568,601
 6,08   0,00    0,000    0,000
 6,08   0,00    0,000  545,109
 6,08   0,00    0,000    1,228   0,000   1,228
 6,08   0,00    0,000    1,224   0,000   1,224

 6,09   0,00    1,228    1,224   0,014   1,064   0,033   0,001   0,100   0,003   0,000   0,012   0,000 5990199000
 6,09   4,14  568,945
 6,09   0,00    0,000    0,000
 6,09   0,00    0,000  545,132
 6,09   0,00    0,000    1,228   0,000   1,228
 6,09   0,00    0,000    1,224   0,000   1,224

 6,10   0,00    1,228    1,224   0,014   1,064   0,033   0,001   0,100   0,003   0,000   0,012   0,000 6000035000
 6,10   4,14  569,289
 6,10   0,00    0,000    0,000
 6,10   0,00    0,000  545,155
 6,10   0,00    0,000    1,228   0,000   1,228
 6,10   0,00    0,000    1,224   0,000   1,224

 6,11   0,00    1,227    1,224   0,014   1,064   0,033   0,001   0,100   0,003   0,000   0,012   0,000 6009871000
 6,11   4,15  569,632
 6,11   0,00    0,000    0,000
 6,11   0,00    0,000  545,179
 6,11   0,00    0,000    1,227   0,000   1,227
 6,11   0,00    0,000    1,224   0,000   1,224

 6,12   0,00    1,227    1,224   0,014   1,064   0,033   0,001   0,100   0,003   0,000   0,012   0,000 6019707000
 6,12   4,15  569,975
 6,12   0,00    0,000    0,000
 6,12   0,00    0,000  545,203
 6,12   0,00    0,000    1,227   0,000   1,227
 6,12   0,00    0,000    1,224   0,000   1,224

 6,13   0,00    1,227    1,224   0,014   1,064   0,033   0,001   0,100   0,003   0,000   0,012   0,000 6029544000
 6,13   4,16  570,318
 6,13   0,00    0,000    0,000
 6,13   0,00    0,000  545,227
 6,13   0,00    0,000    1,227   0,000   1,227
 6,13   0,00    0,000    1,224   0,000   1,224

 6,14   0,00    1,227    1,224   0,014   1,064   0,033   0,001   0,100   0,003   0,000   0,012   0,000 6039379000
 6,14   4,16  570,660
 6,14   0,00    0,000    0,000
 6,14   0,00    0,000  545,252
 6,14   0,00    0,000    1,227   0,000   1,227
 6,14   0,00    0,000    1,224   0,000   1,224

 6,15   0,00    1,227    1,224   0,013   1,064   0,033   0,001   0,100   0,003   0,000   0,012   0,000 6049216000
 6,15   4,17  571,001
 6,15   0,00    0,000    0,000
 6,15   0,00    0,000  545,277
 6,15   0,00    0,000    1,227   0,000   1,227
 6,15   0,00    0,000    1,224   0,000   1,224

 6,16   0,00    1,227    1,223   0,013   1,064   0,033   0,001   0,100   0,003   0,000   0,012   0,000 6059052000
 6,16   4,17  571,342
 6,16   0,00    0,000    0,000
 6,16   0,00    0,000  545,302
 6,16   0,00    0,000    1,227   0,000   1,227
 6,16   0,00    0,000    1,223   0,000   1,223

 6,17   0,00    1,227    1,223   0,013   1,064   0,033   0,001   0,100   0,003   0,000   0,012   0,000 6068888000
 6,17   4,18  571,682
 6,17   0,00    0,000    0,000
 6,17   0,00    0,000  545,328
 6,17   0,00    0,000    1,227   0,000   1,227
 6,17   0,00    0,000    1,223   0,000   1,223

 6,18   0,00    1,226    1,223   0,013   1,064   0,032   0,001   0,100   0,003   0,000   0,012   0,000 6078724000
 6,18   4,18  572,022
 6,18   0,00    0,000    0,000
 6,18   0,00    0,000  545,354
 6,18   0,00    0,000    1,226   0,000   1,226
 6,18   0,00    0,000    1,223   0,000   1,223

 6,19   0,00    1,226    1,223   0,013   1,064   0,032   0,001   0,100   0,003   0,000   0,012   0,000 6088561000
 6,19   4,19  572,362
 6,19   0,00    0,000    0,000
 6,19   0,00    0,000  545,381
 6,19   0,00    0,000    1,226   0,000   1,226
 6,19   0,00    0,000    1,223   0,000   1,223

 6,20   0,00    1,226    1,223   0,013   1,064   0,032   0,001   0,100   0,003   0,000   0,012   0,000 6098396000
 6,20   4,19  572,701
 6,20   0,00    0,000    0,000
 6,20   0,00    0,000  545,408
 6,20   0,00    0,000    1,226   0,000   1,226
 6,20   0,00    0,000    1,223   0,000   1,223

 6,21   0,00    1,226    1,223   0,013   1,064   0,032   0,001   0,100   0,003   0,000   0,012   0,000 6108233000
 6,21   4,20  573,039
 6,21   0,00    0,000    0,000
 6,21   0,00    0,000  545,435
 6,21   0,00    0,000    1,226   0,000   1,226
 6,21   0,00    0,000    1,223   0,000   1,223

 6,22   0,00    1,226    1,223   0,013   1,064   0,032   0,001   0,100   0,003   0,000   0,012   0,000 6118069000
 6,22   4,20  573,377
 6,22   0,00    0,000    0,000
 6,22   0,00    0,000  545,462
 6,22   0,00    0,000    1,226   0,000   1,226
 6,22   0,00    0,000    1,223   0,000   1,223

 6,23   0,00    1,226    1,223   0,013   1,064   0,032   0,001   0,100   0,003   0,000   0,012   0,000 6127905000
 6,23   4,21  573,715
 6,23   0,00    0,000    0,000
 6,23   0,00    0,000  545,490
 6,23   0,00    0,000    1,226   0,000   1,226
 6,23   0,00    0,000    1,223   0,000   1,223

 6,24   0,00    1,226    1,222   0,013   1,064   0,032   0,001   0,100   0,003   0,000   0,012   0,000 6137741000
 6,24   4,21  574,052
 6,24   0,00    0,000    0,000
 6,24   0,00    0,000  545,518
 6,24   0,00    0,000    1,226   0,000   1,226
 6,24   0,00    0,000    1,222   0,000   1,222

 6,25   0,00    1,225    1,222   0,013   1,064   0,032   0,001   0,100   0,003   0,000   0,012   0,000 6147577000
 6,25   4,22  574,388
 6,25   0,00    0,000    0,000
 6,25   0,00    0,000  545,547
 6,25   0,00    0,000    1,225   0,000   1,225
 6,25   0,00    0,000    1,222   0,000   1,222

 6,26   0,00    1,225    1,222   0,013   1,064   0,032   0,001   0,100   0,003   0,000   0,012   0,000 6157413000
 6,26   4,22  574,724
 6,26   0,00    0,000    0,000
 6,26   0,00    0,000  545,576
 6,26   0,00    0,000    1,225   0,000   1,225
 6,26   0,00    0,000    1,222   0,000   1,222

 6,27   0,00    1,225    1,222   0,013   1,064   0,031   0,001   0,100   0,003   0,000   0,012   0,000 6167249000
 6,27   4,23  575,060
 6,27   0,00    0,000    0,000
 6,27   0,00    0,000  545,605
 6,27   0,00    0,000    1,225   0,000   1,225
 6,27   0,00    0,000    1,222   0,000   1,222

 6,28   0,00    1,225    1,222   0,013   1,064   0,031   0,001   0,100   0,003   0,000   0,012   0,000 6177086000
 6,28   4,23  575,395
 6,28   0,00    0,000    0,000
 6,28   0,00    0,000  545,634
 6,28   0,00    0,000    1,225   0,000   1,225
 6,28   0,00    0,000    1,222   0,000   1,222

 6,29   0,00    1,225    1,222   0,013   1,065   0,031   0,001   0,100   0,003   0,000   0,012   0,000 6186921000
 6,29   4,24  575,729
 6,29   0,00    0,000    0,000
 6,29   0,00    0,000  545,664
 6,29   0,00    0,000    1,225   0,000   1,225
 6,29   0,00    0,000    1,222   0,000   1,222

 6,30   0,00    1,225    1,222   0,013   1,065   0,031   0,001   0,100   0,003   0,000   0,012   0,000 6196758000
 6,30   4,24  576,064
 6,30   0,00    0,000    0,000
 6,30   0,00    0,000  545,694
 6,30   0,00    0,000    1,225   0,000   1,225
 6,30   0,00    0,000    1,222   0,000   1,222

 6,31   0,00    1,225    1,221   0,013   1,065   0,031   0,001   0,100   0,003   0,000   0,012   0,000 6206594000
 6,31   4,25  576,397
 6,31   0,00    0,000    0,000
 6,31   0,00    0,000  545,725
 6,31   0,00    0,000    1,225   0,000   1,225
 6,31   0,00    0,000    1,221   0,000   1,221

 6,32   0,00    1,224    1,221   0,013   1,065   0,031   0,001   0,100   0,003   0,000   0,012   0,000 6216430000
 6,32   4,25  576,730
 6,32   0,00    0,000    0,000
 6,32   0,00    0,000  545,755
 6,32   0,00    0,000    1,224   0,000   1,224
 6,32   0,00    0,000    1,221   0,000   1,221

 6,33   0,00    1,224    1,221   0,013   1,065   0,031   0,001   0,099   0,003   0,000   0,012   0,000 6226266000
 6,33   4,26  577,063
 6,33   0,00    0,000    0,000
 6,33   0,00    0,000  545,787
 6,33   0,00    0,000    1,224   0,000   1,224
 6,33   0,00    0,000    1,221   0,000   1,221

 6,34   0,00    1,224    1,221   0,013   1,065   0,031   0,001   0,099   0,003   0,000   0,012   0,000 6236103000
 6,34   4,26  577,395
 6,34   0,00    0,000    0,000
 6,34   0,00    0,000  545,818
 6,34   0,00    0,000    1,224   0,000   1,224
 6,34   0,00    0,000    1,221   0,000   1,221

 6,35   0,00    1,224    1,221   0,013   1,065   0,031   0,001   0,099   0,003   0,000   0,012   0,000 6245938000
 6,35   4,27  577,727
 6,35   0,00    0,000    0,000
 6,35   0,00    0,000  545,850
 6,35   0,00    0,000    1,224   0,000   1,224
 6,35   0,00    0,000    1,221   0,000   1,221

 6,36   0,00    1,224    1,221   0,013   1,065   0,031   0,001   0,099   0,003   0,000   0,012   0,000 6255775000
 6,36   4,27  578,058
 6,36   0,00    0,000    0,000
 6,36   0,00    0,000  545,882
 6,36   0,00    0,000    1,224   0,000   1,224
 6,36   0,00    0,000    1,221   0,000   1,221

 6,37   0,00    1,224    1,221   0,013   1,065   0,030   0,001   0,099   0,003   0,000   0,012   0,000 6265611000
 6,37   4,28  578,388
 6,37   0,00    0,000    0,000
 6,37   0,00    0,000  545,914
 6,37   0,00    0,000    1,224   0,000   1,224
 6,37   0,00    0,000    1,221   0,000   1,221

 6,38   0,00    1,224    1,221   0,013   1,065   0,030   0,001   0,099   0,003   0,000   0,012   0,000 6275447000
 6,38   4,28  578,743
 6,38   0,00    0,000    0,000
 6,38   0,00    0,000  545,978
 6,38   0,00    0,000    1,224   0,000   1,224
 6,38   0,00    0,000    1,221   0,000   1,221

 6,39   0,00    1,223    1,220   0,013   1,065   0,030   0,001   0,099   0,003   0,000   0,012   0,000 6285283000
 6,39   4,29  579,110
 6,39   0,00    0,000    0,000
 6,39   0,00    0,000  546,057
 6,39   0,00    0,000    1,223   0,000   1,223
 6,39   0,00    0,000    1,220   0,000   1,220

 6,40   0,00    1,223    1,220   0,013   1,065   0,030   0,001   0,099   0,003   0,000   0,012   0,000 6295119000
 6,40   4,29  579,475
 6,40   0,00    0,000    0,000
 6,40   0,00    0,000  546,136
 6,40   0,00    0,000    1,223   0,000   1,223
 6,40   0,00    0,000    1,220   0,000   1,220

 6,41   0,00    1,223    1,220   0,013   1,065   0,030   0,001   0,099   0,003   0,000   0,012   0,000 6304955000
 6,41   4,30  579,839
 6,41   0,00    0,000    0,000
 6,41   0,00    0,000  546,214
 6,41   0,00    0,000    1,223   0,000   1,223
 6,41   0,00    0,000    1,220   0,000   1,220

 6,42   0,00    1,223    1,220   0,013   1,065   0,030   0,001   0,099   0,003   0,000   0,012   0,000 6314791000
 6,42   4,30  580,202
 6,42   0,00    0,000    0,000
 6,42   0,00    0,000  546,292
 6,42   0,00    0,000    1,223   0,000   1,223
 6,42   0,00    0,000    1,220   0,000   1,220

 6,43   0,00    1,223    1,220   0,013   1,065   0,030   0,001   0,099   0,003   0,000   0,012   0,000 6324627000
 6,43   4,31  580,564
 6,43   0,00    0,000    0,000
 6,43   0,00    0,000  546,370
 6,43   0,00    0,000    1,223   0,000   1,223
 6,43   0,00    0,000    1,220   0,000   1,220

 6,44   0,00    1,223    1,220   0,013   1,065   0,030   0,001   0,099   0,003   0,000   0,012   0,000 6334463000
 6,44   4,32  580,925
 6,44   0,00    0,000    0,000
 6,44   0,00    0,000  546,448
 6,44   0,00    0,000    1,223   0,000   1,223
 6,44   0,00    0,000    1,220   0,000   1,220

 6,45   0,00    1,223    1,220   0,013   1,065   0,030   0,001   0,099   0,003   0,000   0,012   0,000 6344300000
 6,45   4,32  581,285
 6,45   0,00    0,000    0,000
 6,45   0,00    0,000  546,525
 6,45   0,00    0,000    1,223   0,000   1,223
 6,45   0,00    0,000    1,220   0,000   1,220

 6,46   0,00    1,222    1,220   0,013   1,065   0,029   0,001   0,099   0,003   0,000   0,012   0,000 6354136000
 6,46   4,33  581,644
 6,46   0,00    0,000    0,000
 6,46   0,00    0,000  546,602
 6,46   0,00    0,000    1,222   0,000   1,222
 6,46   0,00    0,000    1,220   0,000   1,220

 6,47   0,00    1,222    1,219   0,013   1,065   0,029   0,001   0,099   0,003   0,000   0,012   0,000 6363972000
 6,47   4,33  582,001
 6,47   0,00    0,000    0,000
 6,47   0,00    0,000  546,678
 6,47   0,00    0,000    1,222   0,000   1,222
 6,47   0,00    0,000    1,219   0,000   1,219

 6,48   0,00    1,222    1,219   0,013   1,065   0,029   0,001   0,099   0,003   0,000   0,012   0,000 6373808000
 6,48   4,34  582,358
 6,48   0,00    0,000    0,000
 6,48   0,00    0,000  546,755
 6,48   0,00    0,000    1,222   0,000   1,222
 6,48   0,00    0,000    1,219   0,000   1,219

 6,49   0,00    1,222    1,219   0,013   1,065   0,029   0,001   0,099   0,003   0,000   0,012   0,000 6383644000
 6,49   4,34  582,713
 6,49   0,00    0,000    0,000
 6,49   0,00    0,000  546,831
 6,49   0,00    0,000    1,222   0,000   1,222
 6,49   0,00    0,000    1,219   0,000   1,219

 6,50   0,00    1,222    1,219   0,013   1,065   0,029   0,001   0,099   0,003   0,000   0,012   0,000 6393480000
 6,50   4,35  583,067
 6,50   0,00    0,000    0,000
 6,50   0,00    0,000  546,906
 6,50   0,00    0,000    1,222   0,000   1,222
 6,50   0,00    0,000    1,219   0,000   1,219

 6,51   0,00    1,222    1,219   0,013   1,065   0,029   0,001   0,099   0,003   0,000   0,012   0,000 6403317000
 6,51   4,35  583,420
 6,51   0,00    0,000    0,000
 6,51   0,00    0,000  546,982
 6,51   0,00    0,000    1,222   0,000   1,222
 6,51   0,00    0,000    1,219   0,000   1,219

 6,52   0,00    1,222    1,219   0,013   1,065   0,029   0,001   0,099   0,003   0,000   0,012   0,000 6413152000
 6,52   4,36  583,772
 6,52   0,00    0,000    0,000
 6,52   0,00    0,000  547,057
 6,52   0,00    0,000    1,222   0,000   1,222
 6,52   0,00    0,000    1,219   0,000   1,219

 6,53   0,00    1,221    1,219   0,013   1,065   0,029   0,001   0,099   0,003   0,000   0,012   0,000 6422989000
 6,53   4,36  584,123
 6,53   0,00    0,000    0,000
 6,53   0,00    0,000  547,132
 6,53   0,00    0,000    1,221   0,000   1,221
 6,53   0,00    0,000    1,219   0,000   1,219

 6,54   0,00    1,221    1,218   0,013   1,065   0,029   0,001   0,099   0,003   0,000   0,012   0,000 6432825000
 6,54   4,37  584,473
 6,54   0,00    0,000    0,000
 6,54   0,00    0,000  547,206
 6,54   0,00    0,000    1,221   0,000   1,221
 6,54   0,00    0,000    1,218   0,000   1,218

 6,55   0,00    1,221    1,218   0,012   1,066   0,028   0,001   0,099   0,003   0,000   0,012   0,000 6442661000
 6,55   4,38  584,822
 6,55   0,00    0,000    0,000
 6,55   0,00    0,000  547,281
 6,55   0,00    0,000    1,221   0,000   1,221
 6,55   0,00    0,000    1,218   0,000   1,218

 6,56   0,00    1,221    1,218   0,012   1,066   0,028   0,001   0,099   0,003   0,000   0,012   0,000 6452497000
 6,56   4,38  585,170
 6,56   0,00    0,000    0,000
 6,56   0,00    0,000  547,354
 6,56   0,00    0,000    1,221   0,000   1,221
 6,56   0,00    0,000    1,218   0,000   1,218

 6,57   0,00    1,221    1,218   0,012   1,066   0,028   0,001   0,099   0,003   0,000   0,011   0,000 6462333000
 6,57   4,39  585,517
 6,57   0,00    0,000    0,000
 6,57   0,00    0,000  547,428
 6,57   0,00    0,000    1,221   0,000   1,221
 6,57   0,00    0,000    1,218   0,000   1,218

 6,58   0,00    1,221    1,218   0,012   1,066   0,028   0,001   0,099   0,003   0,000   0,011   0,000 6472169000
 6,58   4,39  585,862
 6,58   0,00    0,000    0,000
 6,58   0,00    0,000  547,501
 6,58   0,00    0,000    1,221   0,000   1,221
 6,58   0,00    0,000    1,218   0,000   1,218

 6,59   0,00    1,221    1,218   0,012   1,066   0,028   0,001   0,099   0,003   0,000   0,011   0,000 6482006000
 6,59   4,40  586,207
 6,59   0,00    0,000    0,000
 6,59   0,00    0,000  547,575
 6,59   0,00    0,000    1,221   0,000   1,221
 6,59   0,00    0,000    1,218   0,000   1,218

 6,60   0,00    1,220    1,218   0,012   1,066   0,028   0,001   0,099   0,003   0,000   0,011   0,000 6491842000
 6,60   4,40  586,551
 6,60   0,00    0,000    0,000
 6,60   0,00    0,000  547,647
 6,60   0,00    0,000    1,220   0,000   1,220
 6,60   0,00    0,000    1,218   0,000   1,218

 6,61   0,00    1,220    1,218   0,012   1,066   0,028   0,001   0,099   0,003   0,000   0,011   0,000 6501678000
 6,61   4,41  586,893
 6,61   0,00    0,000    0,000
 6,61   0,00    0,000  547,720
 6,61   0,00    0,000    1,220   0,000   1,220
 6,61   0,00    0,000    1,218   0,000   1,218

 6,62   0,00    1,220    1,217   0,012   1,066   0,028   0,001   0,099   0,003   0,000   0,011   0,000 6511514000
 6,62   4,41  587,235
 6,62   0,00    0,000    0,000
 6,62   0,00    0,000  547,792
 6,62   0,00    0,000    1,220   0,000   1,220
 6,62   0,00    0,000    1,217   0,000   1,217

 6,63   0,00    1,220    1,217   0,012   1,066   0,028   0,001   0,099   0,003   0,000   0,011   0,000 6521350000
 6,63   4,42  587,576
 6,63   0,00    0,000    0,000
 6,63   0,00    0,000  547,864
 6,63   0,00    0,000    1,220   0,000   1,220
 6,63   0,00    0,000    1,217   0,000   1,217

 6,64   0,00    1,220    1,217   0,012   1,066   0,027   0,001   0,099   0,003   0,000   0,011   0,000 6531186000
 6,64   4,42  587,915
 6,64   0,00    0,000    0,000
 6,64   0,00    0,000  547,936
 6,64   0,00    0,000    1,220   0,000   1,220
 6,64   0,00    0,000    1,217   0,000   1,217

 6,65   0,00    1,220    1,217   0,012   1,066   0,027   0,001   0,099   0,003   0,000   0,011   0,000 6541022000
 6,65   4,43  588,254
 6,65   0,00    0,000    0,000
 6,65   0,00    0,000  548,007
 6,65   0,00    0,000    1,220   0,000   1,220
 6,65   0,00    0,000    1,217   0,000   1,217

 6,66   0,00    1,220    1,217   0,012   1,066   0,027   0,001   0,099   0,003   0,000   0,011   0,000 6550858000
 6,66   4,44  588,591
 6,66   0,00    0,000    0,000
 6,66   0,00    0,000  548,078
 6,66   0,00    0,000    1,220   0,000   1,220
 6,66   0,00    0,000    1,217   0,000   1,217

 6,67   0,00    1,219    1,217   0,012   1,066   0,027   0,001   0,099   0,003   0,000   0,011   0,000 6560694000
 6,67   4,44  588,928
 6,67   0,00    0,000    0,000
 6,67   0,00    0,000  548,149
 6,67   0,00    0,000    1,219   0,000   1,219
 6,67   0,00    0,000    1,217   0,000   1,217

 6,68   0,00    1,219    1,217   0,012   1,066   0,027   0,001   0,099   0,003   0,000   0,011   0,000 6570530000
 6,68   4,45  589,264
 6,68   0,00    0,000    0,000
 6,68   0,00    0,000  548,220
 6,68   0,00    0,000    1,219   0,000   1,219
 6,68   0,00    0,000    1,217   0,000   1,217

 6,69   0,00    1,219    1,217   0,012   1,066   0,027   0,001   0,099   0,003   0,000   0,011   0,000 6580367000
 6,69   4,45  589,598
 6,69   0,00    0,000    0,000
 6,69   0,00    0,000  548,290
 6,69   0,00    0,000    1,219   0,000   1,219
 6,69   0,00    0,000    1,217   0,000   1,217

 6,70   0,00    1,219    1,216   0,012   1,066   0,027   0,001   0,099   0,003   0,000   0,011   0,000 6590202000
 6,70   4,46  589,932
 6,70   0,00    0,000    0,000
 6,70   0,00    0,000  548,360
 6,70   0,00    0,000    1,219   0,000   1,219
 6,70   0,00    0,000    1,216   0,000   1,216

 6,71   0,00    1,219    1,216   0,012   1,066   0,027   0,001   0,099   0,003   0,000   0,011   0,000 6600039000
 6,71   4,46  590,265
 6,71   0,00    0,000    0,000
 6,71   0,00    0,000  548,430
 6,71   0,00    0,000    1,219   0,000   1,219
 6,71   0,00    0,000    1,216   0,000   1,216

 6,72   0,00    1,219    1,216   0,012   1,066   0,027   0,001   0,099   0,003   0,000   0,011   0,000 6609875000
 6,72   4,47  590,596
 6,72   0,00    0,000    0,000
 6,72   0,00    0,000  548,500
 6,72   0,00    0,000    1,219   0,000   1,219
 6,72   0,00    0,000    1,216   0,000   1,216

 6,73   0,00    1,219    1,216   0,012   1,066   0,027   0,001   0,099   0,003   0,000   0,011   0,000 6619711000
 6,73   4,47  590,927
 6,73   0,00    0,000    0,000
 6,73   0,00    0,000  548,569
 6,73   0,00    0,000    1,219   0,000   1,219
 6,73   0,00    0,000    1,216   0,000   1,216

 6,74   0,00    1,219    1,216   0,012   1,066   0,026   0,001   0,099   0,003   0,000   0,011   0,000 6629547000
 6,74   4,48  591,257
 6,74   0,00    0,000    0,000
 6,74   0,00    0,000  548,638
 6,74   0,00    0,000    1,219   0,000   1,219
 6,74   0,00    0,000    1,216   0,000   1,216

 6,75   0,00    1,218    1,216   0,012   1,066   0,026   0,001   0,098   0,003   0,000   0,011   0,000 6639384000
 6,75   4,48  591,586
 6,75   0,00    0,000    0,000
 6,75   0,00    0,000  548,707
 6,75   0,00    0,000    1,218   0,000   1,218
 6,75   0,00    0,000    1,216   0,000   1,216

 6,76   0,00    1,218    1,216   0,012   1,066   0,026   0,001   0,098   0,003   0,000   0,011   0,000 6649220000
 6,76   4,49  591,914
 6,76   0,00    0,000    0,000
 6,76   0,00    0,000  548,775
 6,76   0,00    0,000    1,218   0,000   1,218
 6,76   0,00    0,000    1,216   0,000   1,216

 6,77   0,00    1,218    1,216   0,012   1,066   0,026   0,001   0,098   0,003   0,000   0,011   0,000 6659056000
 6,77   4,50  592,241
 6,77   0,00    0,000    0,000
 6,77   0,00    0,000  548,843
 6,77   0,00    0,000    1,218   0,000   1,218
 6,77   0,00    0,000    1,216   0,000   1,216

 6,78   0,00    1,218    1,215   0,012   1,066   0,026   0,001   0,098   0,003   0,000   0,011   0,000 6668892000
 6,78   4,50  592,567
 6,78   0,00    0,000    0,000
 6,78   0,00    0,000  548,911
 6,78   0,00    0,000    1,218   0,000   1,218
 6,78   0,00    0,000    1,215   0,000   1,215

 6,79   0,00    1,218    1,215   0,012   1,066   0,026   0,001   0,098   0,003   0,000   0,011   0,000 6678728000
 6,79   4,51  592,892
 6,79   0,00    0,000    0,000
 6,79   0,00    0,000  548,979
 6,79   0,00    0,000    1,218   0,000   1,218
 6,79   0,00    0,000    1,215   0,000   1,215

 6,80   0,00    1,218    1,215   0,012   1,066   0,026   0,001   0,098   0,003   0,000   0,011   0,000 6688564000
 6,80   4,51  593,216
 6,80   0,00    0,000    0,000
 6,80   0,00    0,000  549,047
 6,80   0,00    0,000    1,218   0,000   1,218
 6,80   0,00    0,000    1,215   0,000   1,215

 6,81   0,00    1,218    1,215   0,012   1,066   0,026   0,001   0,098   0,003   0,000   0,011   0,000 6698400000
 6,81   4,52  593,539
 6,81   0,00    0,000    0,000
 6,81   0,00    0,000  549,114
 6,81   0,00    0,000    1,218   0,000   1,218
 6,81   0,00    0,000    1,215   0,000   1,215

 6,82   0,00    1,217    1,215   0,012   1,066   0,026   0,001   0,098   0,003   0,000   0,011   0,000 6708236000
 6,82   4,52  593,862
 6,82   0,00    0,000    0,000
 6,82   0,00    0,000  549,181
 6,82   0,00    0,000    1,217   0,000   1,217
 6,82   0,00    0,000    1,215   0,000   1,215

 6,83   0,00    1,217    1,215   0,012   1,067   0,025   0,001   0,098   0,003   0,000   0,011   0,000 6718072000
 6,83   4,53  594,183
 6,83   0,00    0,000    0,000
 6,83   0,00    0,000  549,247
 6,83   0,00    0,000    1,217   0,000   1,217
 6,83   0,00    0,000    1,215   0,000   1,215

 6,84   0,00    1,217    1,215   0,012   1,067   0,025   0,001   0,098   0,003   0,000   0,011   0,000 6727909000
 6,84   4,53  594,504
 6,84   0,00    0,000    0,000
 6,84   0,00    0,000  549,314
 6,84   0,00    0,000    1,217   0,000   1,217
 6,84   0,00    0,000    1,215   0,000   1,215

 6,85   0,00    1,217    1,215   0,012   1,067   0,025   0,001   0,098   0,003   0,000   0,011   0,000 6737744000
 6,85   4,54  594,824
 6,85   0,00    0,000    0,000
 6,85   0,00    0,000  549,380
 6,85   0,00    0,000    1,217   0,000   1,217
 6,85   0,00    0,000    1,215   0,000   1,215

 6,86   0,00    1,217    1,214   0,012   1,067   0,025   0,001   0,098   0,003   0,000   0,011   0,000 6747581000
 6,86   4,54  595,142
 6,86   0,00    0,000    0,000
 6,86   0,00    0,000  549,446
 6,86   0,00    0,000    1,217   0,000   1,217
 6,86   0,00    0,000    1,214   0,000   1,214

 6,87   0,00    1,217    1,214   0,012   1,067   0,025   0,001   0,098   0,003   0,000   0,011   0,000 6757417000
 6,87   4,55  595,460
 6,87   0,00    0,000    0,000
 6,87   0,00    0,000  549,512
 6,87   0,00    0,000    1,217   0,000   1,217
 6,87   0,00    0,000    1,214   0,000   1,214

 6,88   0,00    1,217    1,214   0,012   1,067   0,025   0,001   0,098   0,003   0,000   0,011   0,000 6767253000
 6,88   4,55  595,777
 6,88   0,00    0,000    0,000
 6,88   0,00    0,000  549,577
 6,88   0,00    0,000    1,217   0,000   1,217
 6,88   0,00    0,000    1,214   0,000   1,214

 6,89   0,00    1,216    1,214   0,012   1,067   0,025   0,001   0,098   0,003   0,000   0,011   0,000 6777089000
 6,89   4,56  596,093
 6,89   0,00    0,000    0,000
 6,89   0,00    0,000  549,643
 6,89   0,00    0,000    1,216   0,000   1,216
 6,89   0,00    0,000    1,214   0,000   1,214

 6,90   0,00    1,216    1,214   0,012   1,067   0,025   0,001   0,098   0,003   0,000   0,011   0,000 6786925000
 6,90   4,57  596,408
 6,90   0,00    0,000    0,000
 6,90   0,00    0,000  549,708
 6,90   0,00    0,000    1,216   0,000   1,216
 6,90   0,00    0,000    1,214   0,000   1,214

 6,91   0,00    1,216    1,214   0,012   1,067   0,025   0,001   0,098   0,003   0,000   0,011   0,000 6796761000
 6,91   4,57  596,723
 6,91   0,00    0,000    0,000
 6,91   0,00    0,000  549,773
 6,91   0,00    0,000    1,216   0,000   1,216
 6,91   0,00    0,000    1,214   0,000   1,214

 6,92   0,00    1,216    1,214   0,012   1,067   0,024   0,001   0,098   0,003   0,000   0,011   0,000 6806598000
 6,92   4,58  597,036
 6,92   0,00    0,000    0,000
 6,92   0,00    0,000  549,837
 6,92   0,00    0,000    1,216   0,000   1,216
 6,92   0,00    0,000    1,214   0,000   1,214

 6,93   0,00    1,216    1,214   0,012   1,067   0,024   0,001   0,098   0,003   0,000   0,011   0,000 6816433000
 6,93   4,58  597,349
 6,93   0,00    0,000    0,000
 6,93   0,00    0,000  549,901
 6,93   0,00    0,000    1,216   0,000   1,216
 6,93   0,00    0,000    1,214   0,000   1,214

 6,94   0,00    1,216    1,213   0,012   1,067   0,024   0,001   0,098   0,003   0,000   0,011   0,000 6826270000
 6,94   4,59  597,661
 6,94   0,00    0,000    0,000
 6,94   0,00    0,000  549,966
 6,94   0,00    0,000    1,216   0,000   1,216
 6,94   0,00    0,000    1,213   0,000   1,213

 6,95   0,00    1,216    1,213   0,012   1,067   0,024   0,001   0,098   0,003   0,000   0,011   0,000 6836106000
 6,95   4,59  597,971
 6,95   0,00    0,000    0,000
 6,95   0,00    0,000  550,029
 6,95   0,00    0,000    1,216   0,000   1,216
 6,95   0,00    0,000    1,213   0,000   1,213

 6,96   0,00    1,216    1,213   0,012   1,067   0,024   0,001   0,098   0,003   0,000   0,011   0,000 6845942000
 6,96   4,60  598,282
 6,96   0,00    0,000    0,000
 6,96   0,00    0,000  550,093
 6,96   0,00    0,000    1,216   0,000   1,216
 6,96   0,00    0,000    1,213   0,000   1,213

 6,97   0,00    1,215    1,213   0,012   1,067   0,024   0,001   0,098   0,003   0,000   0,011   0,000 6855778000
 6,97   4,60  598,591
 6,97   0,00    0,000    0,000
 6,97   0,00    0,000  550,156
 6,97   0,00    0,000    1,215   0,000   1,215
 6,97   0,00    0,000    1,213   0,000   1,213

 6,98   0,00    1,215    1,213   0,012   1,067   0,024   0,001   0,098   0,003   0,000   0,011   0,000 6865614000
 6,98   4,61  598,899
 6,98   0,00    0,000    0,000
 6,98   0,00    0,000  550,220
 6,98   0,00    0,000    1,215   0,000   1,215
 6,98   0,00    0,000    1,213   0,000   1,213

 6,99   0,00    1,215    1,213   0,012   1,067   0,024   0,001   0,098   0,003   0,000   0,011   0,000 6875450000
 6,99   4,61  599,206
 6,99   0,00    0,000    0,000
 6,99   0,00    0,000  550,283
 6,99   0,00    0,000    1,215   0,000   1,215
 6,99   0,00    0,000    1,213   0,000   1,213

 7,00   0,00    1,215    1,213   0,012   1,067   0,024   0,001   0,098   0,003   0,000   0,011   0,000 6885286000
 7,00   4,62  599,513
 7,00   0,00    0,000    0,000
 7,00   0,00    0,000  550,345
 7,00   0,00    0,000    1,215   0,000   1,215
 7,00   0,00    0,000    1,213   0,000   1,213

 7,01   0,00    1,215    1,213   0,011   1,067   0,024   0,001   0,098   0,003   0,000   0,011   0,000 6895123000
 7,01   4,62  599,819
 7,01   0,00    0,000    0,000
 7,01   0,00    0,000  550,408
 7,01   0,00    0,000    1,215   0,000   1,215
 7,01   0,00    0,000    1,213   0,000   1,213

 7,02   0,00    1,215    1,213   0,011   1,067   0,023   0,001   0,098   0,003   0,000   0,011   0,000 6904958000
 7,02   4,63  600,124
 7,02   0,00    0,000    0,000
 7,02   0,00    0,000  550,470
 7,02   0,00    0,000    1,215   0,000   1,215
 7,02   0,00    0,000    1,213   0,000   1,213

 7,03   0,00    1,215    1,212   0,011   1,067   0,023   0,001   0,098   0,003   0,000   0,011   0,000 6914795000
 7,03   4,63  600,428
 7,03   0,00    0,000    0,000
 7,03   0,00    0,000  550,532
 7,03   0,00    0,000    1,215   0,000   1,215
 7,03   0,00    0,000    1,212   0,000   1,212

 7,04   0,00    1,215    1,212   0,011   1,067   0,023   0,001   0,098   0,003   0,000   0,011   0,000 6924631000
 7,04   4,64  600,732
 7,04   0,00    0,000    0,000
 7,04   0,00    0,000  550,594
 7,04   0,00    0,000    1,215   0,000   1,215
 7,04   0,00    0,000    1,212   0,000   1,212

 7,05   0,00    1,215    1,212   0,011   1,067   0,023   0,001   0,098   0,003   0,000   0,011   0,000 6934467000
 7,05   4,65  601,034
 7,05   0,00    0,000    0,000
 7,05   0,00    0,000  550,656
 7,05   0,00    0,000    1,215   0,000   1,215
 7,05   0,00    0,000    1,212   0,000   1,212

 7,06   0,00    1,214    1,212   0,011   1,067   0,023   0,001   0,098   0,003   0,000   0,011   0,000 6944303000
 7,06   4,65  601,336
 7,06   0,00    0,000    0,000
 7,06   0,00    0,000  550,717
 7,06   0,00    0,000    1,214   0,000   1,214
 7,06   0,00    0,000    1,212   0,000   1,212

 7,07   0,00    1,214    1,212   0,011   1,067   0,023   0,001   0,098   0,003   0,000   0,011   0,000 6954140000
 7,07   4,66  601,637
 7,07   0,00    0,000    0,000
 7,07   0,00    0,000  550,778
 7,07   0,00    0,000    1,214   0,000   1,214
 7,07   0,00    0,000    1,212   0,000   1,212

 7,08   0,00    1,214    1,212   0,011   1,067   0,023   0,001   0,098   0,003   0,000   0,011   0,000 6963975000
 7,08   4,66  601,937
 7,08   0,00    0,000    0,000
 7,08   0,00    0,000  550,839
 7,08   0,00    0,000    1,214   0,000   1,214
 7,08   0,00    0,000    1,212   0,000   1,212

 7,09   0,00    1,214    1,212   0,011   1,067   0,023   0,001   0,098   0,003   0,000   0,011   0,000 6973812000
 7,09   4,67  602,236
 7,09   0,00    0,000    0,000
 7,09   0,00    0,000  550,900
 7,09   0,00    0,000    1,214   0,000   1,214
 7,09   0,00    0,000    1,212   0,000   1,212

 7,10   0,00    1,214    1,212   0,011   1,067   0,023   0,001   0,098   0,003   0,000   0,011   0,000 6983648000
 7,10   4,67  602,535
 7,10   0,00    0,000    0,000
 7,10   0,00    0,000  550,960
 7,10   0,00    0,000    1,214   0,000   1,214
 7,10   0,00    0,000    1,212   0,000   1,212

 7,11   0,00    1,214    1,212   0,011   1,067   0,023   0,001   0,098   0,003   0,000   0,011   0,000 6993484000
 7,11   4,68  602,833
 7,11   0,00    0,000    0,000
 7,11   0,00    0,000  551,021
 7,11   0,00    0,000    1,214   0,000   1,214
 7,11   0,00    0,000    1,212   0,000   1,212

 7,12   0,00    1,214    1,212   0,011   1,067   0,023   0,001   0,098   0,003   0,000   0,011   0,000 7003320000
 7,12   4,68  603,130
 7,12   0,00    0,000    0,000
 7,12   0,00    0,000  551,081
 7,12   0,00    0,000    1,214   0,000   1,214
 7,12   0,00    0,000    1,212   0,000   1,212

 7,13   0,00    1,214    1,212   0,011   1,067   0,023   0,001   0,098   0,003   0,000   0,011   0,000 7013156000
 7,13   4,69  603,426
 7,13   0,00    0,000    0,000
 7,13   0,00    0,000  551,141
 7,13   0,00    0,000    1,214   0,000   1,214
 7,13   0,00    0,000    1,212   0,000   1,212

 7,14   0,00    1,214    1,212   0,011   1,068   0,023   0,001   0,098   0,003   0,000   0,011   0,000 7022992000
 7,14   4,69  603,721
 7,14   0,00    0,000    0,000
 7,14   0,00    0,000  551,200
 7,14   0,00    0,000    1,214   0,000   1,214
 7,14   0,00    0,000    1,212   0,000   1,212

 7,15   0,00    1,214    1,212   0,011   1,068   0,023   0,001   0,098   0,003   0,000   0,011   0,000 7032828000
 7,15   4,70  604,016
 7,15   0,00    0,000    0,000
 7,15   0,00    0,000  551,260
 7,15   0,00    0,000    1,214   0,000   1,214
 7,15   0,00    0,000    1,212   0,000   1,212

 7,16   0,00    1,214    1,211   0,011   1,068   0,023   0,001   0,098   0,003   0,000   0,011   0,000 7042664000
 7,16   4,70  604,309
 7,16   0,00    0,000    0,000
 7,16   0,00    0,000  551,319
 7,16   0,00    0,000    1,214   0,000   1,214
 7,16   0,00    0,000    1,211   0,000   1,211

 7,17   0,00    1,214    1,211   0,011   1,068   0,023   0,001   0,098   0,003   0,000   0,011   0,000 7052500000
 7,17   4,71  604,561
 7,17   0,00    0,000    0,000
 7,17   0,00    0,000  551,378
 7,17   0,00    0,000    1,214   0,000   1,214
 7,17   0,00    0,000    1,211   0,000   1,211

 7,18   0,00    1,213    1,211   0,011   1,068   0,023   0,001   0,098   0,003   0,000   0,011   0,000 7062337000
 7,18   4,71  604,626
 7,18   0,00    0,000    0,000
 7,18   0,00    0,000  551,437
 7,18   0,00    0,000    1,213   0,000   1,213
 7,18   0,00    0,000    1,211   0,000   1,211

 7,19   0,00    1,213    1,211   0,011   1,068   0,022   0,001   0,098   0,003   0,000   0,011   0,000 7072173000
 7,19   4,71  604,692
 7,19   0,00    0,000    0,000
 7,19   0,00    0,000  551,496
 7,19   0,00    0,000    1,213   0,000   1,213
 7,19   0,00    0,000    1,211   0,000   1,211

 7,20   0,00    1,213    1,211   0,011   1,068   0,022   0,001   0,098   0,003   0,000   0,011   0,000 7082009000
 7,20   4,71  604,757
 7,20   0,00    0,000    0,000
 7,20   0,00    0,000  551,554
 7,20   0,00    0,000    1,213   0,000   1,213
 7,20   0,00    0,000    1,211   0,000   1,211

 7,21   0,00    1,213    1,211   0,011   1,068   0,022   0,001   0,098   0,003   0,000   0,011   0,000 7091845000
 7,21   4,71  604,822
 7,21   0,00    0,000    0,000
 7,21   0,00    0,000  551,613
 7,21   0,00    0,000    1,213   0,000   1,213
 7,21   0,00    0,000    1,211   0,000   1,211

 7,22   0,00    1,213    1,211   0,011   1,068   0,022   0,001   0,098   0,003   0,000   0,011   0,000 7101681000
 7,22   4,72  604,887
 7,22   0,00    0,000    0,000
 7,22   0,00    0,000  551,670
 7,22   0,00    0,000    1,213   0,000   1,213
 7,22   0,00    0,000    1,211   0,000   1,211

 7,23   0,00    1,213    1,211   0,011   1,068   0,022   0,001   0,097   0,003   0,000   0,011   0,000 7111517000
 7,23   4,72  604,952
 7,23   0,00    0,000    0,000
 7,23   0,00    0,000  551,728
 7,23   0,00    0,000    1,213   0,000   1,213
 7,23   0,00    0,000    1,211   0,000   1,211

 7,24   0,00    1,213    1,211   0,011   1,068   0,022   0,001   0,097   0,003   0,000   0,011   0,000 7121353000
 7,24   4,72  605,017
 7,24   0,00    0,000    0,000
 7,24   0,00    0,000  551,786
 7,24   0,00    0,000    1,213   0,000   1,213
 7,24   0,00    0,000    1,211   0,000   1,211

 7,25   0,00    1,213    1,211   0,011   1,068   0,022   0,001   0,097   0,003   0,000   0,011   0,000 7131190000
 7,25   4,72  605,082
 7,25   0,00    0,000    0,000
 7,25   0,00    0,000  551,843
 7,25   0,00    0,000    1,213   0,000   1,213
 7,25   0,00    0,000    1,211   0,000   1,211

 7,26   0,00    1,213    1,211   0,011   1,068   0,022   0,001   0,097   0,003   0,000   0,011   0,000 7141026000
 7,26   4,72  605,147
 7,26   0,00    0,000    0,000
 7,26   0,00    0,000  551,901
 7,26   0,00    0,000    1,213   0,000   1,213
 7,26   0,00    0,000    1,211   0,000   1,211

 7,27   0,00    1,213    1,211   0,011   1,068   0,022   0,001   0,097   0,003   0,000   0,011   0,000 7150862000
 7,27   4,72  605,211
 7,27   0,00    0,000    0,000
 7,27   0,00    0,000  551,958
 7,27   0,00    0,000    1,213   0,000   1,213
 7,27   0,00    0,000    1,211   0,000   1,211

 7,28   0,00    1,213    1,211   0,011   1,068   0,022   0,001   0,097   0,003   0,000   0,011   0,000 7160698000
 7,28   4,73  605,276
 7,28   0,00    0,000    0,000
 7,28   0,00    0,000  552,015
 7,28   0,00    0,000    1,213   0,000   1,213
 7,28   0,00    0,000    1,211   0,000   1,211

 7,29   0,00    1,213    1,210   0,011   1,068   0,022   0,001   0,097   0,003   0,000   0,011   0,000 7170534000
 7,29   4,73  605,341
 7,29   0,00    0,000    0,000
 7,29   0,00    0,000  552,071
 7,29   0,00    0,000    1,213   0,000   1,213
 7,29   0,00    0,000    1,210   0,000   1,210

 7,30   0,00    1,212    1,210   0,011   1,068   0,022   0,001   0,097   0,003   0,000   0,011   0,000 7180370000
 7,30   4,73  605,405
 7,30   0,00    0,000    0,000
 7,30   0,00    0,000  552,128
 7,30   0,00    0,000    1,212   0,000   1,212
 7,30   0,00    0,000    1,210   0,000   1,210

 7,31   0,00    1,212    1,210   0,011   1,068   0,022   0,001   0,097   0,003   0,000   0,011   0,000 7190206000
 7,31   4,73  605,470
 7,31   0,00    0,000    0,000
 7,31   0,00    0,000  552,184
 7,31   0,00    0,000    1,212   0,000   1,212
 7,31   0,00    0,000    1,210   0,000   1,210

 7,32   0,00    1,212    1,210   0,011   1,068   0,022   0,001   0,097   0,003   0,000   0,011   0,000 7200042000
 7,32   4,73  605,534
 7,32   0,00    0,000    0,000
 7,32   0,00    0,000  552,240
 7,32   0,00    0,000    1,212   0,000   1,212
 7,32   0,00    0,000    1,210   0,000   1,210

 7,33   0,00    1,212    1,210   0,011   1,068   0,022   0,001   0,097   0,003   0,000   0,011   0,000 7209879000
 7,33   4,73  605,598
 7,33   0,00    0,000    0,000
 7,33   0,00    0,000  552,296
 7,33   0,00    0,000    1,212   0,000   1,212
 7,33   0,00    0,000    1,210   0,000   1,210

 7,34   0,00    1,212    1,210   0,011   1,068   0,022   0,001   0,097   0,003   0,000   0,011   0,000 7219715000
 7,34   4,73  605,662
 7,34   0,00    0,000    0,000
 7,34   0,00    0,000  552,352
 7,34   0,00    0,000    1,212   0,000   1,212
 7,34   0,00    0,000    1,210   0,000   1,210

 7,35   0,00    1,212    1,210   0,011   1,068   0,022   0,001   0,097   0,003   0,000   0,011   0,000 7229551000
 7,35   4,74  605,727
 7,35   0,00    0,000    0,000
 7,35   0,00    0,000  552,407
 7,35   0,00    0,000    1,212   0,000   1,212
 7,35   0,00    0,000    1,210   0,000   1,210

 7,36   0,00    1,212    1,210   0,011   1,068   0,022   0,001   0,097   0,003   0,000   0,011   0,000 7239387000
 7,36   4,74  605,791
 7,36   0,00    0,000    0,000
 7,36   0,00    0,000  552,463
 7,36   0,00    0,000    1,212   0,000   1,212
 7,36   0,00    0,000    1,210   0,000   1,210

 7,37   0,00    1,212    1,210   0,011   1,068   0,022   0,001   0,097   0,003   0,000   0,011   0,000 7249223000
 7,37   4,74  605,855
 7,37   0,00    0,000    0,000
 7,37   0,00    0,000  552,518
 7,37   0,00    0,000    1,212   0,000   1,212
 7,37   0,00    0,000    1,210   0,000   1,210

 7,38   0,00    1,212    1,210   0,011   1,068   0,021   0,001   0,097   0,003   0,000   0,011   0,000 7259059000
 7,38   4,74  605,919
 7,38   0,00    0,000    0,000
 7,38   0,00    0,000  552,573
 7,38   0,00    0,000    1,212   0,000   1,212
 7,38   0,00    0,000    1,210   0,000   1,210

 7,39   0,00    1,212    1,210   0,011   1,068   0,021   0,001   0,097   0,003   0,000   0,011   0,000 7268895000
 7,39   4,74  605,983
 7,39   0,00    0,000    0,000
 7,39   0,00    0,000  552,628
 7,39   0,00    0,000    1,212   0,000   1,212
 7,39   0,00    0,000    1,210   0,000   1,210

 7,40   0,00    1,212    1,210   0,011   1,068   0,021   0,001   0,097   0,003   0,000   0,011   0,000 7278731000
 7,40   4,74  606,046
 7,40   0,00    0,000    0,000
 7,40   0,00    0,000  552,682
 7,40   0,00    0,000    1,212   0,000   1,212
 7,40   0,00    0,000    1,210   0,000   1,210

 7,41   0,00    1,212    1,210   0,011   1,068   0,021   0,001   0,097   0,003   0,000   0,011   0,000 7288567000
 7,41   4,74  606,110
 7,41   0,00    0,000    0,000
 7,41   0,00    0,000  552,737
 7,41   0,00    0,000    1,212   0,000   1,212
 7,41   0,00    0,000    1,210   0,000   1,210

 7,42   0,00    1,212    1,210   0,011   1,068   0,021   0,001   0,097   0,003   0,000   0,011   0,000 7298404000
 7,42   4,75  606,174
 7,42   0,00    0,000    0,000
 7,42   0,00    0,000  552,791
 7,42   0,00    0,000    1,212   0,000   1,212
 7,42   0,00    0,000    1,210   0,000   1,210

 7,43   0,00    1,211    1,210   0,011   1,068   0,021   0,001   0,097   0,003   0,000   0,011   0,000 7308239000
 7,43   4,75  606,238
 7,43   0,00    0,000    0,000
 7,43   0,00    0,000  552,845
 7,43   0,00    0,000    1,211   0,000   1,211
 7,43   0,00    0,000    1,210   0,000   1,210

 7,44   0,00    1,211    1,209   0,011   1,068   0,021   0,001   0,097   0,003   0,000   0,011   0,000 7318076000
 7,44   4,75  606,301
 7,44   0,00    0,000    0,000
 7,44   0,00    0,000  552,899
 7,44   0,00    0,000    1,211   0,000   1,211
 7,44   0,00    0,000    1,209   0,000   1,209

 7,45   0,00    1,211    1,209   0,011   1,068   0,021   0,001   0,097   0,003   0,000   0,011   0,000 7327912000
 7,45   4,75  606,365
 7,45   0,00    0,000    0,000
 7,45   0,00    0,000  552,953
 7,45   0,00    0,000    1,211   0,000   1,211
 7,45   0,00    0,000    1,209   0,000   1,209

 7,46   0,00    1,211    1,209   0,011   1,068   0,021   0,001   0,097   0,003   0,000   0,010   0,000 7337748000
 7,46   4,75  606,428
 7,46   0,00    0,000    0,000
 7,46   0,00    0,000  553,006
 7,46   0,00    0,000    1,211   0,000   1,211
 7,46   0,00    0,000    1,209   0,000   1,209

 7,47   0,00    1,211    1,209   0,011   1,069   0,021   0,001   0,097   0,002   0,000   0,010   0,000 7347584000
 7,47   4,75  606,491
 7,47   0,00    0,000    0,000
 7,47   0,00    0,000  553,059
 7,47   0,00    0,000    1,211   0,000   1,211
 7,47   0,00    0,000    1,209   0,000   1,209

 7,48   0,00    1,211    1,209   0,011   1,069   0,021   0,001   0,097   0,002   0,000   0,010   0,000 7357421000
 7,48   4,76  606,555
 7,48   0,00    0,000    0,000
 7,48   0,00    0,000  553,113
 7,48   0,00    0,000    1,211   0,000   1,211
 7,48   0,00    0,000    1,209   0,000   1,209

 7,49   0,00    1,211    1,209   0,011   1,069   0,021   0,001   0,097   0,002   0,000   0,010   0,000 7367256000
 7,49   4,76  606,618
 7,49   0,00    0,000    0,000
 7,49   0,00    0,000  553,166
 7,49   0,00    0,000    1,211   0,000   1,211
 7,49   0,00    0,000    1,209   0,000   1,209

 7,50   0,00    1,211    1,209   0,011   1,069   0,021   0,001   0,097   0,002   0,000   0,010   0,000 7377093000
 7,50   4,76  606,681
 7,50   0,00    0,000    0,000
 7,50   0,00    0,000  553,219
 7,50   0,00    0,000    1,211   0,000   1,211
 7,50   0,00    0,000    1,209   0,000   1,209

 7,51   0,00    1,211    1,209   0,011   1,069   0,021   0,001   0,097   0,002   0,000   0,010   0,000 7386929000
 7,51   4,76  606,744
 7,51   0,00    0,000    0,000
 7,51   0,00    0,000  553,271
 7,51   0,00    0,000    1,211   0,000   1,211
 7,51   0,00    0,000    1,209   0,000   1,209

 7,52   0,00    1,211    1,209   0,011   1,069   0,021   0,001   0,097   0,002   0,000   0,010   0,000 7396765000
 7,52   4,76  606,807
 7,52   0,00    0,000    0,000
 7,52   0,00    0,000  553,324
 7,52   0,00    0,000    1,211   0,000   1,211
 7,52   0,00    0,000    1,209   0,000   1,209

 7,53   0,00    1,211    1,209   0,010   1,069   0,021   0,001   0,097   0,002   0,000   0,010   0,000 7406601000
 7,53   4,76  606,870
 7,53   0,00    0,000    0,000
 7,53   0,00    0,000  553,376
 7,53   0,00    0,000    1,211   0,000   1,211
 7,53   0,00    0,000    1,209   0,000   1,209

 7,54   0,00    1,211    1,209   0,010   1,069   0,021   0,001   0,097   0,002   0,000   0,010   0,000 7416437000
 7,54   4,76  606,933
 7,54   0,00    0,000    0,000
 7,54   0,00    0,000  553,428
 7,54   0,00    0,000    1,211   0,000   1,211
 7,54   0,00    0,000    1,209   0,000   1,209

 7,55   0,00    1,211    1,209   0,010   1,069   0,021   0,001   0,097   0,002   0,000   0,010   0,000 7426273000
 7,55   4,77  606,996
 7,55   0,00    0,000    0,000
 7,55   0,00    0,000  553,480
 7,55   0,00    0,000    1,211   0,000   1,211
 7,55   0,00    0,000    1,209   0,000   1,209

 7,56   0,00    1,211    1,209   0,010   1,069   0,021   0,001   0,097   0,002   0,000   0,010   0,000 7436109000
 7,56   4,77  607,059
 7,56   0,00    0,000    0,000
 7,56   0,00    0,000  553,532
 7,56   0,00    0,000    1,211   0,000   1,211
 7,56   0,00    0,000    1,209   0,000   1,209

 7,57   0,00    1,210    1,209   0,010   1,069   0,020   0,001   0,097   0,002   0,000   0,010   0,000 7445946000
 7,57   4,77  607,122
 7,57   0,00    0,000    0,000
 7,57   0,00    0,000  553,583
 7,57   0,00    0,000    1,210   0,000   1,210
 7,57   0,00    0,000    1,209   0,000   1,209

 7,58   0,00    1,210    1,208   0,010   1,069   0,020   0,001   0,097   0,002   0,000   0,010   0,000 7455781000
 7,58   4,77  607,185
 7,58   0,00    0,000    0,000
 7,58   0,00    0,000  553,635
 7,58   0,00    0,000    1,210   0,000   1,210
 7,58   0,00    0,000    1,208   0,000   1,208

 7,59   0,00    1,210    1,208   0,010   1,069   0,020   0,001   0,097   0,002   0,000   0,010   0,000 7465618000
 7,59   4,77  607,247
 7,59   0,00    0,000    0,000
 7,59   0,00    0,000  553,686
 7,59   0,00    0,000    1,210   0,000   1,210
 7,59   0,00    0,000    1,208   0,000   1,208

 7,60   0,00    1,210    1,208   0,010   1,069   0,020   0,001   0,097   0,002   0,000   0,010   0,000 7475454000
 7,60   4,77  607,310
 7,60   0,00    0,000    0,000
 7,60   0,00    0,000  553,737
 7,60   0,00    0,000    1,210   0,000   1,210
 7,60   0,00    0,000    1,208   0,000   1,208

 7,61   0,00    1,210    1,208   0,010   1,069   0,020   0,001   0,097   0,002   0,000   0,010   0,000 7485290000
 7,61   4,77  607,372
 7,61   0,00    0,000    0,000
 7,61   0,00    0,000  553,788
 7,61   0,00    0,000    1,210   0,000   1,210
 7,61   0,00    0,000    1,208   0,000   1,208

 7,62   0,00    1,210    1,208   0,010   1,069   0,020   0,001   0,097   0,002   0,000   0,010   0,000 7495126000
 7,62   4,78  607,435
 7,62   0,00    0,000    0,000
 7,62   0,00    0,000  553,839
 7,62   0,00    0,000    1,210   0,000   1,210
 7,62   0,00    0,000    1,208   0,000   1,208

 7,63   0,00    1,210    1,208   0,010   1,069   0,020   0,001   0,097   0,002   0,000   0,010   0,000 7504963000
 7,63   4,78  607,497
 7,63   0,00    0,000    0,000
 7,63   0,00    0,000  553,890
 7,63   0,00    0,000    1,210   0,000   1,210
 7,63   0,00    0,000    1,208   0,000   1,208

 7,64   0,00    1,210    1,208   0,010   1,069   0,020   0,001   0,097   0,002   0,000   0,010   0,000 7514798000
 7,64   4,78  607,560
 7,64   0,00    0,000    0,000
 7,64   0,00    0,000  553,940
 7,64   0,00    0,000    1,210   0,000   1,210
 7,64   0,00    0,000    1,208   0,000   1,208

 7,65   0,00    1,210    1,208   0,010   1,069   0,020   0,001   0,097   0,002   0,000   0,010   0,000 7524635000
 7,65   4,78  607,622
 7,65   0,00    0,000    0,000
 7,65   0,00    0,000  553,991
 7,65   0,00    0,000    1,210   0,000   1,210
 7,65   0,00    0,000    1,208   0,000   1,208

 7,66   0,00    1,210    1,208   0,010   1,069   0,020   0,001   0,097   0,002   0,000   0,010   0,000 7534471000
 7,66   4,78  607,684
 7,66   0,00    0,000    0,000
 7,66   0,00    0,000  554,041
 7,66   0,00    0,000    1,210   0,000   1,210
 7,66   0,00    0,000    1,208   0,000   1,208

 7,67   0,00    1,210    1,208   0,010   1,069   0,020   0,001   0,097   0,002   0,000   0,010   0,000 7544307000
 7,67   4,78  607,747
 7,67   0,00    0,000    0,000
 7,67   0,00    0,000  554,091
 7,67   0,00    0,000    1,210   0,000   1,210
 7,67   0,00    0,000    1,208   0,000   1,208

 7,68   0,00    1,210    1,208   0,010   1,069   0,020   0,001   0,097   0,002   0,000   0,010   0,000 7554143000
 7,68   4,78  607,809
 7,68   0,00    0,000    0,000
 7,68   0,00    0,000  554,141
 7,68   0,00    0,000    1,210   0,000   1,210
 7,68   0,00    0,000    1,208   0,000   1,208

 7,69   0,00    1,210    1,208   0,010   1,069   0,020   0,001   0,097   0,002   0,000   0,010   0,000 7563979000
 7,69   4,79  607,871
 7,69   0,00    0,000    0,000
 7,69   0,00    0,000  554,190
 7,69   0,00    0,000    1,210   0,000   1,210
 7,69   0,00    0,000    1,208   0,000   1,208

 7,70   0,00    1,210    1,208   0,010   1,069   0,020   0,001   0,097   0,002   0,000   0,010   0,000 7573815000
 7,70   4,79  607,933
 7,70   0,00    0,000    0,000
 7,70   0,00    0,000  554,240
 7,70   0,00    0,000    1,210   0,000   1,210
 7,70   0,00    0,000    1,208   0,000   1,208

 7,71   0,00    1,209    1,208   0,010   1,069   0,020   0,001   0,097   0,002   0,000   0,010   0,000 7583651000
 7,71   4,79  607,995
 7,71   0,00    0,000    0,000
 7,71   0,00    0,000  554,289
 7,71   0,00    0,000    1,209   0,000   1,209
 7,71   0,00    0,000    1,208   0,000   1,208

 7,72   0,00    1,209    1,208   0,010   1,069   0,020   0,001   0,097   0,002   0,000   0,010   0,000 7593487000
 7,72   4,79  608,057
 7,72   0,00    0,000    0,000
 7,72   0,00    0,000  554,338
 7,72   0,00    0,000    1,209   0,000   1,209
 7,72   0,00    0,000    1,208   0,000   1,208

 7,73   0,00    1,209    1,208   0,010   1,069   0,020   0,001   0,097   0,002   0,000   0,010   0,000 7603323000
 7,73   4,79  608,119
 7,73   0,00    0,000    0,000
 7,73   0,00    0,000  554,387
 7,73   0,00    0,000    1,209   0,000   1,209
 7,73   0,00    0,000    1,208   0,000   1,208

 7,74   0,00    1,209    1,207   0,010   1,069   0,020   0,001   0,097   0,002   0,000   0,010   0,000 7613159000
 7,74   4,79  608,181
 7,74   0,00    0,000    0,000
 7,74   0,00    0,000  554,436
 7,74   0,00    0,000    1,209   0,000   1,209
 7,74   0,00    0,000    1,207   0,000   1,207

 7,75   0,00    1,209    1,207   0,010   1,069   0,020   0,001   0,097   0,002   0,000   0,010   0,000 7622995000
 7,75   4,79  608,243
 7,75   0,00    0,000    0,000
 7,75   0,00    0,000  554,485
 7,75   0,00    0,000    1,209   0,000   1,209
 7,75   0,00    0,000    1,207   0,000   1,207

 7,76   0,00    1,209    1,207   0,010   1,069   0,020   0,001   0,097   0,002   0,000   0,010   0,000 7632832000
 7,76   4,80  608,304
 7,76   0,00    0,000    0,000
 7,76   0,00    0,000  554,534
 7,76   0,00    0,000    1,209   0,000   1,209
 7,76   0,00    0,000    1,207   0,000   1,207

 7,77   0,00    1,209    1,207   0,010   1,069   0,020   0,001   0,096   0,002   0,000   0,010   0,000 7642668000
 7,77   4,80  608,366
 7,77   0,00    0,000    0,000
 7,77   0,00    0,000  554,582
 7,77   0,00    0,000    1,209   0,000   1,209
 7,77   0,00    0,000    1,207   0,000   1,207

 7,78   0,00    1,209    1,207   0,010   1,069   0,019   0,001   0,096   0,002   0,000   0,010   0,000 7652504000
 7,78   4,80  608,428
 7,78   0,00    0,000    0,000
 7,78   0,00    0,000  554,630
 7,78   0,00    0,000    1,209   0,000   1,209
 7,78   0,00    0,000    1,207   0,000   1,207

 7,79   0,00    1,209    1,207   0,010   1,069   0,019   0,001   0,096   0,002   0,000   0,010   0,000 7662340000
 7,79   4,80  608,490
 7,79   0,00    0,000    0,000
 7,79   0,00    0,000  554,678
 7,79   0,00    0,000    1,209   0,000   1,209
 7,79   0,00    0,000    1,207   0,000   1,207

 7,80   0,00    1,209    1,207   0,010   1,069   0,019   0,001   0,096   0,002   0,000   0,010   0,000 7672177000
 7,80   4,80  608,551
 7,80   0,00    0,000    0,000
 7,80   0,00    0,000  554,726
 7,80   0,00    0,000    1,209   0,000   1,209
 7,80   0,00    0,000    1,207   0,000   1,207

 7,81   0,00    1,209    1,207   0,010   1,069   0,019   0,001   0,096   0,002   0,000   0,010   0,000 7682012000
 7,81   4,80  608,613
 7,81   0,00    0,000    0,000
 7,81   0,00    0,000  554,774
 7,81   0,00    0,000    1,209   0,000   1,209
 7,81   0,00    0,000    1,207   0,000   1,207

 7,82   0,00    1,209    1,207   0,010   1,070   0,019   0,001   0,096   0,002   0,000   0,010   0,000 7691849000
 7,82   4,80  608,674
 7,82   0,00    0,000    0,000
 7,82   0,00    0,000  554,822
 7,82   0,00    0,000    1,209   0,000   1,209
 7,82   0,00    0,000    1,207   0,000   1,207

 7,83   0,00    1,209    1,207   0,010   1,070   0,019   0,001   0,096   0,002   0,000   0,010   0,000 7701685000
 7,83   4,81  608,736
 7,83   0,00    0,000    0,000
 7,83   0,00    0,000  554,869
 7,83   0,00    0,000    1,209   0,000   1,209
 7,83   0,00    0,000    1,207   0,000   1,207

 7,84   0,00    1,209    1,207   0,010   1,070   0,019   0,001   0,096   0,002   0,000   0,010   0,000 7711521000
 7,84   4,81  608,797
 7,84   0,00    0,000    0,000
 7,84   0,00    0,000  554,917
 7,84   0,00    0,000    1,209   0,000   1,209
 7,84   0,00    0,000    1,207   0,000   1,207

 7,85   0,00    1,209    1,207   0,010   1,070   0,019   0,001   0,096   0,002   0,000   0,010   0,000 7721357000
 7,85   4,81  608,859
 7,85   0,00    0,000    0,000
 7,85   0,00    0,000  554,964
 7,85   0,00    0,000    1,209   0,000   1,209
 7,85   0,00    0,000    1,207   0,000   1,207

 7,86   0,00    1,208    1,207   0,010   1,070   0,019   0,001   0,096   0,002   0,000   0,010   0,000 7731193000
 7,86   4,81  608,920
 7,86   0,00    0,000    0,000
 7,86   0,00    0,000  555,011
 7,86   0,00    0,000    1,208   0,000   1,208
 7,86   0,00    0,000    1,207   0,000   1,207

 7,87   0,00    1,208    1,207   0,010   1,070   0,019   0,001   0,096   0,002   0,000   0,010   0,000 7741029000
 7,87   4,81  608,981
 7,87   0,00    0,000    0,000
 7,87   0,00    0,000  555,058
 7,87   0,00    0,000    1,208   0,000   1,208
 7,87   0,00    0,000    1,207   0,000   1,207

 7,88   0,00    1,208    1,207   0,010   1,070   0,019   0,001   0,096   0,002   0,000   0,010   0,000 7750865000
 7,88   4,81  609,042
 7,88   0,00    0,000    0,000
 7,88   0,00    0,000  555,105
 7,88   0,00    0,000    1,208   0,000   1,208
 7,88   0,00    0,000    1,207   0,000   1,207

 7,89   0,00    1,208    1,207   0,010   1,070   0,019   0,001   0,096   0,002   0,000   0,010   0,000 7760701000
 7,89   4,81  609,104
 7,89   0,00    0,000    0,000
 7,89   0,00    0,000  555,152
 7,89   0,00    0,000    1,208   0,000   1,208
 7,89   0,00    0,000    1,207   0,000   1,207

 7,90   0,00    1,208    1,206   0,010   1,070   0,019   0,001   0,096   0,002   0,000   0,010   0,000 7770537000
 7,90   4,82  609,165
 7,90   0,00    0,000    0,000
 7,90   0,00    0,000  555,198
 7,90   0,00    0,000    1,208   0,000   1,208
 7,90   0,00    0,000    1,206   0,000   1,206

 7,91   0,00    1,208    1,206   0,010   1,070   0,019   0,001   0,096   0,002   0,000   0,010   0,000 7780374000
 7,91   4,82  609,226
 7,91   0,00    0,000    0,000
 7,91   0,00    0,000  555,244
 7,91   0,00    0,000    1,208   0,000   1,208
 7,91   0,00    0,000    1,206   0,000   1,206

 7,92   0,00    1,208    1,206   0,010   1,070   0,019   0,001   0,096   0,002   0,000   0,010   0,000 7790210000
 7,92   4,82  609,287
 7,92   0,00    0,000    0,000
 7,92   0,00    0,000  555,291
 7,92   0,00    0,000    1,208   0,000   1,208
 7,92   0,00    0,000    1,206   0,000   1,206

 7,93   0,00    1,208    1,206   0,010   1,070   0,019   0,001   0,096   0,002   0,000   0,010   0,000 7800046000
 7,93   4,82  609,348
 7,93   0,00    0,000    0,000
 7,93   0,00    0,000  555,337
 7,93   0,00    0,000    1,208   0,000   1,208
 7,93   0,00    0,000    1,206   0,000   1,206

 7,94   0,00    1,208    1,206   0,010   1,070   0,019   0,001   0,096   0,002   0,000   0,010   0,000 7809882000
 7,94   4,82  609,409
 7,94   0,00    0,000    0,000
 7,94   0,00    0,000  555,383
 7,94   0,00    0,000    1,208   0,000   1,208
 7,94   0,00    0,000    1,206   0,000   1,206

 7,95   0,00    1,208    1,206   0,010   1,070   0,019   0,001   0,096   0,002   0,000   0,010   0,000 7819718000
 7,95   4,82  609,470
 7,95   0,00    0,000    0,000
 7,95   0,00    0,000  555,429
 7,95   0,00    0,000    1,208   0,000   1,208
 7,95   0,00    0,000    1,206   0,000   1,206

 7,96   0,00    1,208    1,206   0,010   1,070   0,019   0,001   0,096   0,002   0,000   0,010   0,000 7829554000
 7,96   4,82  609,531
 7,96   0,00    0,000    0,000
 7,96   0,00    0,000  555,474
 7,96   0,00    0,000    1,208   0,000   1,208
 7,96   0,00    0,000    1,206   0,000   1,206

 7,97   0,00    1,208    1,206   0,010   1,070   0,019   0,001   0,096   0,002   0,000   0,010   0,000 7839390000
 7,97   4,83  609,592
 7,97   0,00    0,000    0,000
 7,97   0,00    0,000  555,520
 7,97   0,00    0,000    1,208   0,000   1,208
 7,97   0,00    0,000    1,206   0,000   1,206

 7,98   0,00    1,208    1,206   0,010   1,070   0,019   0,001   0,096   0,002   0,000   0,010   0,000 7849227000
 7,98   4,83  609,652
 7,98   0,00    0,000    0,000
 7,98   0,00    0,000  555,565
 7,98   0,00    0,000    1,208   0,000   1,208
 7,98   0,00    0,000    1,206   0,000   1,206

 7,99   0,00    1,208    1,206   0,010   1,070   0,019   0,001   0,096   0,002   0,000   0,010   0,000 7859062000
 7,99   4,83  609,713
 7,99   0,00    0,000    0,000
 7,99   0,00    0,000  555,610
 7,99   0,00    0,000    1,208   0,000   1,208
 7,99   0,00    0,000    1,206   0,000   1,206

 8,00   0,00    1,208    1,206   0,010   1,070   0,019   0,001   0,096   0,002   0,000   0,010   0,000 7868899000
 8,00   4,83  609,774
 8,00   0,00    0,000    0,000
 8,00   0,00    0,000  555,656
 8,00   0,00    0,000    1,208   0,000   1,208
 8,00   0,00    0,000    1,206   0,000   1,206

 8,01   0,00    1,208    1,206   0,010   1,070   0,018   0,001   0,096   0,002   0,000   0,010   0,000 7878735000
 8,01   4,83  609,835
 8,01   0,00    0,000    0,000
 8,01   0,00    0,000  555,701
 8,01   0,00    0,000    1,208   0,000   1,208
 8,01   0,00    0,000    1,206   0,000   1,206

 8,02   0,00    1,207    1,206   0,010   1,070   0,018   0,001   0,096   0,002   0,000   0,010   0,000 7888571000
 8,02   4,83  609,895
 8,02   0,00    0,000    0,000
 8,02   0,00    0,000  555,745
 8,02   0,00    0,000    1,207   0,000   1,207
 8,02   0,00    0,000    1,206   0,000   1,206

 8,03   0,00    1,207    1,206   0,010   1,070   0,018   0,001   0,096   0,002   0,000   0,010   0,000 7898407000
 8,03   4,83  609,956
 8,03   0,00    0,000    0,000
 8,03   0,00    0,000  555,790
 8,03   0,00    0,000    1,207   0,000   1,207
 8,03   0,00    0,000    1,206   0,000   1,206

 8,04   0,00    1,207    1,206   0,010   1,070   0,018   0,001   0,096   0,002   0,000   0,010   0,000 7908243000
 8,04   4,84  610,017
 8,04   0,00    0,000    0,000
 8,04   0,00    0,000  555,835
 8,04   0,00    0,000    1,207   0,000   1,207
 8,04   0,00    0,000    1,206   0,000   1,206

 8,05   0,00    1,207    1,206   0,010   1,070   0,018   0,001   0,096   0,002   0,000   0,010   0,000 7918079000
 8,05   4,84  610,077
 8,05   0,00    0,000    0,000
 8,05   0,00    0,000  555,879
 8,05   0,00    0,000    1,207   0,000   1,207
 8,05   0,00    0,000    1,206   0,000   1,206

 8,06   0,00    1,207    1,206   0,010   1,070   0,018   0,001   0,096   0,002   0,000   0,010   0,000 7927916000
 8,06   4,84  610,138
 8,06   0,00    0,000    0,000
 8,06   0,00    0,000  555,923
 8,06   0,00    0,000    1,207   0,000   1,207
 8,06   0,00    0,000    1,206   0,000   1,206

 8,07   0,00    1,207    1,205   0,010   1,070   0,018   0,001   0,096   0,002   0,000   0,010   0,000 7937752000
 8,07   4,84  610,198
 8,07   0,00    0,000    0,000
 8,07   0,00    0,000  555,967
 8,07   0,00    0,000    1,207   0,000   1,207
 8,07   0,00    0,000    1,205   0,000   1,205

 8,08   0,00    1,207    1,205   0,010   1,070   0,018   0,001   0,096   0,002   0,000   0,010   0,000 7947588000
 8,08   4,84  610,259
 8,08   0,00    0,000    0,000
 8,08   0,00    0,000  556,012
 8,08   0,00    0,000    1,207   0,000   1,207
 8,08   0,00    0,000    1,205   0,000   1,205

 8,09   0,00    1,207    1,205   0,010   1,070   0,018   0,001   0,096   0,002   0,000   0,010   0,000 7957424000
 8,09   4,84  610,319
 8,09   0,00    0,000    0,000
 8,09   0,00    0,000  556,055
 8,09   0,00    0,000    1,207   0,000   1,207
 8,09   0,00    0,000    1,205   0,000   1,205

 8,10   0,00    1,207    1,205   0,010   1,070   0,018   0,001   0,096   0,002   0,000   0,010   0,000 7967260000
 8,10   4,84  610,380
 8,10   0,00    0,000    0,000
 8,10   0,00    0,000  556,099
 8,10   0,00    0,000    1,207   0,000   1,207
 8,10   0,00    0,000    1,205   0,000   1,205

 8,11   0,00    1,207    1,205   0,010   1,070   0,018   0,001   0,096   0,002   0,000   0,010   0,000 7977096000
 8,11   4,85  610,440
 8,11   0,00    0,000    0,000
 8,11   0,00    0,000  556,143
 8,11   0,00    0,000    1,207   0,000   1,207
 8,11   0,00    0,000    1,205   0,000   1,205

 8,12   0,00    1,207    1,205   0,010   1,070   0,018   0,001   0,096   0,002   0,000   0,010   0,000 7986932000
 8,12   4,85  610,500
 8,12   0,00    0,000    0,000
 8,12   0,00    0,000  556,186
 8,12   0,00    0,000    1,207   0,000   1,207
 8,12   0,00    0,000    1,205   0,000   1,205

 8,13   0,00    1,207    1,205   0,010   1,070   0,018   0,001   0,096   0,002   0,000   0,010   0,000 7996768000
 8,13   4,85  610,560
 8,13   0,00    0,000    0,000
 8,13   0,00    0,000  556,230
 8,13   0,00    0,000    1,207   0,000   1,207
 8,13   0,00    0,000    1,205   0,000   1,205

 8,14   0,00    1,207    1,205   0,009   1,070   0,018   0,001   0,096   0,002   0,000   0,010   0,000 8006605000
 8,14   4,85  610,621
 8,14   0,00    0,000    0,000
 8,14   0,00    0,000  556,273
 8,14   0,00    0,000    1,207   0,000   1,207
 8,14   0,00    0,000    1,205   0,000   1,205

 8,15   0,00    1,207    1,205   0,009   1,070   0,018   0,001   0,096   0,002   0,000   0,010   0,000 8016440000
 8,15   4,85  610,681
 8,15   0,00    0,000    0,000
 8,15   0,00    0,000  556,316
 8,15   0,00    0,000    1,207   0,000   1,207
 8,15   0,00    0,000    1,205   0,000   1,205

 8,16   0,00    1,207    1,205   0,009   1,070   0,018   0,001   0,096   0,002   0,000   0,010   0,000 8026277000
 8,16   4,85  610,741
 8,16   0,00    0,000    0,000
 8,16   0,00    0,000  556,359
 8,16   0,00    0,000    1,207   0,000   1,207
 8,16   0,00    0,000    1,205   0,000   1,205

 8,17   0,00    1,207    1,205   0,009   1,070   0,018   0,001   0,096   0,002   0,000   0,010   0,000 8036113000
 8,17   4,85  610,801
 8,17   0,00    0,000    0,000
 8,17   0,00    0,000  556,402
 8,17   0,00    0,000    1,207   0,000   1,207
 8,17   0,00    0,000    1,205   0,000   1,205

 8,18   0,00    1,206    1,205   0,009   1,070   0,018   0,001   0,096   0,002   0,000   0,010   0,000 8045949000
 8,18   4,86  610,861
 8,18   0,00    0,000    0,000
 8,18   0,00    0,000  556,445
 8,18   0,00    0,000    1,206   0,000   1,206
 8,18   0,00    0,000    1,205   0,000   1,205

 8,19   0,00    1,206    1,205   0,009   1,070   0,018   0,001   0,096   0,002   0,000   0,010   0,000 8055785000
 8,19   4,86  610,921
 8,19   0,00    0,000    0,000
 8,19   0,00    0,000  556,487
 8,19   0,00    0,000    1,206   0,000   1,206
 8,19   0,00    0,000    1,205   0,000   1,205

 8,20   0,00    1,206    1,205   0,009   1,070   0,018   0,001   0,096   0,002   0,000   0,010   0,000 8065621000
 8,20   4,86  610,982
 8,20   0,00    0,000    0,000
 8,20   0,00    0,000  556,530
 8,20   0,00    0,000    1,206   0,000   1,206
 8,20   0,00    0,000    1,205   0,000   1,205

 8,21   0,00    1,206    1,205   0,009   1,071   0,018   0,001   0,096   0,002   0,000   0,010   0,000 8075458000
 8,21   4,86  611,042
 8,21   0,00    0,000    0,000
 8,21   0,00    0,000  556,572
 8,21   0,00    0,000    1,206   0,000   1,206
 8,21   0,00    0,000    1,205   0,000   1,205

 8,22   0,00    1,206    1,205   0,009   1,071   0,018   0,001   0,096   0,002   0,000   0,010   0,000 8085294000
 8,22   4,86  611,102
 8,22   0,00    0,000    0,000
 8,22   0,00    0,000  556,615
 8,22   0,00    0,000    1,206   0,000   1,206
 8,22   0,00    0,000    1,205   0,000   1,205

 8,23   0,00    1,206    1,205   0,009   1,071   0,018   0,001   0,096   0,002   0,000   0,010   0,000 8095129000
 8,23   4,86  611,161
 8,23   0,00    0,000    0,000
 8,23   0,00    0,000  556,657
 8,23   0,00    0,000    1,206   0,000   1,206
 8,23   0,00    0,000    1,205   0,000   1,205

 8,24   0,00    1,206    1,205   0,009   1,071   0,018   0,001   0,096   0,002   0,000   0,010   0,000 8104966000
 8,24   4,86  611,221
 8,24   0,00    0,000    0,000
 8,24   0,00    0,000  556,699
 8,24   0,00    0,000    1,206   0,000   1,206
 8,24   0,00    0,000    1,205   0,000   1,205

 8,25   0,00    1,206    1,204   0,009   1,071   0,017   0,001   0,096   0,002   0,000   0,010   0,000 8114802000
 8,25   4,87  611,281
 8,25   0,00    0,000    0,000
 8,25   0,00    0,000  556,740
 8,25   0,00    0,000    1,206   0,000   1,206
 8,25   0,00    0,000    1,204   0,000   1,204

 8,26   0,00    1,206    1,204   0,009   1,071   0,017   0,001   0,096   0,002   0,000   0,010   0,000 8124638000
 8,26   4,87  611,341
 8,26   0,00    0,000    0,000
 8,26   0,00    0,000  556,782
 8,26   0,00    0,000    1,206   0,000   1,206
 8,26   0,00    0,000    1,204   0,000   1,204

 8,27   0,00    1,206    1,204   0,009   1,071   0,017   0,001   0,096   0,002   0,000   0,010   0,000 8134475000
 8,27   4,87  611,401
 8,27   0,00    0,000    0,000
 8,27   0,00    0,000  556,824
 8,27   0,00    0,000    1,206   0,000   1,206
 8,27   0,00    0,000    1,204   0,000   1,204

 8,28   0,00    1,206    1,204   0,009   1,071   0,017   0,001   0,096   0,002   0,000   0,010   0,000 8144310000
 8,28   4,87  611,461
 8,28   0,00    0,000    0,000
 8,28   0,00    0,000  556,865
 8,28   0,00    0,000    1,206   0,000   1,206
 8,28   0,00    0,000    1,204   0,000   1,204

 8,29   0,00    1,206    1,204   0,009   1,071   0,017   0,001   0,096   0,002   0,000   0,010   0,000 8154146000
 8,29   4,87  611,521
 8,29   0,00    0,000    0,000
 8,29   0,00    0,000  556,907
 8,29   0,00    0,000    1,206   0,000   1,206
 8,29   0,00    0,000    1,204   0,000   1,204

 8,30   0,00    1,206    1,204   0,009   1,071   0,017   0,001   0,096   0,002   0,000   0,010   0,000 8163983000
 8,30   4,87  611,580
 8,30   0,00    0,000    0,000
 8,30   0,00    0,000  556,948
 8,30   0,00    0,000    1,206   0,000   1,206
 8,30   0,00    0,000    1,204   0,000   1,204

 8,31   0,00    1,206    1,204   0,009   1,071   0,017   0,001   0,096   0,002   0,000   0,010   0,000 8173819000
 8,31   4,87  611,640
 8,31   0,00    0,000    0,000
 8,31   0,00    0,000  556,989
 8,31   0,00    0,000    1,206   0,000   1,206
 8,31   0,00    0,000    1,204   0,000   1,204

 8,32   0,00    1,206    1,204   0,009   1,071   0,017   0,001   0,096   0,002   0,000   0,010   0,000 8183654000
 8,32   4,88  611,700
 8,32   0,00    0,000    0,000
 8,32   0,00    0,000  557,030
 8,32   0,00    0,000    1,206   0,000   1,206
 8,32   0,00    0,000    1,204   0,000   1,204

 8,33   0,00    1,206    1,204   0,009   1,071   0,017   0,001   0,096   0,002   0,000   0,010   0,000 8193491000
 8,33   4,88  611,759
 8,33   0,00    0,000    0,000
 8,33   0,00    0,000  557,071
 8,33   0,00    0,000    1,206   0,000   1,206
 8,33   0,00    0,000    1,204   0,000   1,204

 8,34   0,00    1,206    1,204   0,009   1,071   0,017   0,001   0,096   0,002   0,000   0,010   0,000 8203327000
 8,34   4,88  611,819
 8,34   0,00    0,000    0,000
 8,34   0,00    0,000  557,112
 8,34   0,00    0,000    1,206   0,000   1,206
 8,34   0,00    0,000    1,204   0,000   1,204

 8,35   0,00    1,206    1,204   0,009   1,071   0,017   0,001   0,096   0,002   0,000   0,010   0,000 8213164000
 8,35   4,88  611,879
 8,35   0,00    0,000    0,000
 8,35   0,00    0,000  557,153
 8,35   0,00    0,000    1,206   0,000   1,206
 8,35   0,00    0,000    1,204   0,000   1,204

 8,36   0,00    1,205    1,204   0,009   1,071   0,017   0,001   0,096   0,002   0,000   0,010   0,000 8222999000
 8,36   4,88  611,938
 8,36   0,00    0,000    0,000
 8,36   0,00    0,000  557,193
 8,36   0,00    0,000    1,205   0,000   1,205
 8,36   0,00    0,000    1,204   0,000   1,204

 8,37   0,00    1,205    1,204   0,009   1,071   0,017   0,001   0,096   0,002   0,000   0,010   0,000 8232835000
 8,37   4,88  611,998
 8,37   0,00    0,000    0,000
 8,37   0,00    0,000  557,234
 8,37   0,00    0,000    1,205   0,000   1,205
 8,37   0,00    0,000    1,204   0,000   1,204

 8,38   0,00    1,205    1,204   0,009   1,071   0,017   0,001   0,096   0,002   0,000   0,010   0,000 8242672000
 8,38   4,88  612,057
 8,38   0,00    0,000    0,000
 8,38   0,00    0,000  557,274
 8,38   0,00    0,000    1,205   0,000   1,205
 8,38   0,00    0,000    1,204   0,000   1,204

 8,39   0,00    1,205    1,204   0,009   1,071   0,017   0,001   0,096   0,002   0,000   0,010   0,000 8252508000
 8,39   4,89  612,117
 8,39   0,00    0,000    0,000
 8,39   0,00    0,000  557,314
 8,39   0,00    0,000    1,205   0,000   1,205
 8,39   0,00    0,000    1,204   0,000   1,204

 8,40   0,00    1,205    1,204   0,009   1,071   0,017   0,001   0,095   0,002   0,000   0,010   0,000 8262343000
 8,40   4,89  612,176
 8,40   0,00    0,000    0,000
 8,40   0,00    0,000  557,354
 8,40   0,00    0,000    1,205   0,000   1,205
 8,40   0,00    0,000    1,204   0,000   1,204

 8,41   0,00    1,205    1,204   0,009   1,071   0,017   0,001   0,095   0,002   0,000   0,010   0,000 8272180000
 8,41   4,89  612,236
 8,41   0,00    0,000    0,000
 8,41   0,00    0,000  557,394
 8,41   0,00    0,000    1,205   0,000   1,205
 8,41   0,00    0,000    1,204   0,000   1,204

 8,42   0,00    1,205    1,204   0,009   1,071   0,017   0,001   0,095   0,002   0,000   0,010   0,000 8282016000
 8,42   4,89  612,295
 8,42   0,00    0,000    0,000
 8,42   0,00    0,000  557,434
 8,42   0,00    0,000    1,205   0,000   1,205
 8,42   0,00    0,000    1,204   0,000   1,204

 8,43   0,00    1,205    1,204   0,009   1,071   0,017   0,001   0,095   0,002   0,000   0,010   0,000 8291852000
 8,43   4,89  612,355
 8,43   0,00    0,000    0,000
 8,43   0,00    0,000  557,474
 8,43   0,00    0,000    1,205   0,000   1,205
 8,43   0,00    0,000    1,204   0,000   1,204

 8,44   0,00    1,205    1,203   0,009   1,071   0,017   0,001   0,095   0,002   0,000   0,010   0,000 8301688000
 8,44   4,89  612,414
 8,44   0,00    0,000    0,000
 8,44   0,00    0,000  557,514
 8,44   0,00    0,000    1,205   0,000   1,205
 8,44   0,00    0,000    1,203   0,000   1,203

 8,45   0,00    1,205    1,203   0,009   1,071   0,017   0,001   0,095   0,002   0,000   0,010   0,000 8311524000
 8,45   4,89  612,473
 8,45   0,00    0,000    0,000
 8,45   0,00    0,000  557,553
 8,45   0,00    0,000    1,205   0,000   1,205
 8,45   0,00    0,000    1,203   0,000   1,203

 8,46   0,00    1,205    1,203   0,009   1,071   0,017   0,001   0,095   0,002   0,000   0,010   0,000 8321360000
 8,46   4,90  612,533
 8,46   0,00    0,000    0,000
 8,46   0,00    0,000  557,593
 8,46   0,00    0,000    1,205   0,000   1,205
 8,46   0,00    0,000    1,203   0,000   1,203

 8,47   0,00    1,205    1,203   0,009   1,071   0,017   0,001   0,095   0,002   0,000   0,010   0,000 8331197000
 8,47   4,90  612,592
 8,47   0,00    0,000    0,000
 8,47   0,00    0,000  557,632
 8,47   0,00    0,000    1,205   0,000   1,205
 8,47   0,00    0,000    1,203   0,000   1,203

 8,48   0,00    1,205    1,203   0,009   1,071   0,017   0,001   0,095   0,002   0,000   0,010   0,000 8341032000
 8,48   4,90  612,651
 8,48   0,00    0,000    0,000
 8,48   0,00    0,000  557,671
 8,48   0,00    0,000    1,205   0,000   1,205
 8,48   0,00    0,000    1,203   0,000   1,203

 8,49   0,00    1,205    1,203   0,009   1,071   0,017   0,001   0,095   0,002   0,000   0,010   0,000 8350868000
 8,49   4,90  612,711
 8,49   0,00    0,000    0,000
 8,49   0,00    0,000  557,710
 8,49   0,00    0,000    1,205   0,000   1,205
 8,49   0,00    0,000    1,203   0,000   1,203

 8,50   0,00    1,205    1,203   0,009   1,071   0,017   0,001   0,095   0,002   0,000   0,010   0,000 8360705000
 8,50   4,90  612,770
 8,50   0,00    0,000    0,000
 8,50   0,00    0,000  557,749
 8,50   0,00    0,000    1,205   0,000   1,205
 8,50   0,00    0,000    1,203   0,000   1,203

 8,51   0,00    1,205    1,203   0,009   1,071   0,017   0,001   0,095   0,002   0,000   0,010   0,000 8370541000
 8,51   4,90  612,829
 8,51   0,00    0,000    0,000
 8,51   0,00    0,000  557,788
 8,51   0,00    0,000    1,205   0,000   1,205
 8,51   0,00    0,000    1,203   0,000   1,203

 8,52   0,00    1,205    1,203   0,009   1,071   0,016   0,001   0,095   0,002   0,000   0,010   0,000 8380378000
 8,52   4,90  612,888
 8,52   0,00    0,000    0,000
 8,52   0,00    0,000  557,827
 8,52   0,00    0,000    1,205   0,000   1,205
 8,52   0,00    0,000    1,203   0,000   1,203

 8,53   0,00    1,205    1,203   0,009   1,071   0,016   0,001   0,095   0,002   0,000   0,010   0,000 8390213000
 8,53   4,90  612,947
 8,53   0,00    0,000    0,000
 8,53   0,00    0,000  557,865
 8,53   0,00    0,000    1,205   0,000   1,205
 8,53   0,00    0,000    1,203   0,000   1,203

 8,54   0,00    1,205    1,203   0,009   1,071   0,016   0,001   0,095   0,002   0,000   0,010   0,000 8400050000
 8,54   4,91  613,006
 8,54   0,00    0,000    0,000
 8,54   0,00    0,000  557,904
 8,54   0,00    0,000    1,205   0,000   1,205
 8,54   0,00    0,000    1,203   0,000   1,203

 8,55   0,00    1,204    1,203   0,009   1,071   0,016   0,001   0,095   0,002   0,000   0,010   0,000 8409886000
 8,55   4,91  613,066
 8,55   0,00    0,000    0,000
 8,55   0,00    0,000  557,942
 8,55   0,00    0,000    1,204   0,000   1,204
 8,55   0,00    0,000    1,203   0,000   1,203

 8,56   0,00    1,204    1,203   0,009   1,071   0,016   0,001   0,095   0,002   0,000   0,010   0,000 8419722000
 8,56   4,91  613,125
 8,56   0,00    0,000    0,000
 8,56   0,00    0,000  557,981
 8,56   0,00    0,000    1,204   0,000   1,204
 8,56   0,00    0,000    1,203   0,000   1,203

 8,57   0,00    1,204    1,203   0,009   1,071   0,016   0,001   0,095   0,002   0,000   0,010   0,000 8429558000
 8,57   4,91  613,184
 8,57   0,00    0,000    0,000
 8,57   0,00    0,000  558,019
 8,57   0,00    0,000    1,204   0,000   1,204
 8,57   0,00    0,000    1,203   0,000   1,203

 8,58   0,00    1,204    1,203   0,009   1,071   0,016   0,001   0,095   0,002   0,000   0,010   0,000 8439394000
 8,58   4,91  613,243
 8,58   0,00    0,000    0,000
 8,58   0,00    0,000  558,057
 8,58   0,00    0,000    1,204   0,000   1,204
 8,58   0,00    0,000    1,203   0,000   1,203

 8,59   0,00    1,204    1,203   0,009   1,071   0,016   0,001   0,095   0,002   0,000   0,010   0,000 8449230000
 8,59   4,91  613,302
 8,59   0,00    0,000    0,000
 8,59   0,00    0,000  558,095
 8,59   0,00    0,000    1,204   0,000   1,204
 8,59   0,00    0,000    1,203   0,000   1,203

 8,60   0,00    1,204    1,203   0,009   1,071   0,016   0,001   0,095   0,002   0,000   0,010   0,000 8459066000
 8,60   4,91  613,361
 8,60   0,00    0,000    0,000
 8,60   0,00    0,000  558,133
 8,60   0,00    0,000    1,204   0,000   1,204
 8,60   0,00    0,000    1,203   0,000   1,203

 8,61   0,00    1,204    1,203   0,009   1,071   0,016   0,001   0,095   0,002   0,000   0,010   0,000 8468902000
 8,61   4,91  613,349
 8,61   0,00    0,000    0,000
 8,61   0,00    0,000  558,171
 8,61   0,00    0,000    1,204   0,000   1,204
 8,61   0,00    0,000    1,203   0,000   1,203

 8,62   0,00    1,204    1,203   0,009   1,071   0,016   0,001   0,095   0,002   0,000   0,010   0,000 8478738000
 8,62   4,92  613,372
 8,62   0,00    0,000    0,000
 8,62   0,00    0,000  558,208
 8,62   0,00    0,000    1,204   0,000   1,204
 8,62   0,00    0,000    1,203   0,000   1,203

 8,63   0,00    1,204    1,203   0,009   1,071   0,016   0,001   0,095   0,002   0,000   0,010   0,000 8488574000
 8,63   4,92  613,395
 8,63   0,00    0,000    0,000
 8,63   0,00    0,000  558,246
 8,63   0,00    0,000    1,204   0,000   1,204
 8,63   0,00    0,000    1,203   0,000   1,203

 8,64   0,00    1,204    1,203   0,009   1,072   0,016   0,001   0,095   0,002   0,000   0,010   0,000 8498411000
 8,64   4,92  613,418
 8,64   0,00    0,000    0,000
 8,64   0,00    0,000  558,283
 8,64   0,00    0,000    1,204   0,000   1,204
 8,64   0,00    0,000    1,203   0,000   1,203

 8,65   0,00    1,204    1,202   0,009   1,072   0,016   0,001   0,095   0,002   0,000   0,010   0,000 8508247000
 8,65   4,92  613,441
 8,65   0,00    0,000    0,000
 8,65   0,00    0,000  558,321
 8,65   0,00    0,000    1,204   0,000   1,204
 8,65   0,00    0,000    1,202   0,000   1,202

 8,66   0,00    1,204    1,202   0,009   1,072   0,016   0,001   0,095   0,002   0,000   0,010   0,000 8518083000
 8,66   4,92  613,464
 8,66   0,00    0,000    0,000
 8,66   0,00    0,000  558,358
 8,66   0,00    0,000    1,204   0,000   1,204
 8,66   0,00    0,000    1,202   0,000   1,202

 8,67   0,00    1,204    1,202   0,009   1,072   0,016   0,001   0,095   0,002   0,000   0,010   0,000 8527919000
 8,67   4,92  613,486
 8,67   0,00    0,000    0,000
 8,67   0,00    0,000  558,395
 8,67   0,00    0,000    1,204   0,000   1,204
 8,67   0,00    0,000    1,202   0,000   1,202

 8,68   0,00    1,204    1,202   0,009   1,072   0,016   0,001   0,095   0,002   0,000   0,010   0,000 8537756000
 8,68   4,92  613,509
 8,68   0,00    0,000    0,000
 8,68   0,00    0,000  558,432
 8,68   0,00    0,000    1,204   0,000   1,204
 8,68   0,00    0,000    1,202   0,000   1,202

 8,69   0,00    1,204    1,202   0,009   1,072   0,016   0,001   0,095   0,002   0,000   0,010   0,000 8547591000
 8,69   4,92  613,532
 8,69   0,00    0,000    0,000
 8,69   0,00    0,000  558,469
 8,69   0,00    0,000    1,204   0,000   1,204
 8,69   0,00    0,000    1,202   0,000   1,202

 8,70   0,00    1,204    1,202   0,009   1,072   0,016   0,001   0,095   0,002   0,000   0,009   0,000 8557427000
 8,70   4,92  613,555
 8,70   0,00    0,000    0,000
 8,70   0,00    0,000  558,506
 8,70   0,00    0,000    1,204   0,000   1,204
 8,70   0,00    0,000    1,202   0,000   1,202

 8,71   0,00    1,204    1,202   0,009   1,072   0,016   0,001   0,095   0,002   0,000   0,009   0,000 8567264000
 8,71   4,92  613,577
 8,71   0,00    0,000    0,000
 8,71   0,00    0,000  558,543
 8,71   0,00    0,000    1,204   0,000   1,204
 8,71   0,00    0,000    1,202   0,000   1,202

 8,72   0,00    1,204    1,202   0,009   1,072   0,016   0,001   0,095   0,002   0,000   0,009   0,000 8577100000
 8,72   4,92  613,600
 8,72   0,00    0,000    0,000
 8,72   0,00    0,000  558,580
 8,72   0,00    0,000    1,204   0,000   1,204
 8,72   0,00    0,000    1,202   0,000   1,202

 8,73   0,00    1,204    1,202   0,009   1,072   0,016   0,001   0,095   0,002   0,000   0,009   0,000 8586935000
 8,73   4,92  613,622
 8,73   0,00    0,000    0,000
 8,73   0,00    0,000  558,616
 8,73   0,00    0,000    1,204   0,000   1,204
 8,73   0,00    0,000    1,202   0,000   1,202

 8,74   0,00    1,203    1,202   0,009   1,072   0,016   0,001   0,095   0,002   0,000   0,009   0,000 8596772000
 8,74   4,92  613,645
 8,74   0,00    0,000    0,000
 8,74   0,00    0,000  558,653
 8,74   0,00    0,000    1,203   0,000   1,203
 8,74   0,00    0,000    1,202   0,000   1,202

 8,75   0,00    1,203    1,202   0,009   1,072   0,016   0,001   0,095   0,002   0,000   0,009   0,000 8606608000
 8,75   4,92  613,667
 8,75   0,00    0,000    0,000
 8,75   0,00    0,000  558,689
 8,75   0,00    0,000    1,203   0,000   1,203
 8,75   0,00    0,000    1,202   0,000   1,202

 8,76   0,00    1,203    1,202   0,009   1,072   0,016   0,001   0,095   0,002   0,000   0,009   0,000 8616444000
 8,76   4,93  613,689
 8,76   0,00    0,000    0,000
 8,76   0,00    0,000  558,725
 8,76   0,00    0,000    1,203   0,000   1,203
 8,76   0,00    0,000    1,202   0,000   1,202

 8,77   0,00    1,203    1,202   0,009   1,072   0,016   0,001   0,095   0,002   0,000   0,009   0,000 8626280000
 8,77   4,93  613,711
 8,77   0,00    0,000    0,000
 8,77   0,00    0,000  558,761
 8,77   0,00    0,000    1,203   0,000   1,203
 8,77   0,00    0,000    1,202   0,000   1,202

 8,78   0,00    1,203    1,202   0,009   1,072   0,016   0,001   0,095   0,002   0,000   0,009   0,000 8636116000
 8,78   4,93  613,734
 8,78   0,00    0,000    0,000
 8,78   0,00    0,000  558,798
 8,78   0,00    0,000    1,203   0,000   1,203
 8,78   0,00    0,000    1,202   0,000   1,202

 8,79   0,00    1,203    1,202   0,009   1,072   0,016   0,001   0,095   0,002   0,000   0,009   0,000 8645953000
 8,79   4,93  613,756
 8,79   0,00    0,000    0,000
 8,79   0,00    0,000  558,833
 8,79   0,00    0,000    1,203   0,000   1,203
 8,79   0,00    0,000    1,202   0,000   1,202

 8,80   0,00    1,203    1,202   0,009   1,072   0,016   0,001   0,095   0,002   0,000   0,009   0,000 8655789000
 8,80   4,93  613,778
 8,80   0,00    0,000    0,000
 8,80   0,00    0,000  558,869
 8,80   0,00    0,000    1,203   0,000   1,203
 8,80   0,00    0,000    1,202   0,000   1,202

 8,81   0,00    1,203    1,202   0,009   1,072   0,015   0,001   0,095   0,002   0,000   0,009   0,000 8665626000
 8,81   4,93  613,800
 8,81   0,00    0,000    0,000
 8,81   0,00    0,000  558,905
 8,81   0,00    0,000    1,203   0,000   1,203
 8,81   0,00    0,000    1,202   0,000   1,202

 8,82   0,00    1,203    1,202   0,009   1,072   0,015   0,001   0,095   0,002   0,000   0,009   0,000 8675461000
 8,82   4,93  613,822
 8,82   0,00    0,000    0,000
 8,82   0,00    0,000  558,941
 8,82   0,00    0,000    1,203   0,000   1,203
 8,82   0,00    0,000    1,202   0,000   1,202

 8,83   0,00    1,203    1,202   0,009   1,072   0,015   0,001   0,095   0,002   0,000   0,009   0,000 8685297000
 8,83   4,93  613,843
 8,83   0,00    0,000    0,000
 8,83   0,00    0,000  558,976
 8,83   0,00    0,000    1,203   0,000   1,203
 8,83   0,00    0,000    1,202   0,000   1,202

 8,84   0,00    1,203    1,202   0,009   1,072   0,015   0,001   0,095   0,002   0,000   0,009   0,000 8695133000
 8,84   4,93  613,865
 8,84   0,00    0,000    0,000
 8,84   0,00    0,000  559,012
 8,84   0,00    0,000    1,203   0,000   1,203
 8,84   0,00    0,000    1,202   0,000   1,202

 8,85   0,00    1,203    1,202   0,009   1,072   0,015   0,001   0,095   0,002   0,000   0,009   0,000 8704970000
 8,85   4,93  613,887
 8,85   0,00    0,000    0,000
 8,85   0,00    0,000  559,047
 8,85   0,00    0,000    1,203   0,000   1,203
 8,85   0,00    0,000    1,202   0,000   1,202

 8,86   0,00    1,203    1,202   0,009   1,072   0,015   0,001   0,095   0,002   0,000   0,009   0,000 8714805000
 8,86   4,93  613,909
 8,86   0,00    0,000    0,000
 8,86   0,00    0,000  559,083
 8,86   0,00    0,000    1,203   0,000   1,203
 8,86   0,00    0,000    1,202   0,000   1,202

 8,87   0,00    1,203    1,201   0,008   1,072   0,015   0,001   0,095   0,002   0,000   0,009   0,000 8724642000
 8,87   4,93  613,930
 8,87   0,00    0,000    0,000
 8,87   0,00    0,000  559,118
 8,87   0,00    0,000    1,203   0,000   1,203
 8,87   0,00    0,000    1,201   0,000   1,201

 8,88   0,00    1,203    1,201   0,008   1,072   0,015   0,001   0,095   0,002   0,000   0,009   0,000 8734477000
 8,88   4,93  613,952
 8,88   0,00    0,000    0,000
 8,88   0,00    0,000  559,153
 8,88   0,00    0,000    1,203   0,000   1,203
 8,88   0,00    0,000    1,201   0,000   1,201

 8,89   0,00    1,203    1,201   0,008   1,072   0,015   0,001   0,095   0,002   0,000   0,009   0,000 8744314000
 8,89   4,93  613,974
 8,89   0,00    0,000    0,000
 8,89   0,00    0,000  559,188
 8,89   0,00    0,000    1,203   0,000   1,203
 8,89   0,00    0,000    1,201   0,000   1,201

 8,90   0,00    1,203    1,201   0,008   1,072   0,015   0,001   0,095   0,002   0,000   0,009   0,000 8754149000
 8,90   4,94  613,995
 8,90   0,00    0,000    0,000
 8,90   0,00    0,000  559,223
 8,90   0,00    0,000    1,203   0,000   1,203
 8,90   0,00    0,000    1,201   0,000   1,201

 8,91   0,00    1,203    1,201   0,008   1,072   0,015   0,001   0,095   0,002   0,000   0,009   0,000 8763986000
 8,91   4,94  614,016
 8,91   0,00    0,000    0,000
 8,91   0,00    0,000  559,258
 8,91   0,00    0,000    1,203   0,000   1,203
 8,91   0,00    0,000    1,201   0,000   1,201

 8,92   0,00    1,203    1,201   0,008   1,072   0,015   0,001   0,095   0,002   0,000   0,009   0,000 8773822000
 8,92   4,94  614,038
 8,92   0,00    0,000    0,000
 8,92   0,00    0,000  559,292
 8,92   0,00    0,000    1,203   0,000   1,203
 8,92   0,00    0,000    1,201   0,000   1,201

 8,93   0,00    1,203    1,201   0,008   1,072   0,015   0,001   0,095   0,002   0,000   0,009   0,000 8783659000
 8,93   4,94  614,059
 8,93   0,00    0,000    0,000
 8,93   0,00    0,000  559,327
 8,93   0,00    0,000    1,203   0,000   1,203
 8,93   0,00    0,000    1,201   0,000   1,201

 8,94   0,00    1,203    1,201   0,008   1,072   0,015   0,001   0,095   0,002   0,000   0,009   0,000 8793494000
 8,94   4,94  614,080
 8,94   0,00    0,000    0,000
 8,94   0,00    0,000  559,362
 8,94   0,00    0,000    1,203   0,000   1,203
 8,94   0,00    0,000    1,201   0,000   1,201

 8,95   0,00    1,202    1,201   0,008   1,072   0,015   0,001   0,095   0,002   0,000   0,009   0,000 8803330000
 8,95   4,94  614,101
 8,95   0,00    0,000    0,000
 8,95   0,00    0,000  559,396
 8,95   0,00    0,000    1,202   0,000   1,202
 8,95   0,00    0,000    1,201   0,000   1,201

 8,96   0,00    1,202    1,201   0,008   1,072   0,015   0,001   0,095   0,002   0,000   0,009   0,000 8813167000
 8,96   4,94  614,123
 8,96   0,00    0,000    0,000
 8,96   0,00    0,000  559,431
 8,96   0,00    0,000    1,202   0,000   1,202
 8,96   0,00    0,000    1,201   0,000   1,201

 8,97   0,00    1,202    1,201   0,008   1,072   0,015   0,001   0,095   0,002   0,000   0,009   0,000 8823003000
 8,97   4,94  614,144
 8,97   0,00    0,000    0,000
 8,97   0,00    0,000  559,465
 8,97   0,00    0,000    1,202   0,000   1,202
 8,97   0,00    0,000    1,201   0,000   1,201

 8,98   0,00    1,202    1,201   0,008   1,072   0,015   0,001   0,095   0,002   0,000   0,009   0,000 8832839000
 8,98   4,94  614,165
 8,98   0,00    0,000    0,000
 8,98   0,00    0,000  559,499
 8,98   0,00    0,000    1,202   0,000   1,202
 8,98   0,00    0,000    1,201   0,000   1,201

 8,99   0,00    1,202    1,201   0,008   1,072   0,015   0,001   0,095   0,002   0,000   0,009   0,000 8842675000
 8,99   4,94  614,186
 8,99   0,00    0,000    0,000
 8,99   0,00    0,000  559,533
 8,99   0,00    0,000    1,202   0,000   1,202
 8,99   0,00    0,000    1,201   0,000   1,201

 9,00   0,00    1,202    1,201   0,008   1,072   0,015   0,001   0,095   0,002   0,000   0,009   0,000 8852511000
 9,00   4,94  614,207
 9,00   0,00    0,000    0,000
 9,00   0,00    0,000  559,567
 9,00   0,00    0,000    1,202   0,000   1,202
 9,00   0,00    0,000    1,201   0,000   1,201

 9,01   0,00    1,202    1,201   0,008   1,072   0,015   0,001   0,095   0,002   0,000   0,009   0,000 8862347000
 9,01   4,94  614,228
 9,01   0,00    0,000    0,000
 9,01   0,00    0,000  559,601
 9,01   0,00    0,000    1,202   0,000   1,202
 9,01   0,00    0,000    1,201   0,000   1,201

 9,02   0,00    1,202    1,201   0,008   1,072   0,015   0,001   0,095   0,002   0,000   0,009   0,000 8872184000
 9,02   4,94  614,248
 9,02   0,00    0,000    0,000
 9,02   0,00    0,000  559,635
 9,02   0,00    0,000    1,202   0,000   1,202
 9,02   0,00    0,000    1,201   0,000   1,201

 9,03   0,00    1,202    1,201   0,008   1,072   0,015   0,001   0,095   0,002   0,000   0,009   0,000 8882019000
 9,03   4,94  614,269
 9,03   0,00    0,000    0,000
 9,03   0,00    0,000  559,669
 9,03   0,00    0,000    1,202   0,000   1,202
 9,03   0,00    0,000    1,201   0,000   1,201

 9,04   0,00    1,202    1,201   0,008   1,072   0,015   0,001   0,095   0,002   0,000   0,009   0,000 8891856000
 9,04   4,94  614,290
 9,04   0,00    0,000    0,000
 9,04   0,00    0,000  559,702
 9,04   0,00    0,000    1,202   0,000   1,202
 9,04   0,00    0,000    1,201   0,000   1,201

 9,05   0,00    1,202    1,201   0,008   1,072   0,015   0,001   0,095   0,002   0,000   0,009   0,000 8901692000
 9,05   4,95  614,341
 9,05   0,00    0,000    0,000
 9,05   0,00    0,000  559,782
 9,05   0,00    0,000    1,202   0,000   1,202
 9,05   0,00    0,000    1,201   0,000   1,201

 9,06   0,00    1,202    1,201   0,008   1,072   0,015   0,001   0,095   0,002   0,000   0,009   0,000 8911528000
 9,06   4,95  614,352
 9,06   0,00    0,000    0,000
 9,06   0,00    0,000  559,800
 9,06   0,00    0,000    1,202   0,000   1,202
 9,06   0,00    0,000    1,201   0,000   1,201

 9,07   0,00    1,202    1,201   0,008   1,072   0,015   0,001   0,095   0,002   0,000   0,009   0,000 8921363000
 9,07   4,95  614,362
 9,07   0,00    0,000    0,000
 9,07   0,00    0,000  559,818
 9,07   0,00    0,000    1,202   0,000   1,202
 9,07   0,00    0,000    1,201   0,000   1,201

 9,08   0,00    1,202    1,201   0,008   1,072   0,015   0,001   0,095   0,002   0,000   0,009   0,000 8931200000
 9,08   4,95  614,372
 9,08   0,00    0,000    0,000
 9,08   0,00    0,000  559,836
 9,08   0,00    0,000    1,202   0,000   1,202
 9,08   0,00    0,000    1,201   0,000   1,201

 9,09   0,00    1,202    1,201   0,008   1,072   0,015   0,001   0,095   0,002   0,000   0,009   0,000 8941037000
 9,09   4,95  614,381
 9,09   0,00    0,000    0,000
 9,09   0,00    0,000  559,853
 9,09   0,00    0,000    1,202   0,000   1,202
 9,09   0,00    0,000    1,201   0,000   1,201

 9,10   0,00    1,202    1,200   0,008   1,072   0,015   0,001   0,095   0,002   0,000   0,009   0,000 8950873000
 9,10   4,95  614,391
 9,10   0,00    0,000    0,000
 9,10   0,00    0,000  559,869
 9,10   0,00    0,000    1,202   0,000   1,202
 9,10   0,00    0,000    1,200   0,000   1,200

 9,11   0,00    1,202    1,200   0,008   1,072   0,015   0,001   0,095   0,002   0,000   0,009   0,000 8960709000
 9,11   4,95  614,400
 9,11   0,00    0,000    0,000
 9,11   0,00    0,000  559,885
 9,11   0,00    0,000    1,202   0,000   1,202
 9,11   0,00    0,000    1,200   0,000   1,200

 9,12   0,00    1,202    1,200   0,008   1,073   0,015   0,001   0,095   0,002   0,000   0,009   0,000 8970544000
 9,12   4,95  614,408
 9,12   0,00    0,000    0,000
 9,12   0,00    0,000  559,901
 9,12   0,00    0,000    1,202   0,000   1,202
 9,12   0,00    0,000    1,200   0,000   1,200

 9,13   0,00    1,202    1,200   0,008   1,073   0,015   0,001   0,095   0,002   0,000   0,009   0,000 8980381000
 9,13   4,95  614,416
 9,13   0,00    0,000    0,000
 9,13   0,00    0,000  559,916
 9,13   0,00    0,000    1,202   0,000   1,202
 9,13   0,00    0,000    1,200   0,000   1,200

 9,14   0,00    1,202    1,200   0,008   1,073   0,014   0,001   0,095   0,002   0,000   0,009   0,000 8990217000
 9,14   4,95  614,424
 9,14   0,00    0,000    0,000
 9,14   0,00    0,000  559,930
 9,14   0,00    0,000    1,202   0,000   1,202
 9,14   0,00    0,000    1,200   0,000   1,200

 9,15   0,00    1,202    1,200   0,008   1,073   0,014   0,001   0,095   0,002   0,000   0,009   0,000 9000053000
 9,15   4,95  614,432
 9,15   0,00    0,000    0,000
 9,15   0,00    0,000  559,944
 9,15   0,00    0,000    1,202   0,000   1,202
 9,15   0,00    0,000    1,200   0,000   1,200

 9,16   0,00    1,202    1,200   0,008   1,073   0,014   0,001   0,095   0,002   0,000   0,009   0,000 9009889000
 9,16   4,95  614,439
 9,16   0,00    0,000    0,000
 9,16   0,00    0,000  559,958
 9,16   0,00    0,000    1,202   0,000   1,202
 9,16   0,00    0,000    1,200   0,000   1,200

 9,17   0,00    1,202    1,200   0,008   1,073   0,014   0,001   0,095   0,002   0,000   0,009   0,000 9019725000
 9,17   4,95  614,446
 9,17   0,00    0,000    0,000
 9,17   0,00    0,000  559,971
 9,17   0,00    0,000    1,202   0,000   1,202
 9,17   0,00    0,000    1,200   0,000   1,200

 9,18   0,00    1,202    1,200   0,008   1,073   0,014   0,001   0,095   0,002   0,000   0,009   0,000 9029561000
 9,18   4,95  614,453
 9,18   0,00    0,000    0,000
 9,18   0,00    0,000  559,983
 9,18   0,00    0,000    1,202   0,000   1,202
 9,18   0,00    0,000    1,200   0,000   1,200

 9,19   0,00    1,202    1,200   0,008   1,073   0,014   0,001   0,095   0,002   0,000   0,009   0,000 9039397000
 9,19   4,95  614,459
 9,19   0,00    0,000    0,000
 9,19   0,00    0,000  559,995
 9,19   0,00    0,000    1,202   0,000   1,202
 9,19   0,00    0,000    1,200   0,000   1,200

 9,20   0,00    1,202    1,200   0,008   1,073   0,014   0,001   0,095   0,002   0,000   0,009   0,000 9049233000
 9,20   4,95  614,465
 9,20   0,00    0,000    0,000
 9,20   0,00    0,000  560,007
 9,20   0,00    0,000    1,202   0,000   1,202
 9,20   0,00    0,000    1,200   0,000   1,200

 9,21   0,00    1,201    1,200   0,008   1,073   0,014   0,001   0,095   0,002   0,000   0,009   0,000 9059070000
 9,21   4,95  614,470
 9,21   0,00    0,000    0,000
 9,21   0,00    0,000  560,018
 9,21   0,00    0,000    1,201   0,000   1,201
 9,21   0,00    0,000    1,200   0,000   1,200

 9,22   0,00    1,201    1,200   0,008   1,073   0,014   0,001   0,095   0,002   0,000   0,009   0,000 9068906000
 9,22   4,95  614,476
 9,22   0,00    0,000    0,000
 9,22   0,00    0,000  560,029
 9,22   0,00    0,000    1,201   0,000   1,201
 9,22   0,00    0,000    1,200   0,000   1,200

 9,23   0,00    1,201    1,200   0,008   1,073   0,014   0,001   0,095   0,002   0,000   0,009   0,000 9078742000
 9,23   4,95  614,481
 9,23   0,00    0,000    0,000
 9,23   0,00    0,000  560,039
 9,23   0,00    0,000    1,201   0,000   1,201
 9,23   0,00    0,000    1,200   0,000   1,200

 9,24   0,00    1,201    1,200   0,008   1,073   0,014   0,001   0,095   0,002   0,000   0,009   0,000 9088578000
 9,24   4,95  614,485
 9,24   0,00    0,000    0,000
 9,24   0,00    0,000  560,048
 9,24   0,00    0,000    1,201   0,000   1,201
 9,24   0,00    0,000    1,200   0,000   1,200

 9,25   0,00    1,201    1,200   0,008   1,073   0,014   0,001   0,095   0,002   0,000   0,009   0,000 9098414000
 9,25   4,95  614,490
 9,25   0,00    0,000    0,000
 9,25   0,00    0,000  560,058
 9,25   0,00    0,000    1,201   0,000   1,201
 9,25   0,00    0,000    1,200   0,000   1,200

 9,26   0,00    1,201    1,200   0,008   1,073   0,014   0,001   0,095   0,002   0,000   0,009   0,000 9108251000
 9,26   4,95  614,494
 9,26   0,00    0,000    0,000
 9,26   0,00    0,000  560,066
 9,26   0,00    0,000    1,201   0,000   1,201
 9,26   0,00    0,000    1,200   0,000   1,200

 9,27   0,00    1,201    1,200   0,008   1,073   0,014   0,001   0,095   0,002   0,000   0,009   0,000 9118087000
 9,27   4,95  614,498
 9,27   0,00    0,000    0,000
 9,27   0,00    0,000  560,075
 9,27   0,00    0,000    1,201   0,000   1,201
 9,27   0,00    0,000    1,200   0,000   1,200

 9,28   0,00    1,201    1,200   0,008   1,073   0,014   0,001   0,095   0,002   0,000   0,009   0,000 9127923000
 9,28   4,95  614,501
 9,28   0,00    0,000    0,000
 9,28   0,00    0,000  560,083
 9,28   0,00    0,000    1,201   0,000   1,201
 9,28   0,00    0,000    1,200   0,000   1,200

 9,29   0,00    1,201    1,200   0,008   1,073   0,014   0,001   0,095   0,002   0,000   0,009   0,000 9137758000
 9,29   4,95  614,504
 9,29   0,00    0,000    0,000
 9,29   0,00    0,000  560,090
 9,29   0,00    0,000    1,201   0,000   1,201
 9,29   0,00    0,000    1,200   0,000   1,200

 9,30   0,00    1,201    1,200   0,008   1,073   0,014   0,001   0,095   0,002   0,000   0,009   0,000 9147595000
 9,30   4,96  614,507
 9,30   0,00    0,000    0,000
 9,30   0,00    0,000  560,097
 9,30   0,00    0,000    1,201   0,000   1,201
 9,30   0,00    0,000    1,200   0,000   1,200

 9,31   0,00    1,201    1,200   0,008   1,073   0,014   0,001   0,095   0,002   0,000   0,009   0,000 9157431000
 9,31   4,96  614,510
 9,31   0,00    0,000    0,000
 9,31   0,00    0,000  560,103
 9,31   0,00    0,000    1,201   0,000   1,201
 9,31   0,00    0,000    1,200   0,000   1,200

 9,32   0,00    1,201    1,200   0,008   1,073   0,014   0,001   0,095   0,002   0,000   0,009   0,000 9167267000
 9,32   4,96  614,512
 9,32   0,00    0,000    0,000
 9,32   0,00    0,000  560,109
 9,32   0,00    0,000    1,201   0,000   1,201
 9,32   0,00    0,000    1,200   0,000   1,200

 9,33   0,00    1,201    1,200   0,008   1,073   0,014   0,001   0,095   0,002   0,000   0,009   0,000 9177103000
 9,33   4,96  614,514
 9,33   0,00    0,000    0,000
 9,33   0,00    0,000  560,115
 9,33   0,00    0,000    1,201   0,000   1,201
 9,33   0,00    0,000    1,200   0,000   1,200

 9,34   0,00    1,201    1,200   0,008   1,073   0,014   0,001   0,095   0,002   0,000   0,009   0,000 9186940000
 9,34   4,96  614,515
 9,34   0,00    0,000    0,000
 9,34   0,00    0,000  560,120
 9,34   0,00    0,000    1,201   0,000   1,201
 9,34   0,00    0,000    1,200   0,000   1,200

 9,35   0,00    1,201    1,200   0,008   1,073   0,014   0,001   0,095   0,002   0,000   0,009   0,000 9196775000
 9,35   4,96  614,517
 9,35   0,00    0,000    0,000
 9,35   0,00    0,000  560,125
 9,35   0,00    0,000    1,201   0,000   1,201
 9,35   0,00    0,000    1,200   0,000   1,200

 9,36   0,00    1,201    1,200   0,008   1,073   0,014   0,001   0,095   0,002   0,000   0,009   0,000 9206611000
 9,36   4,96  614,518
 9,36   0,00    0,000    0,000
 9,36   0,00    0,000  560,129
 9,36   0,00    0,000    1,201   0,000   1,201
 9,36   0,00    0,000    1,200   0,000   1,200

 9,37   0,00    1,201    1,200   0,008   1,073   0,014   0,001   0,095   0,002   0,000   0,009   0,000 9216447000
 9,37   4,96  614,519
 9,37   0,00    0,000    0,000
 9,37   0,00    0,000  560,133
 9,37   0,00    0,000    1,201   0,000   1,201
 9,37   0,00    0,000    1,200   0,000   1,200

 9,38   0,00    1,201    1,200   0,008   1,073   0,014   0,001   0,095   0,002   0,000   0,009   0,000 9226284000
 9,38   4,96  614,519
 9,38   0,00    0,000    0,000
 9,38   0,00    0,000  560,136
 9,38   0,00    0,000    1,201   0,000   1,201
 9,38   0,00    0,000    1,200   0,000   1,200

 9,39   0,00    1,201    1,200   0,008   1,073   0,014   0,001   0,095   0,002   0,000   0,009   0,000 9236121000
 9,39   4,96  614,520
 9,39   0,00    0,000    0,000
 9,39   0,00    0,000  560,139
 9,39   0,00    0,000    1,201   0,000   1,201
 9,39   0,00    0,000    1,200   0,000   1,200

 9,40   0,00    1,201    1,200   0,008   1,073   0,014   0,001   0,095   0,002   0,000   0,009   0,000 9245956000
 9,40   4,96  614,520
 9,40   0,00    0,000    0,000
 9,40   0,00    0,000  560,142
 9,40   0,00    0,000    1,201   0,000   1,201
 9,40   0,00    0,000    1,200   0,000   1,200

 9,41   0,00    1,201    1,200   0,008   1,073   0,014   0,001   0,095   0,002   0,000   0,009   0,000 9255792000
 9,41   4,96  614,519
 9,41   0,00    0,000    0,000
 9,41   0,00    0,000  560,144
 9,41   0,00    0,000    1,201   0,000   1,201
 9,41   0,00    0,000    1,200   0,000   1,200

 9,42   0,00    1,201    1,200   0,008   1,073   0,014   0,001   0,095   0,002   0,000   0,009   0,000 9265628000
 9,42   4,96  614,519
 9,42   0,00    0,000    0,000
 9,42   0,00    0,000  560,146
 9,42   0,00    0,000    1,201   0,000   1,201
 9,42   0,00    0,000    1,200   0,000   1,200

 9,43   0,00    1,201    1,200   0,008   1,073   0,014   0,001   0,095   0,002   0,000   0,009   0,000 9275465000
 9,43   4,96  614,518
 9,43   0,00    0,000    0,000
 9,43   0,00    0,000  560,147
 9,43   0,00    0,000    1,201   0,000   1,201
 9,43   0,00    0,000    1,200   0,000   1,200

 9,44   0,00    1,201    1,200   0,008   1,073   0,014   0,001   0,095   0,002   0,000   0,009   0,000 9285300000
 9,44   4,96  614,517
 9,44   0,00    0,000    0,000
 9,44   0,00    0,000  560,148
 9,44   0,00    0,000    1,201   0,000   1,201
 9,44   0,00    0,000    1,200   0,000   1,200

 9,45   0,00    1,201    1,200   0,008   1,073   0,014   0,001   0,095   0,002   0,000   0,009   0,000 9295137000
 9,45   4,96  614,515
 9,45   0,00    0,000    0,000
 9,45   0,00    0,000  560,148
 9,45   0,00    0,000    1,201   0,000   1,201
 9,45   0,00    0,000    1,200   0,000   1,200

 9,46   0,00    1,201    1,200   0,008   1,073   0,014   0,001   0,095   0,002   0,000   0,009   0,000 9304973000
 9,46   4,96  614,513
 9,46   0,00    0,000    0,000
 9,46   0,00    0,000  560,148
 9,46   0,00    0,000    1,201   0,000   1,201
 9,46   0,00    0,000    1,200   0,000   1,200

 9,47   0,00    1,201    1,199   0,008   1,073   0,014   0,001   0,095   0,002   0,000   0,009   0,000 9314809000
 9,47   4,96  614,511
 9,47   0,00    0,000    0,000
 9,47   0,00    0,000  560,148
 9,47   0,00    0,000    1,201   0,000   1,201
 9,47   0,00    0,000    1,199   0,000   1,199

 9,48   0,00    1,201    1,199   0,008   1,073   0,014   0,001   0,095   0,002   0,000   0,009   0,000 9324644000
 9,48   4,96  614,509
 9,48   0,00    0,000    0,000
 9,48   0,00    0,000  560,147
 9,48   0,00    0,000    1,201   0,000   1,201
 9,48   0,00    0,000    1,199   0,000   1,199

 9,49   0,00    1,201    1,199   0,008   1,073   0,013   0,001   0,095   0,002   0,000   0,009   0,000 9334481000
 9,49   4,96  614,507
 9,49   0,00    0,000    0,000
 9,49   0,00    0,000  560,146
 9,49   0,00    0,000    1,201   0,000   1,201
 9,49   0,00    0,000    1,199   0,000   1,199

 9,50   0,00    1,201    1,199   0,008   1,073   0,013   0,001   0,095   0,002   0,000   0,009   0,000 9344317000
 9,50   4,96  614,504
 9,50   0,00    0,000    0,000
 9,50   0,00    0,000  560,144
 9,50   0,00    0,000    1,201   0,000   1,201
 9,50   0,00    0,000    1,199   0,000   1,199

 9,51   0,00    1,201    1,199   0,008   1,073   0,013   0,001   0,095   0,002   0,000   0,009   0,000 9354154000
 9,51   4,96  614,501
 9,51   0,00    0,000    0,000
 9,51   0,00    0,000  560,142
 9,51   0,00    0,000    1,201   0,000   1,201
 9,51   0,00    0,000    1,199   0,000   1,199

 9,52   0,00    1,201    1,199   0,008   1,073   0,013   0,001   0,095   0,002   0,000   0,009   0,000 9363990000
 9,52   4,96  614,498
 9,52   0,00    0,000    0,000
 9,52   0,00    0,000  560,140
 9,52   0,00    0,000    1,201   0,000   1,201
 9,52   0,00    0,000    1,199   0,000   1,199

 9,53   0,00    1,201    1,199   0,008   1,073   0,013   0,001   0,095   0,002   0,000   0,009   0,000 9373825000
 9,53   4,96  614,494
 9,53   0,00    0,000    0,000
 9,53   0,00    0,000  560,137
 9,53   0,00    0,000    1,201   0,000   1,201
 9,53   0,00    0,000    1,199   0,000   1,199

 9,54   0,00    1,201    1,199   0,008   1,073   0,013   0,001   0,095   0,002   0,000   0,009   0,000 9383662000
 9,54   4,96  614,490
 9,54   0,00    0,000    0,000
 9,54   0,00    0,000  560,134
 9,54   0,00    0,000    1,201   0,000   1,201
 9,54   0,00    0,000    1,199   0,000   1,199

 9,55   0,00    1,201    1,199   0,008   1,073   0,013   0,001   0,095   0,002   0,000   0,009   0,000 9393498000
 9,55   4,96  614,486
 9,55   0,00    0,000    0,000
 9,55   0,00    0,000  560,131
 9,55   0,00    0,000    1,201   0,000   1,201
 9,55   0,00    0,000    1,199   0,000   1,199

 9,56   0,00    1,200    1,199   0,008   1,073   0,013   0,001   0,095   0,002   0,000   0,009   0,000 9403335000
 9,56   4,96  614,482
 9,56   0,00    0,000    0,000
 9,56   0,00    0,000  560,127
 9,56   0,00    0,000    1,200   0,000   1,200
 9,56   0,00    0,000    1,199   0,000   1,199

 9,57   0,00    1,200    1,199   0,008   1,073   0,013   0,001   0,095   0,002   0,000   0,009   0,000 9413170000
 9,57   4,96  614,477
 9,57   0,00    0,000    0,000
 9,57   0,00    0,000  560,122
 9,57   0,00    0,000    1,200   0,000   1,200
 9,57   0,00    0,000    1,199   0,000   1,199

 9,58   0,00    1,200    1,199   0,008   1,073   0,013   0,001   0,095   0,002   0,000   0,009   0,000 9423007000
 9,58   4,96  614,472
 9,58   0,00    0,000    0,000
 9,58   0,00    0,000  560,118
 9,58   0,00    0,000    1,200   0,000   1,200
 9,58   0,00    0,000    1,199   0,000   1,199

 9,59   0,00    1,200    1,199   0,008   1,073   0,013   0,001   0,095   0,002   0,000   0,009   0,000 9432842000
 9,59   4,96  614,467
 9,59   0,00    0,000    0,000
 9,59   0,00    0,000  560,113
 9,59   0,00    0,000    1,200   0,000   1,200
 9,59   0,00    0,000    1,199   0,000   1,199

 9,60   0,00    1,200    1,199   0,008   1,073   0,013   0,001   0,095   0,002   0,000   0,009   0,000 9442679000
 9,60   4,96  614,462
 9,60   0,00    0,000    0,000
 9,60   0,00    0,000  560,107
 9,60   0,00    0,000    1,200   0,000   1,200
 9,60   0,00    0,000    1,199   0,000   1,199

 9,61   0,00    1,200    1,199   0,008   1,073   0,013   0,001   0,095   0,002   0,000   0,009   0,000 9452514000
 9,61   4,96  614,457
 9,61   0,00    0,000    0,000
 9,61   0,00    0,000  560,101
 9,61   0,00    0,000    1,200   0,000   1,200
 9,61   0,00    0,000    1,199   0,000   1,199

 9,62   0,00    1,200    1,199   0,008   1,073   0,013   0,001   0,095   0,002   0,000   0,009   0,000 9462351000
 9,62   4,96  614,451
 9,62   0,00    0,000    0,000
 9,62   0,00    0,000  560,095
 9,62   0,00    0,000    1,200   0,000   1,200
 9,62   0,00    0,000    1,199   0,000   1,199

 9,63   0,00    1,200    1,199   0,008   1,073   0,013   0,001   0,095   0,002   0,000   0,009   0,000 9472187000
 9,63   4,96  614,445
 9,63   0,00    0,000    0,000
 9,63   0,00    0,000  560,089
 9,63   0,00    0,000    1,200   0,000   1,200
 9,63   0,00    0,000    1,199   0,000   1,199

 9,64   0,00    1,200    1,199   0,008   1,074   0,013   0,001   0,095   0,002   0,000   0,009   0,000 9482023000
 9,64   4,96  614,438
 9,64   0,00    0,000    0,000
 9,64   0,00    0,000  560,082
 9,64   0,00    0,000    1,200   0,000   1,200
 9,64   0,00    0,000    1,199   0,000   1,199

 9,65   0,00    1,200    1,199   0,008   1,074   0,013   0,001   0,095   0,002   0,000   0,009   0,000 9491858000
 9,65   4,96  614,432
 9,65   0,00    0,000    0,000
 9,65   0,00    0,000  560,074
 9,65   0,00    0,000    1,200   0,000   1,200
 9,65   0,00    0,000    1,199   0,000   1,199

 9,66   0,00    1,200    1,199   0,008   1,074   0,013   0,001   0,095   0,002   0,000   0,009   0,000 9501695000
 9,66   4,96  614,425
 9,66   0,00    0,000    0,000
 9,66   0,00    0,000  560,067
 9,66   0,00    0,000    1,200   0,000   1,200
 9,66   0,00    0,000    1,199   0,000   1,199

 9,67   0,00    1,200    1,199   0,008   1,074   0,013   0,001   0,095   0,002   0,000   0,009   0,000 9511532000
 9,67   4,96  614,418
 9,67   0,00    0,000    0,000
 9,67   0,00    0,000  560,059
 9,67   0,00    0,000    1,200   0,000   1,200
 9,67   0,00    0,000    1,199   0,000   1,199

 9,68   0,00    1,200    1,199   0,008   1,074   0,013   0,001   0,095   0,002   0,000   0,009   0,000 9521368000
 9,68   4,96  614,411
 9,68   0,00    0,000    0,000
 9,68   0,00    0,000  560,050
 9,68   0,00    0,000    1,200   0,000   1,200
 9,68   0,00    0,000    1,199   0,000   1,199

 9,69   0,00    1,200    1,199   0,008   1,074   0,013   0,001   0,095   0,002   0,000   0,009   0,000 9531204000
 9,69   4,96  614,403
 9,69   0,00    0,000    0,000
 9,69   0,00    0,000  560,042
 9,69   0,00    0,000    1,200   0,000   1,200
 9,69   0,00    0,000    1,199   0,000   1,199

 9,70   0,00    1,200    1,199   0,008   1,074   0,013   0,001   0,095   0,002   0,000   0,009   0,000 9541039000
 9,70   4,96  614,395
 9,70   0,00    0,000    0,000
 9,70   0,00    0,000  560,033
 9,70   0,00    0,000    1,200   0,000   1,200
 9,70   0,00    0,000    1,199   0,000   1,199

 9,71   0,00    1,200    1,199   0,008   1,074   0,013   0,001   0,095   0,002   0,000   0,009   0,000 9550876000
 9,71   4,96  614,387
 9,71   0,00    0,000    0,000
 9,71   0,00    0,000  560,023
 9,71   0,00    0,000    1,200   0,000   1,200
 9,71   0,00    0,000    1,199   0,000   1,199

 9,72   0,00    1,200    1,199   0,008   1,074   0,013   0,001   0,095   0,002   0,000   0,009   0,000 9560712000
 9,72   4,96  614,379
 9,72   0,00    0,000    0,000
 9,72   0,00    0,000  560,013
 9,72   0,00    0,000    1,200   0,000   1,200
 9,72   0,00    0,000    1,199   0,000   1,199

 9,73   0,00    1,200    1,199   0,008   1,074   0,013   0,001   0,095   0,002   0,000   0,009   0,000 9570548000
 9,73   4,96  614,371
 9,73   0,00    0,000    0,000
 9,73   0,00    0,000  560,003
 9,73   0,00    0,000    1,200   0,000   1,200
 9,73   0,00    0,000    1,199   0,000   1,199

 9,74   0,00    1,200    1,199   0,008   1,074   0,013   0,001   0,095   0,002   0,000   0,009   0,000 9580384000
 9,74   4,96  614,362
 9,74   0,00    0,000    0,000
 9,74   0,00    0,000  559,993
 9,74   0,00    0,000    1,200   0,000   1,200
 9,74   0,00    0,000    1,199   0,000   1,199

 9,75   0,00    1,200    1,199   0,008   1,074   0,013   0,001   0,095   0,002   0,000   0,009   0,000 9590221000
 9,75   4,96  614,353
 9,75   0,00    0,000    0,000
 9,75   0,00    0,000  559,982
 9,75   0,00    0,000    1,200   0,000   1,200
 9,75   0,00    0,000    1,199   0,000   1,199

 9,76   0,00    1,200    1,199   0,007   1,074   0,013   0,001   0,095   0,002   0,000   0,009   0,000 9600056000
 9,76   4,96  614,344
 9,76   0,00    0,000    0,000
 9,76   0,00    0,000  559,971
 9,76   0,00    0,000    1,200   0,000   1,200
 9,76   0,00    0,000    1,199   0,000   1,199

 9,77   0,00    1,200    1,199   0,007   1,074   0,013   0,001   0,095   0,002   0,000   0,009   0,000 9609893000
 9,77   4,96  614,335
 9,77   0,00    0,000    0,000
 9,77   0,00    0,000  559,959
 9,77   0,00    0,000    1,200   0,000   1,200
 9,77   0,00    0,000    1,199   0,000   1,199

 9,78   0,00    1,200    1,199   0,007   1,074   0,013   0,001   0,095   0,002   0,000   0,009   0,000 9619728000
 9,78   4,96  614,325
 9,78   0,00    0,000    0,000
 9,78   0,00    0,000  559,948
 9,78   0,00    0,000    1,200   0,000   1,200
 9,78   0,00    0,000    1,199   0,000   1,199

 9,79   0,00    1,200    1,199   0,007   1,074   0,013   0,001   0,095   0,002   0,000   0,009   0,000 9629565000
 9,79   4,96  614,315
 9,79   0,00    0,000    0,000
 9,79   0,00    0,000  559,935
 9,79   0,00    0,000    1,200   0,000   1,200
 9,79   0,00    0,000    1,199   0,000   1,199

 9,80   0,00    1,200    1,199   0,007   1,074   0,013   0,001   0,095   0,002   0,000   0,009   0,000 9639401000
 9,80   4,96  614,305
 9,80   0,00    0,000    0,000
 9,80   0,00    0,000  559,923
 9,80   0,00    0,000    1,200   0,000   1,200
 9,80   0,00    0,000    1,199   0,000   1,199

 9,81   0,00    1,200    1,199   0,007   1,074   0,013   0,001   0,095   0,002   0,000   0,009   0,000 9649238000
 9,81   4,96  614,295
 9,81   0,00    0,000    0,000
 9,81   0,00    0,000  559,910
 9,81   0,00    0,000    1,200   0,000   1,200
 9,81   0,00    0,000    1,199   0,000   1,199

 9,82   0,00    1,200    1,199   0,007   1,074   0,013   0,001   0,095   0,002   0,000   0,009   0,000 9659073000
 9,82   4,96  614,285
 9,82   0,00    0,000    0,000
 9,82   0,00    0,000  559,897
 9,82   0,00    0,000    1,200   0,000   1,200
 9,82   0,00    0,000    1,199   0,000   1,199

 9,83   0,00    1,200    1,199   0,007   1,074   0,013   0,001   0,095   0,002   0,000   0,009   0,000 9668909000
 9,83   4,96  614,274
 9,83   0,00    0,000    0,000
 9,83   0,00    0,000  559,883
 9,83   0,00    0,000    1,200   0,000   1,200
 9,83   0,00    0,000    1,199   0,000   1,199

 9,84   0,00    1,200    1,199   0,007   1,074   0,013   0,001   0,095   0,002   0,000   0,009   0,000 9678746000
 9,84   4,96  614,263
 9,84   0,00    0,000    0,000
 9,84   0,00    0,000  559,870
 9,84   0,00    0,000    1,200   0,000   1,200
 9,84   0,00    0,000    1,199   0,000   1,199

 9,85   0,00    1,200    1,199   0,007   1,074   0,013   0,001   0,095   0,002   0,000   0,009   0,000 9688582000
 9,85   4,96  614,252
 9,85   0,00    0,000    0,000
 9,85   0,00    0,000  559,855
 9,85   0,00    0,000    1,200   0,000   1,200
 9,85   0,00    0,000    1,199   0,000   1,199

 9,86   0,00    1,200    1,199   0,007   1,074   0,013   0,001   0,095   0,002   0,000   0,009   0,000 9698418000
 9,86   4,96  614,241
 9,86   0,00    0,000    0,000
 9,86   0,00    0,000  559,841
 9,86   0,00    0,000    1,200   0,000   1,200
 9,86   0,00    0,000    1,199   0,000   1,199

 9,87   0,00    1,200    1,199   0,007   1,074   0,013   0,001   0,095   0,002   0,000   0,009   0,000 9708254000
 9,87   4,96  614,229
 9,87   0,00    0,000    0,000
 9,87   0,00    0,000  559,826
 9,87   0,00    0,000    1,200   0,000   1,200
 9,87   0,00    0,000    1,199   0,000   1,199

 9,88   0,00    1,200    1,198   0,007   1,074   0,013   0,001   0,095   0,002   0,000   0,009   0,000 9718090000
 9,88   4,96  614,217
 9,88   0,00    0,000    0,000
 9,88   0,00    0,000  559,811
 9,88   0,00    0,000    1,200   0,000   1,200
 9,88   0,00    0,000    1,198   0,000   1,198

 9,89   0,00    1,200    1,198   0,007   1,074   0,012   0,001   0,095   0,002   0,000   0,009   0,000 9727926000
 9,89   4,96  614,205
 9,89   0,00    0,000    0,000
 9,89   0,00    0,000  559,796
 9,89   0,00    0,000    1,200   0,000   1,200
 9,89   0,00    0,000    1,198   0,000   1,198

 9,90   0,00    1,200    1,198   0,007   1,074   0,012   0,001   0,095   0,002   0,000   0,009   0,000 9737762000
 9,90   4,96  614,193
 9,90   0,00    0,000    0,000
 9,90   0,00    0,000  559,780
 9,90   0,00    0,000    1,200   0,000   1,200
 9,90   0,00    0,000    1,198   0,000   1,198

 9,91   0,00    1,200    1,198   0,007   1,074   0,012   0,001   0,095   0,002   0,000   0,009   0,000 9747598000
 9,91   4,96  614,181
 9,91   0,00    0,000    0,000
 9,91   0,00    0,000  559,764
 9,91   0,00    0,000    1,200   0,000   1,200
 9,91   0,00    0,000    1,198   0,000   1,198

 9,92   0,00    1,200    1,198   0,007   1,074   0,012   0,001   0,095   0,002   0,000   0,009   0,000 9757435000
 9,92   4,96  614,168
 9,92   0,00    0,000    0,000
 9,92   0,00    0,000  559,748
 9,92   0,00    0,000    1,200   0,000   1,200
 9,92   0,00    0,000    1,198   0,000   1,198

 9,93   0,00    1,200    1,198   0,007   1,074   0,012   0,001   0,095   0,002   0,000   0,009   0,000 9767271000
 9,93   4,96  614,156
 9,93   0,00    0,000    0,000
 9,93   0,00    0,000  559,731
 9,93   0,00    0,000    1,200   0,000   1,200
 9,93   0,00    0,000    1,198   0,000   1,198

 9,94   0,00    1,200    1,198   0,007   1,074   0,012   0,001   0,095   0,002   0,000   0,009   0,000 9777106000
 9,94   4,96  614,143
 9,94   0,00    0,000    0,000
 9,94   0,00    0,000  559,714
 9,94   0,00    0,000    1,200   0,000   1,200
 9,94   0,00    0,000    1,198   0,000   1,198

 9,95   0,00    1,199    1,198   0,007   1,074   0,012   0,001   0,095   0,002   0,000   0,009   0,000 9786942000
 9,95   4,96  614,129
 9,95   0,00    0,000    0,000
 9,95   0,00    0,000  559,697
 9,95   0,00    0,000    1,199   0,000   1,199
 9,95   0,00    0,000    1,198   0,000   1,198

 9,96   0,00    1,199    1,198   0,007   1,074   0,012   0,001   0,095   0,002   0,000   0,009   0,000 9796779000
 9,96   4,96  614,116
 9,96   0,00    0,000    0,000
 9,96   0,00    0,000  559,679
 9,96   0,00    0,000    1,199   0,000   1,199
 9,96   0,00    0,000    1,198   0,000   1,198

 9,97   0,00    1,199    1,198   0,007   1,074   0,012   0,001   0,095   0,002   0,000   0,009   0,000 9806616000
 9,97   4,96  614,102
 9,97   0,00    0,000    0,000
 9,97   0,00    0,000  559,661
 9,97   0,00    0,000    1,199   0,000   1,199
 9,97   0,00    0,000    1,198   0,000   1,198

 9,98   0,00    1,199    1,198   0,007   1,074   0,012   0,001   0,095   0,002   0,000   0,009   0,000 9816451000
 9,98   4,96  614,089
 9,98   0,00    0,000    0,000
 9,98   0,00    0,000  559,643
 9,98   0,00    0,000    1,199   0,000   1,199
 9,98   0,00    0,000    1,198   0,000   1,198

 9,99   0,00    1,199    1,198   0,007   1,074   0,012   0,001   0,095   0,002   0,000   0,009   0,000 9826288000
 9,99   4,96  614,075
 9,99   0,00    0,000    0,000
 9,99   0,00    0,000  559,625
 9,99   0,00    0,000    1,199   0,000   1,199
 9,99   0,00    0,000    1,198   0,000   1,198

10,00   0,00    1,199    1,198   0,007   1,074   0,012   0,001   0,095   0,002   0,000   0,009   0,000 9836123000
10,00   4,96  614,061
10,00   0,00    0,000    0,000
10,00   0,00    0,000  559,606
10,00   0,00    0,000    1,199   0,000   1,199
10,00   0,00    0,000    1,198   0,000   1,198

10,01   0,00    1,199    1,198   0,007   1,074   0,012   0,001   0,095   0,002   0,000   0,009   0,000 9845960000
10,01   4,96  614,046
10,01   0,00    0,000    0,000
10,01   0,00    0,000  559,587
10,01   0,00    0,000    1,199   0,000   1,199
10,01   0,00    0,000    1,198   0,000   1,198

10,02   0,00    1,199    1,198   0,007   1,074   0,012   0,001   0,095   0,002   0,000   0,009   0,000 9855796000
10,02   4,96  614,032
10,02   0,00    0,000    0,000
10,02   0,00    0,000  559,567
10,02   0,00    0,000    1,199   0,000   1,199
10,02   0,00    0,000    1,198   0,000   1,198

10,03   0,00    1,199    1,198   0,007   1,074   0,012   0,001   0,095   0,002   0,000   0,009   0,000 9865632000
10,03   4,96  614,017
10,03   0,00    0,000    0,000
10,03   0,00    0,000  559,548
10,03   0,00    0,000    1,199   0,000   1,199
10,03   0,00    0,000    1,198   0,000   1,198

10,04   0,00    1,199    1,198   0,007   1,074   0,012   0,001   0,095   0,002   0,000   0,009   0,000 9875468000
10,04   4,96  614,002
10,04   0,00    0,000    0,000
10,04   0,00    0,000  559,528
10,04   0,00    0,000    1,199   0,000   1,199
10,04   0,00    0,000    1,198   0,000   1,198

10,05   0,00    1,199    1,198   0,007   1,074   0,012   0,001   0,095   0,002   0,000   0,009   0,000 9885304000
10,05   4,96  613,987
10,05   0,00    0,000    0,000
10,05   0,00    0,000  559,507
10,05   0,00    0,000    1,199   0,000   1,199
10,05   0,00    0,000    1,198   0,000   1,198

10,06   0,00    1,199    1,198   0,007   1,074   0,012   0,001   0,095   0,002   0,000   0,009   0,000 9895140000
10,06   4,96  613,971
10,06   0,00    0,000    0,000
10,06   0,00    0,000  559,487
10,06   0,00    0,000    1,199   0,000   1,199
10,06   0,00    0,000    1,198   0,000   1,198

10,07   0,00    1,199    1,198   0,007   1,074   0,012   0,001   0,095   0,002   0,000   0,009   0,000 9904976000
10,07   4,96  613,956
10,07   0,00    0,000    0,000
10,07   0,00    0,000  559,466
10,07   0,00    0,000    1,199   0,000   1,199
10,07   0,00    0,000    1,198   0,000   1,198

10,08   0,00    1,199    1,198   0,007   1,074   0,012   0,001   0,095   0,002   0,000   0,009   0,000 9914812000
10,08   4,96  613,940
10,08   0,00    0,000    0,000
10,08   0,00    0,000  559,445
10,08   0,00    0,000    1,199   0,000   1,199
10,08   0,00    0,000    1,198   0,000   1,198

10,09   0,00    1,199    1,198   0,007   1,074   0,012   0,001   0,095   0,002   0,000   0,009   0,000 9924649000
10,09   4,96  613,924
10,09   0,00    0,000    0,000
10,09   0,00    0,000  559,424
10,09   0,00    0,000    1,199   0,000   1,199
10,09   0,00    0,000    1,198   0,000   1,198

10,10   0,00    1,199    1,198   0,007   1,074   0,012   0,001   0,095   0,002   0,000   0,009   0,000 9934486000
10,10   4,96  613,908
10,10   0,00    0,000    0,000
10,10   0,00    0,000  559,402
10,10   0,00    0,000    1,199   0,000   1,199
10,10   0,00    0,000    1,198   0,000   1,198

10,11   0,00    1,199    1,198   0,007   1,074   0,012   0,001   0,095   0,002   0,000   0,009   0,000 9944320000
10,11   4,96  613,892
10,11   0,00    0,000    0,000
10,11   0,00    0,000  559,380
10,11   0,00    0,000    1,199   0,000   1,199
10,11   0,00    0,000    1,198   0,000   1,198

10,12   0,00    1,199    1,198   0,007   1,074   0,012   0,001   0,095   0,002   0,000   0,009   0,000 9954157000
10,12   4,96  613,875
10,12   0,00    0,000    0,000
10,12   0,00    0,000  559,358
10,12   0,00    0,000    1,199   0,000   1,199
10,12   0,00    0,000    1,198   0,000   1,198

10,13   0,00    1,199    1,198   0,007   1,074   0,012   0,001   0,095   0,002   0,000   0,009   0,000 9963993000
10,13   4,96  613,859
10,13   0,00    0,000    0,000
10,13   0,00    0,000  559,335
10,13   0,00    0,000    1,199   0,000   1,199
10,13   0,00    0,000    1,198   0,000   1,198

10,14   0,00    1,199    1,198   0,007   1,074   0,012   0,001   0,095   0,002   0,000   0,009   0,000 9973830000
10,14   4,96  613,842
10,14   0,00    0,000    0,000
10,14   0,00    0,000  559,313
10,14   0,00    0,000    1,199   0,000   1,199
10,14   0,00    0,000    1,198   0,000   1,198

10,15   0,00    1,199    1,198   0,007   1,074   0,012   0,001   0,095   0,002   0,000   0,009   0,000 9983665000
10,15   4,96  613,825
10,15   0,00    0,000    0,000
10,15   0,00    0,000  559,290
10,15   0,00    0,000    1,199   0,000   1,199
10,15   0,00    0,000    1,198   0,000   1,198

10,16   0,00    1,199    1,198   0,007   1,074   0,012   0,001   0,095   0,002   0,000   0,009   0,000 9993502000
10,16   4,96  613,808
10,16   0,00    0,000    0,000
10,16   0,00    0,000  559,266
10,16   0,00    0,000    1,199   0,000   1,199
10,16   0,00    0,000    1,198   0,000   1,198

10,17   0,00    1,199    1,198   0,007   1,074   0,012   0,001   0,095   0,002   0,000   0,009   0,000 10003340000
10,17   4,96  613,790
10,17   0,00    0,000    0,000
10,17   0,00    0,000  559,243
10,17   0,00    0,000    1,199   0,000   1,199
10,17   0,00    0,000    1,198   0,000   1,198

10,18   0,00    1,199    1,198   0,007   1,074   0,012   0,001   0,095   0,002   0,000   0,009   0,000 10013170000
10,18   4,96  613,773
10,18   0,00    0,000    0,000
10,18   0,00    0,000  559,219
10,18   0,00    0,000    1,199   0,000   1,199
10,18   0,00    0,000    1,198   0,000   1,198

10,19   0,00    1,199    1,198   0,007   1,074   0,012   0,001   0,095   0,002   0,000   0,009   0,000 10023010000
10,19   4,95  613,755
10,19   0,00    0,000    0,000
10,19   0,00    0,000  559,195
10,19   0,00    0,000    1,199   0,000   1,199
10,19   0,00    0,000    1,198   0,000   1,198

10,20   0,00    1,199    1,198   0,007   1,074   0,012   0,001   0,095   0,002   0,000   0,009   0,000 10032850000
10,20   4,95  613,737
10,20   0,00    0,000    0,000
10,20   0,00    0,000  559,170
10,20   0,00    0,000    1,199   0,000   1,199
10,20   0,00    0,000    1,198   0,000   1,198

10,21   0,00    1,199    1,198   0,007   1,074   0,012   0,001   0,095   0,002   0,000   0,009   0,000 10042680000
10,21   4,95  613,719
10,21   0,00    0,000    0,000
10,21   0,00    0,000  559,146
10,21   0,00    0,000    1,199   0,000   1,199
10,21   0,00    0,000    1,198   0,000   1,198

10,22   0,00    1,199    1,198   0,007   1,075   0,012   0,001   0,095   0,002   0,000   0,009   0,000 10052520000
10,22   4,95  613,701
10,22   0,00    0,000    0,000
10,22   0,00    0,000  559,121
10,22   0,00    0,000    1,199   0,000   1,199
10,22   0,00    0,000    1,198   0,000   1,198

10,23   0,00    1,199    1,198   0,007   1,075   0,012   0,001   0,095   0,002   0,000   0,009   0,000 10062350000
10,23   4,95  613,683
10,23   0,00    0,000    0,000
10,23   0,00    0,000  559,096
10,23   0,00    0,000    1,199   0,000   1,199
10,23   0,00    0,000    1,198   0,000   1,198

10,24   0,00    1,199    1,198   0,007   1,075   0,012   0,001   0,095   0,002   0,000   0,009   0,000 10072190000
10,24   4,95  613,664
10,24   0,00    0,000    0,000
10,24   0,00    0,000  559,070
10,24   0,00    0,000    1,199   0,000   1,199
10,24   0,00    0,000    1,198   0,000   1,198

10,25   0,00    1,199    1,198   0,007   1,075   0,012   0,001   0,095   0,002   0,000   0,009   0,000 10082030000
10,25   4,95  613,645
10,25   0,00    0,000    0,000
10,25   0,00    0,000  559,044
10,25   0,00    0,000    1,199   0,000   1,199
10,25   0,00    0,000    1,198   0,000   1,198

10,26   0,00    1,199    1,198   0,007   1,075   0,012   0,001   0,095   0,002   0,000   0,009   0,000 10091860000
10,26   4,95  613,626
10,26   0,00    0,000    0,000
10,26   0,00    0,000  559,018
10,26   0,00    0,000    1,199   0,000   1,199
10,26   0,00    0,000    1,198   0,000   1,198

10,27   0,00    1,199    1,198   0,007   1,075   0,012   0,001   0,095   0,002   0,000   0,009   0,000 10101700000
10,27   4,95  613,607
10,27   0,00    0,000    0,000
10,27   0,00    0,000  558,992
10,27   0,00    0,000    1,199   0,000   1,199
10,27   0,00    0,000    1,198   0,000   1,198

10,28   0,00    1,199    1,198   0,007   1,075   0,012   0,001   0,095   0,002   0,000   0,009   0,000 10111540000
10,28   4,95  613,588
10,28   0,00    0,000    0,000
10,28   0,00    0,000  558,966
10,28   0,00    0,000    1,199   0,000   1,199
10,28   0,00    0,000    1,198   0,000   1,198

10,29   0,00    1,199    1,198   0,007   1,075   0,012   0,001   0,095   0,002   0,000   0,009   0,000 10121370000
10,29   4,95  613,569
10,29   0,00    0,000    0,000
10,29   0,00    0,000  558,939
10,29   0,00    0,000    1,199   0,000   1,199
10,29   0,00    0,000    1,198   0,000   1,198

10,30   0,00    1,199    1,198   0,007   1,075   0,012   0,001   0,095   0,002   0,000   0,009   0,000 10131210000
10,30   4,95  613,549
10,30   0,00    0,000    0,000
10,30   0,00    0,000  558,912
10,30   0,00    0,000    1,199   0,000   1,199
10,30   0,00    0,000    1,198   0,000   1,198

10,31   0,00    1,199    1,198   0,007   1,075   0,012   0,001   0,095   0,002   0,000   0,009   0,000 10141040000
10,31   4,95  613,529
10,31   0,00    0,000    0,000
10,31   0,00    0,000  558,885
10,31   0,00    0,000    1,199   0,000   1,199
10,31   0,00    0,000    1,198   0,000   1,198

10,32   0,00    1,199    1,198   0,007   1,075   0,012   0,001   0,095   0,002   0,000   0,009   0,000 10150880000
10,32   4,95  613,510
10,32   0,00    0,000    0,000
10,32   0,00    0,000  558,858
10,32   0,00    0,000    1,199   0,000   1,199
10,32   0,00    0,000    1,198   0,000   1,198

10,33   0,00    1,199    1,198   0,007   1,075   0,012   0,001   0,095   0,002   0,000   0,009   0,000 10160720000
10,33   4,95  613,489
10,33   0,00    0,000    0,000
10,33   0,00    0,000  558,830
10,33   0,00    0,000    1,199   0,000   1,199
10,33   0,00    0,000    1,198   0,000   1,198

10,34   0,00    1,199    1,198   0,007   1,075   0,012   0,001   0,095   0,002   0,000   0,009   0,000 10170550000
10,34   4,95  613,469
10,34   0,00    0,000    0,000
10,34   0,00    0,000  558,802
10,34   0,00    0,000    1,199   0,000   1,199
10,34   0,00    0,000    1,198   0,000   1,198

10,35   0,00    1,199    1,198   0,007   1,075   0,011   0,001   0,095   0,002   0,000   0,009   0,000 10180390000
10,35   4,95  613,449
10,35   0,00    0,000    0,000
10,35   0,00    0,000  558,774
10,35   0,00    0,000    1,199   0,000   1,199
10,35   0,00    0,000    1,198   0,000   1,198

10,36   0,00    1,199    1,198   0,007   1,075   0,011   0,001   0,095   0,002   0,000   0,009   0,000 10190220000
10,36   4,95  613,428
10,36   0,00    0,000    0,000
10,36   0,00    0,000  558,745
10,36   0,00    0,000    1,199   0,000   1,199
10,36   0,00    0,000    1,198   0,000   1,198

10,37   0,00    1,199    1,198   0,007   1,075   0,011   0,001   0,095   0,002   0,000   0,009   0,000 10200060000
10,37   4,95  613,407
10,37   0,00    0,000    0,000
10,37   0,00    0,000  558,717
10,37   0,00    0,000    1,199   0,000   1,199
10,37   0,00    0,000    1,198   0,000   1,198

10,38   0,00    1,199    1,198   0,007   1,075   0,011   0,001   0,095   0,002   0,000   0,009   0,000 10209900000
10,38   4,95  613,387
10,38   0,00    0,000    0,000
10,38   0,00    0,000  558,688
10,38   0,00    0,000    1,199   0,000   1,199
10,38   0,00    0,000    1,198   0,000   1,198

10,39   0,00    1,199    1,198   0,007   1,075   0,011   0,001   0,095   0,002   0,000   0,008   0,000 10219730000
10,39   4,95  613,366
10,39   0,00    0,000    0,000
10,39   0,00    0,000  558,659
10,39   0,00    0,000    1,199   0,000   1,199
10,39   0,00    0,000    1,198   0,000   1,198

10,40   0,00    1,199    1,198   0,007   1,075   0,011   0,001   0,095   0,002   0,000   0,008   0,000 10229570000
10,40   4,95  613,344
10,40   0,00    0,000    0,000
10,40   0,00    0,000  558,629
10,40   0,00    0,000    1,199   0,000   1,199
10,40   0,00    0,000    1,198   0,000   1,198

10,41   0,00    1,199    1,198   0,007   1,075   0,011   0,001   0,095   0,002   0,000   0,008   0,000 10239400000
10,41   4,95  613,323
10,41   0,00    0,000    0,000
10,41   0,00    0,000  558,600
10,41   0,00    0,000    1,199   0,000   1,199
10,41   0,00    0,000    1,198   0,000   1,198

10,42   0,00    1,199    1,198   0,007   1,075   0,011   0,001   0,095   0,002   0,000   0,008   0,000 10249240000
10,42   4,95  613,302
10,42   0,00    0,000    0,000
10,42   0,00    0,000  558,570
10,42   0,00    0,000    1,199   0,000   1,199
10,42   0,00    0,000    1,198   0,000   1,198

10,43   0,00    1,199    1,198   0,007   1,075   0,011   0,001   0,095   0,002   0,000   0,008   0,000 10259080000
10,43   4,95  613,280
10,43   0,00    0,000    0,000
10,43   0,00    0,000  558,540
10,43   0,00    0,000    1,199   0,000   1,199
10,43   0,00    0,000    1,198   0,000   1,198

10,44   0,00    1,199    1,198   0,007   1,075   0,011   0,001   0,095   0,002   0,000   0,008   0,000 10268910000
10,44   4,95  613,258
10,44   0,00    0,000    0,000
10,44   0,00    0,000  558,509
10,44   0,00    0,000    1,199   0,000   1,199
10,44   0,00    0,000    1,198   0,000   1,198

10,45   0,00    1,199    1,198   0,007   1,075   0,011   0,001   0,095   0,002   0,000   0,008   0,000 10278750000
10,45   4,95  613,236
10,45   0,00    0,000    0,000
10,45   0,00    0,000  558,479
10,45   0,00    0,000    1,199   0,000   1,199
10,45   0,00    0,000    1,198   0,000   1,198

10,46   0,00    1,199    1,198   0,007   1,075   0,011   0,001   0,095   0,002   0,000   0,008   0,000 10288580000
10,46   4,95  613,214
10,46   0,00    0,000    0,000
10,46   0,00    0,000  558,448
10,46   0,00    0,000    1,199   0,000   1,199
10,46   0,00    0,000    1,198   0,000   1,198

10,47   0,00    1,199    1,198   0,007   1,075   0,011   0,001   0,095   0,002   0,000   0,008   0,000 10298420000
10,47   4,95  613,192
10,47   0,00    0,000    0,000
10,47   0,00    0,000  558,417
10,47   0,00    0,000    1,199   0,000   1,199
10,47   0,00    0,000    1,198   0,000   1,198

10,48   0,00    1,199    1,198   0,007   1,075   0,011   0,001   0,095   0,002   0,000   0,008   0,000 10308260000
10,48   4,95  613,169
10,48   0,00    0,000    0,000
10,48   0,00    0,000  558,386
10,48   0,00    0,000    1,199   0,000   1,199
10,48   0,00    0,000    1,198   0,000   1,198

10,49   0,00    1,199    1,198   0,007   1,075   0,011   0,001   0,095   0,002   0,000   0,008   0,000 10318090000
10,49   4,95  613,147
10,49   0,00    0,000    0,000
10,49   0,00    0,000  558,354
10,49   0,00    0,000    1,199   0,000   1,199
10,49   0,00    0,000    1,198   0,000   1,198

10,50   0,00    1,199    1,198   0,007   1,075   0,011   0,001   0,095   0,002   0,000   0,008   0,000 10327930000
10,50   4,95  613,124
10,50   0,00    0,000    0,000
10,50   0,00    0,000  558,323
10,50   0,00    0,000    1,199   0,000   1,199
10,50   0,00    0,000    1,198   0,000   1,198

10,51   0,00    1,199    1,198   0,007   1,075   0,011   0,001   0,095   0,002   0,000   0,008   0,000 10337770000
10,51   4,95  613,101
10,51   0,00    0,000    0,000
10,51   0,00    0,000  558,291
10,51   0,00    0,000    1,199   0,000   1,199
10,51   0,00    0,000    1,198   0,000   1,198

10,52   0,00    1,199    1,198   0,007   1,075   0,011   0,001   0,095   0,002   0,000   0,008   0,000 10347600000
10,52   4,95  613,078
10,52   0,00    0,000    0,000
10,52   0,00    0,000  558,259
10,52   0,00    0,000    1,199   0,000   1,199
10,52   0,00    0,000    1,198   0,000   1,198

10,53   0,00    1,199    1,198   0,007   1,075   0,011   0,001   0,095   0,002   0,000   0,008   0,000 10357440000
10,53   4,94  613,055
10,53   0,00    0,000    0,000
10,53   0,00    0,000  558,226
10,53   0,00    0,000    1,199   0,000   1,199
10,53   0,00    0,000    1,198   0,000   1,198

10,54   0,00    1,199    1,198   0,007   1,075   0,011   0,001   0,095   0,002   0,000   0,008   0,000 10367270000
10,54   4,94  613,032
10,54   0,00    0,000    0,000
10,54   0,00    0,000  558,194
10,54   0,00    0,000    1,199   0,000   1,199
10,54   0,00    0,000    1,198   0,000   1,198

10,55   0,00    1,199    1,198   0,007   1,075   0,011   0,001   0,095   0,002   0,000   0,008   0,000 10377110000
10,55   4,94  613,008
10,55   0,00    0,000    0,000
10,55   0,00    0,000  558,161
10,55   0,00    0,000    1,199   0,000   1,199
10,55   0,00    0,000    1,198   0,000   1,198

10,56   0,00    1,199    1,198   0,007   1,075   0,011   0,001   0,095   0,002   0,000   0,008   0,000 10386950000
10,56   4,94  612,985
10,56   0,00    0,000    0,000
10,56   0,00    0,000  558,128
10,56   0,00    0,000    1,199   0,000   1,199
10,56   0,00    0,000    1,198   0,000   1,198

10,57   0,00    1,199    1,198   0,007   1,075   0,011   0,001   0,095   0,002   0,000   0,008   0,000 10396780000
10,57   4,94  612,961
10,57   0,00    0,000    0,000
10,57   0,00    0,000  558,094
10,57   0,00    0,000    1,199   0,000   1,199
10,57   0,00    0,000    1,198   0,000   1,198

10,58   0,00    1,199    1,198   0,007   1,075   0,011   0,001   0,095   0,002   0,000   0,008   0,000 10406620000
10,58   4,94  612,937
10,58   0,00    0,000    0,000
10,58   0,00    0,000  558,061
10,58   0,00    0,000    1,199   0,000   1,199
10,58   0,00    0,000    1,198   0,000   1,198

10,59   0,00    1,199    1,198   0,007   1,075   0,011   0,001   0,095   0,002   0,000   0,008   0,000 10416450000
10,59   4,94  612,913
10,59   0,00    0,000    0,000
10,59   0,00    0,000  558,027
10,59   0,00    0,000    1,199   0,000   1,199
10,59   0,00    0,000    1,198   0,000   1,198

10,60   0,00    1,199    1,198   0,007   1,075   0,011   0,001   0,095   0,002   0,000   0,008   0,000 10426290000
10,60   4,94  612,889
10,60   0,00    0,000    0,000
10,60   0,00    0,000  557,994
10,60   0,00    0,000    1,199   0,000   1,199
10,60   0,00    0,000    1,198   0,000   1,198

10,61   0,00    1,199    1,198   0,007   1,075   0,011   0,001   0,095   0,002   0,000   0,008   0,000 10436130000
10,61   4,94  612,865
10,61   0,00    0,000    0,000
10,61   0,00    0,000  557,959
10,61   0,00    0,000    1,199   0,000   1,199
10,61   0,00    0,000    1,198   0,000   1,198

10,62   0,00    1,199    1,198   0,007   1,075   0,011   0,001   0,095   0,002   0,000   0,008   0,000 10445960000
10,62   4,94  612,840
10,62   0,00    0,000    0,000
10,62   0,00    0,000  557,925
10,62   0,00    0,000    1,199   0,000   1,199
10,62   0,00    0,000    1,198   0,000   1,198

10,63   0,00    1,199    1,198   0,007   1,075   0,011   0,001   0,095   0,002   0,000   0,008   0,000 10455800000
10,63   4,94  612,816
10,63   0,00    0,000    0,000
10,63   0,00    0,000  557,891
10,63   0,00    0,000    1,199   0,000   1,199
10,63   0,00    0,000    1,198   0,000   1,198

10,64   0,00    1,199    1,198   0,007   1,075   0,011   0,001   0,095   0,002   0,000   0,008   0,000 10465640000
10,64   4,94  612,791
10,64   0,00    0,000    0,000
10,64   0,00    0,000  557,856
10,64   0,00    0,000    1,199   0,000   1,199
10,64   0,00    0,000    1,198   0,000   1,198

10,65   0,00    1,199    1,198   0,007   1,075   0,011   0,001   0,095   0,002   0,000   0,008   0,000 10475470000
10,65   4,94  612,766
10,65   0,00    0,000    0,000
10,65   0,00    0,000  557,821
10,65   0,00    0,000    1,199   0,000   1,199
10,65   0,00    0,000    1,198   0,000   1,198

10,66   0,00    1,199    1,198   0,007   1,075   0,011   0,001   0,095   0,002   0,000   0,008   0,000 10485310000
10,66   4,94  612,741
10,66   0,00    0,000    0,000
10,66   0,00    0,000  557,786
10,66   0,00    0,000    1,199   0,000   1,199
10,66   0,00    0,000    1,198   0,000   1,198

10,67   0,00    1,199    1,198   0,007   1,075   0,011   0,001   0,095   0,002   0,000   0,008   0,000 10495140000
10,67   4,94  612,716
10,67   0,00    0,000    0,000
10,67   0,00    0,000  557,751
10,67   0,00    0,000    1,199   0,000   1,199
10,67   0,00    0,000    1,198   0,000   1,198

10,68   0,00    1,199    1,198   0,007   1,075   0,011   0,001   0,095   0,002   0,000   0,008   0,000 10504980000
10,68   4,94  612,691
10,68   0,00    0,000    0,000
10,68   0,00    0,000  557,715
10,68   0,00    0,000    1,199   0,000   1,199
10,68   0,00    0,000    1,198   0,000   1,198

10,69   0,00    1,199    1,198   0,007   1,075   0,011   0,001   0,095   0,002   0,000   0,008   0,000 10514820000
10,69   4,94  612,666
10,69   0,00    0,000    0,000
10,69   0,00    0,000  557,679
10,69   0,00    0,000    1,199   0,000   1,199
10,69   0,00    0,000    1,198   0,000   1,198

10,70   0,00    1,199    1,198   0,007   1,075   0,011   0,001   0,095   0,002   0,000   0,008   0,000 10524650000
10,70   4,94  612,640
10,70   0,00    0,000    0,000
10,70   0,00    0,000  557,643
10,70   0,00    0,000    1,199   0,000   1,199
10,70   0,00    0,000    1,198   0,000   1,198

10,71   0,00    1,199    1,198   0,007   1,075   0,011   0,001   0,095   0,002   0,000   0,008   0,000 10534490000
10,71   4,94  612,615
10,71   0,00    0,000    0,000
10,71   0,00    0,000  557,607
10,71   0,00    0,000    1,199   0,000   1,199
10,71   0,00    0,000    1,198   0,000   1,198

10,72   0,00    1,199    1,198   0,007   1,075   0,011   0,001   0,095   0,002   0,000   0,008   0,000 10544320000
10,72   4,94  612,589
10,72   0,00    0,000    0,000
10,72   0,00    0,000  557,571
10,72   0,00    0,000    1,199   0,000   1,199
10,72   0,00    0,000    1,198   0,000   1,198

10,73   0,00    1,199    1,198   0,007   1,075   0,011   0,001   0,095   0,002   0,000   0,008   0,000 10554160000
10,73   4,94  612,563
10,73   0,00    0,000    0,000
10,73   0,00    0,000  557,534
10,73   0,00    0,000    1,199   0,000   1,199
10,73   0,00    0,000    1,198   0,000   1,198

10,74   0,00    1,199    1,198   0,007   1,075   0,011   0,001   0,095   0,002   0,000   0,008   0,000 10564000000
10,74   4,94  612,537
10,74   0,00    0,000    0,000
10,74   0,00    0,000  557,498
10,74   0,00    0,000    1,199   0,000   1,199
10,74   0,00    0,000    1,198   0,000   1,198

10,75   0,00    1,199    1,198   0,007   1,075   0,011   0,001   0,095   0,002   0,000   0,008   0,000 10573830000
10,75   4,94  612,511
10,75   0,00    0,000    0,000
10,75   0,00    0,000  557,461
10,75   0,00    0,000    1,199   0,000   1,199
10,75   0,00    0,000    1,198   0,000   1,198

10,76   0,00    1,199    1,198   0,007   1,075   0,011   0,001   0,095   0,002   0,000   0,008   0,000 10583670000
10,76   4,94  612,485
10,76   0,00    0,000    0,000
10,76   0,00    0,000  557,423
10,76   0,00    0,000    1,199   0,000   1,199
10,76   0,00    0,000    1,198   0,000   1,198

10,77   0,00    1,199    1,198   0,007   1,075   0,011   0,001   0,095   0,002   0,000   0,008   0,000 10593510000
10,77   4,94  612,458
10,77   0,00    0,000    0,000
10,77   0,00    0,000  557,386
10,77   0,00    0,000    1,199   0,000   1,199
10,77   0,00    0,000    1,198   0,000   1,198

10,78   0,00    1,199    1,198   0,007   1,075   0,011   0,001   0,095   0,002   0,000   0,008   0,000 10603340000
10,78   4,94  612,432
10,78   0,00    0,000    0,000
10,78   0,00    0,000  557,349
10,78   0,00    0,000    1,199   0,000   1,199
10,78   0,00    0,000    1,198   0,000   1,198

10,79   0,00    1,199    1,198   0,007   1,075   0,011   0,001   0,095   0,002   0,000   0,008   0,000 10613180000
10,79   4,93  612,405
10,79   0,00    0,000    0,000
10,79   0,00    0,000  557,311
10,79   0,00    0,000    1,199   0,000   1,199
10,79   0,00    0,000    1,198   0,000   1,198

10,80   0,00    1,199    1,198   0,007   1,075   0,011   0,001   0,095   0,002   0,000   0,008   0,000 10623010000
10,80   4,93  612,378
10,80   0,00    0,000    0,000
10,80   0,00    0,000  557,273
10,80   0,00    0,000    1,199   0,000   1,199
10,80   0,00    0,000    1,198   0,000   1,198

10,81   0,00    1,199    1,198   0,007   1,075   0,011   0,001   0,095   0,002   0,000   0,008   0,000 10632850000
10,81   4,93  612,351
10,81   0,00    0,000    0,000
10,81   0,00    0,000  557,235
10,81   0,00    0,000    1,199   0,000   1,199
10,81   0,00    0,000    1,198   0,000   1,198

10,82   0,00    1,199    1,198   0,007   1,075   0,011   0,001   0,095   0,002   0,000   0,008   0,000 10642680000
10,82   4,93  612,324
10,82   0,00    0,000    0,000
10,82   0,00    0,000  557,197
10,82   0,00    0,000    1,199   0,000   1,199
10,82   0,00    0,000    1,198   0,000   1,198

10,83   0,00    1,198    1,198   0,007   1,075   0,011   0,001   0,095   0,002   0,000   0,008   0,000 10652520000
10,83   4,93  612,297
10,83   0,00    0,000    0,000
10,83   0,00    0,000  557,158
10,83   0,00    0,000    1,198   0,000   1,198
10,83   0,00    0,000    1,198   0,000   1,198

10,84   0,00    1,198    1,198   0,007   1,075   0,011   0,001   0,095   0,002   0,000   0,008   0,000 10662360000
10,84   4,93  612,270
10,84   0,00    0,000    0,000
10,84   0,00    0,000  557,120
10,84   0,00    0,000    1,198   0,000   1,198
10,84   0,00    0,000    1,198   0,000   1,198

10,85   0,00    1,198    1,198   0,007   1,075   0,011   0,001   0,095   0,002   0,000   0,008   0,000 10672190000
10,85   4,93  612,242
10,85   0,00    0,000    0,000
10,85   0,00    0,000  557,081
10,85   0,00    0,000    1,198   0,000   1,198
10,85   0,00    0,000    1,198   0,000   1,198

10,86   0,00    1,198    1,198   0,007   1,075   0,010   0,001   0,095   0,002   0,000   0,008   0,000 10682030000
10,86   4,93  612,215
10,86   0,00    0,000    0,000
10,86   0,00    0,000  557,042
10,86   0,00    0,000    1,198   0,000   1,198
10,86   0,00    0,000    1,198   0,000   1,198

10,87   0,00    1,198    1,197   0,007   1,075   0,010   0,001   0,095   0,002   0,000   0,008   0,000 10691870000
10,87   4,93  612,187
10,87   0,00    0,000    0,000
10,87   0,00    0,000  557,002
10,87   0,00    0,000    1,198   0,000   1,198
10,87   0,00    0,000    1,197   0,000   1,197

10,88   0,00    1,198    1,197   0,007   1,076   0,010   0,001   0,095   0,002   0,000   0,008   0,000 10701700000
10,88   4,93  612,159
10,88   0,00    0,000    0,000
10,88   0,00    0,000  556,963
10,88   0,00    0,000    1,198   0,000   1,198
10,88   0,00    0,000    1,197   0,000   1,197

10,89   0,00    1,198    1,197   0,007   1,076   0,010   0,001   0,095   0,002   0,000   0,008   0,000 10711540000
10,89   4,93  612,132
10,89   0,00    0,000    0,000
10,89   0,00    0,000  556,923
10,89   0,00    0,000    1,198   0,000   1,198
10,89   0,00    0,000    1,197   0,000   1,197

10,90   0,00    1,198    1,197   0,007   1,076   0,010   0,001   0,095   0,002   0,000   0,008   0,000 10721370000
10,90   4,93  612,104
10,90   0,00    0,000    0,000
10,90   0,00    0,000  556,884
10,90   0,00    0,000    1,198   0,000   1,198
10,90   0,00    0,000    1,197   0,000   1,197

10,91   0,00    1,198    1,197   0,007   1,076   0,010   0,001   0,095   0,002   0,000   0,008   0,000 10731210000
10,91   4,93  612,075
10,91   0,00    0,000    0,000
10,91   0,00    0,000  556,844
10,91   0,00    0,000    1,198   0,000   1,198
10,91   0,00    0,000    1,197   0,000   1,197

10,92   0,00    1,198    1,197   0,007   1,076   0,010   0,001   0,095   0,002   0,000   0,008   0,000 10741050000
10,92   4,93  612,047
10,92   0,00    0,000    0,000
10,92   0,00    0,000  556,804
10,92   0,00    0,000    1,198   0,000   1,198
10,92   0,00    0,000    1,197   0,000   1,197

10,93   0,00    1,198    1,197   0,007   1,076   0,010   0,001   0,095   0,002   0,000   0,008   0,000 10750880000
10,93   4,93  612,019
10,93   0,00    0,000    0,000
10,93   0,00    0,000  556,763
10,93   0,00    0,000    1,198   0,000   1,198
10,93   0,00    0,000    1,197   0,000   1,197

10,94   0,00    1,198    1,197   0,007   1,076   0,010   0,001   0,095   0,002   0,000   0,008   0,000 10760720000
10,94   4,93  611,990
10,94   0,00    0,000    0,000
10,94   0,00    0,000  556,723
10,94   0,00    0,000    1,198   0,000   1,198
10,94   0,00    0,000    1,197   0,000   1,197

10,95   0,00    1,198    1,197   0,007   1,076   0,010   0,001   0,095   0,002   0,000   0,008   0,000 10770550000
10,95   4,93  611,962
10,95   0,00    0,000    0,000
10,95   0,00    0,000  556,682
10,95   0,00    0,000    1,198   0,000   1,198
10,95   0,00    0,000    1,197   0,000   1,197

10,96   0,00    1,198    1,197   0,007   1,076   0,010   0,001   0,095   0,002   0,000   0,008   0,000 10780390000
10,96   4,93  611,933
10,96   0,00    0,000    0,000
10,96   0,00    0,000  556,641
10,96   0,00    0,000    1,198   0,000   1,198
10,96   0,00    0,000    1,197   0,000   1,197

10,97   0,00    1,198    1,197   0,007   1,076   0,010   0,001   0,095   0,002   0,000   0,008   0,000 10790230000
10,97   4,93  611,904
10,97   0,00    0,000    0,000
10,97   0,00    0,000  556,600
10,97   0,00    0,000    1,198   0,000   1,198
10,97   0,00    0,000    1,197   0,000   1,197

10,98   0,00    1,198    1,197   0,007   1,076   0,010   0,001   0,095   0,002   0,000   0,008   0,000 10800060000
10,98   4,93  611,875
10,98   0,00    0,000    0,000
10,98   0,00    0,000  556,559
10,98   0,00    0,000    1,198   0,000   1,198
10,98   0,00    0,000    1,197   0,000   1,197

10,99   0,00    1,198    1,197   0,007   1,076   0,010   0,001   0,095   0,002   0,000   0,008   0,000 10809900000
10,99   4,93  611,846
10,99   0,00    0,000    0,000
10,99   0,00    0,000  556,518
10,99   0,00    0,000    1,198   0,000   1,198
10,99   0,00    0,000    1,197   0,000   1,197

11,00   0,00    1,198    1,197   0,007   1,076   0,010   0,001   0,095   0,002   0,000   0,008   0,000 10819740000
11,00   4,92  611,817
11,00   0,00    0,000    0,000
11,00   0,00    0,000  556,476
11,00   0,00    0,000    1,198   0,000   1,198
11,00   0,00    0,000    1,197   0,000   1,197

11,01   0,00    1,198    1,197   0,007   1,076   0,010   0,001   0,095   0,002   0,000   0,008   0,000 10829570000
11,01   4,92  611,788
11,01   0,00    0,000    0,000
11,01   0,00    0,000  556,435
11,01   0,00    0,000    1,198   0,000   1,198
11,01   0,00    0,000    1,197   0,000   1,197

11,02   0,00    1,198    1,197   0,007   1,076   0,010   0,001   0,095   0,002   0,000   0,008   0,000 10839410000
11,02   4,92  611,759
11,02   0,00    0,000    0,000
11,02   0,00    0,000  556,393
11,02   0,00    0,000    1,198   0,000   1,198
11,02   0,00    0,000    1,197   0,000   1,197

11,03   0,00    1,198    1,197   0,007   1,076   0,010   0,001   0,095   0,002   0,000   0,008   0,000 10849240000
11,03   4,92  611,729
11,03   0,00    0,000    0,000
11,03   0,00    0,000  556,351
11,03   0,00    0,000    1,198   0,000   1,198
11,03   0,00    0,000    1,197   0,000   1,197

11,04   0,00    1,198    1,197   0,007   1,076   0,010   0,001   0,095   0,002   0,000   0,008   0,000 10859080000
11,04   4,92  611,699
11,04   0,00    0,000    0,000
11,04   0,00    0,000  556,308
11,04   0,00    0,000    1,198   0,000   1,198
11,04   0,00    0,000    1,197   0,000   1,197

11,05   0,00    1,198    1,197   0,007   1,076   0,010   0,001   0,095   0,002   0,000   0,008   0,000 10868920000
11,05   4,92  611,670
11,05   0,00    0,000    0,000
11,05   0,00    0,000  556,266
11,05   0,00    0,000    1,198   0,000   1,198
11,05   0,00    0,000    1,197   0,000   1,197

11,06   0,00    1,198    1,197   0,007   1,076   0,010   0,001   0,095   0,002   0,000   0,008   0,000 10878750000
11,06   4,92  611,640
11,06   0,00    0,000    0,000
11,06   0,00    0,000  556,224
11,06   0,00    0,000    1,198   0,000   1,198
11,06   0,00    0,000    1,197   0,000   1,197

11,07   0,00    1,198    1,197   0,007   1,076   0,010   0,001   0,095   0,002   0,000   0,008   0,000 10888590000
11,07   4,92  611,610
11,07   0,00    0,000    0,000
11,07   0,00    0,000  556,181
11,07   0,00    0,000    1,198   0,000   1,198
11,07   0,00    0,000    1,197   0,000   1,197

11,08   0,00    1,198    1,197   0,007   1,076   0,010   0,001   0,095   0,002   0,000   0,008   0,000 10898420000
11,08   4,92  611,580
11,08   0,00    0,000    0,000
11,08   0,00    0,000  556,138
11,08   0,00    0,000    1,198   0,000   1,198
11,08   0,00    0,000    1,197   0,000   1,197

11,09   0,00    1,198    1,197   0,007   1,076   0,010   0,001   0,095   0,002   0,000   0,008   0,000 10908260000
11,09   4,92  611,550
11,09   0,00    0,000    0,000
11,09   0,00    0,000  556,095
11,09   0,00    0,000    1,198   0,000   1,198
11,09   0,00    0,000    1,197   0,000   1,197

11,10   0,00    1,198    1,197   0,007   1,076   0,010   0,001   0,095   0,002   0,000   0,008   0,000 10918100000
11,10   4,92  611,520
11,10   0,00    0,000    0,000
11,10   0,00    0,000  556,052
11,10   0,00    0,000    1,198   0,000   1,198
11,10   0,00    0,000    1,197   0,000   1,197

11,11   0,00    1,198    1,197   0,007   1,076   0,010   0,001   0,095   0,002   0,000   0,008   0,000 10927930000
11,11   4,92  611,489
11,11   0,00    0,000    0,000
11,11   0,00    0,000  556,008
11,11   0,00    0,000    1,198   0,000   1,198
11,11   0,00    0,000    1,197   0,000   1,197

11,12   0,00    1,198    1,197   0,007   1,076   0,010   0,001   0,095   0,002   0,000   0,008   0,000 10937770000
11,12   4,92  611,459
11,12   0,00    0,000    0,000
11,12   0,00    0,000  555,965
11,12   0,00    0,000    1,198   0,000   1,198
11,12   0,00    0,000    1,197   0,000   1,197

11,13   0,00    1,198    1,197   0,007   1,076   0,010   0,001   0,095   0,002   0,000   0,008   0,000 10947610000
11,13   4,92  611,428
11,13   0,00    0,000    0,000
11,13   0,00    0,000  555,921
11,13   0,00    0,000    1,198   0,000   1,198
11,13   0,00    0,000    1,197   0,000   1,197

11,14   0,00    1,198    1,197   0,007   1,076   0,010   0,001   0,095   0,002   0,000   0,008   0,000 10957440000
11,14   4,92  611,398
11,14   0,00    0,000    0,000
11,14   0,00    0,000  555,877
11,14   0,00    0,000    1,198   0,000   1,198
11,14   0,00    0,000    1,197   0,000   1,197

11,15   0,00    1,198    1,197   0,007   1,076   0,010   0,001   0,095   0,002   0,000   0,008   0,000 10967280000
11,15   4,92  611,367
11,15   0,00    0,000    0,000
11,15   0,00    0,000  555,833
11,15   0,00    0,000    1,198   0,000   1,198
11,15   0,00    0,000    1,197   0,000   1,197

11,16   0,00    1,198    1,197   0,007   1,076   0,010   0,001   0,095   0,002   0,000   0,008   0,000 10977110000
11,16   4,92  611,336
11,16   0,00    0,000    0,000
11,16   0,00    0,000  555,789
11,16   0,00    0,000    1,198   0,000   1,198
11,16   0,00    0,000    1,197   0,000   1,197

11,17   0,00    1,198    1,197   0,007   1,076   0,010   0,001   0,095   0,002   0,000   0,008   0,000 10986950000
11,17   4,92  611,305
11,17   0,00    0,000    0,000
11,17   0,00    0,000  555,745
11,17   0,00    0,000    1,198   0,000   1,198
11,17   0,00    0,000    1,197   0,000   1,197

11,18   0,00    1,198    1,197   0,007   1,076   0,010   0,001   0,095   0,002   0,000   0,008   0,000 10996790000
11,18   4,92  611,274
11,18   0,00    0,000    0,000
11,18   0,00    0,000  555,700
11,18   0,00    0,000    1,198   0,000   1,198
11,18   0,00    0,000    1,197   0,000   1,197

11,19   0,00    1,198    1,197   0,007   1,076   0,010   0,001   0,095   0,002   0,000   0,008   0,000 11006620000
11,19   4,92  611,243
11,19   0,00    0,000    0,000
11,19   0,00    0,000  555,656
11,19   0,00    0,000    1,198   0,000   1,198
11,19   0,00    0,000    1,197   0,000   1,197

11,20   0,00    1,198    1,197   0,007   1,076   0,010   0,001   0,095   0,002   0,000   0,008   0,000 11016460000
11,20   4,91  611,212
11,20   0,00    0,000    0,000
11,20   0,00    0,000  555,611
11,20   0,00    0,000    1,198   0,000   1,198
11,20   0,00    0,000    1,197   0,000   1,197

11,21   0,00    1,198    1,197   0,007   1,076   0,010   0,001   0,095   0,002   0,000   0,008   0,000 11026290000
11,21   4,91  611,180
11,21   0,00    0,000    0,000
11,21   0,00    0,000  555,566
11,21   0,00    0,000    1,198   0,000   1,198
11,21   0,00    0,000    1,197   0,000   1,197

11,22   0,00    1,198    1,197   0,007   1,076   0,010   0,001   0,095   0,002   0,000   0,008   0,000 11036130000
11,22   4,91  611,149
11,22   0,00    0,000    0,000
11,22   0,00    0,000  555,521
11,22   0,00    0,000    1,198   0,000   1,198
11,22   0,00    0,000    1,197   0,000   1,197

11,23   0,00    1,198    1,197   0,007   1,076   0,010   0,001   0,095   0,002   0,000   0,008   0,000 11045970000
11,23   4,91  611,117
11,23   0,00    0,000    0,000
11,23   0,00    0,000  555,476
11,23   0,00    0,000    1,198   0,000   1,198
11,23   0,00    0,000    1,197   0,000   1,197

11,24   0,00    1,198    1,197   0,007   1,076   0,010   0,001   0,095   0,002   0,000   0,008   0,000 11055800000
11,24   4,91  611,085
11,24   0,00    0,000    0,000
11,24   0,00    0,000  555,430
11,24   0,00    0,000    1,198   0,000   1,198
11,24   0,00    0,000    1,197   0,000   1,197

11,25   0,00    1,198    1,197   0,007   1,076   0,010   0,001   0,095   0,002   0,000   0,008   0,000 11065640000
11,25   4,91  611,054
11,25   0,00    0,000    0,000
11,25   0,00    0,000  555,385
11,25   0,00    0,000    1,198   0,000   1,198
11,25   0,00    0,000    1,197   0,000   1,197

11,26   0,00    1,198    1,197   0,007   1,076   0,010   0,001   0,095   0,002   0,000   0,008   0,000 11075480000
11,26   4,91  611,022
11,26   0,00    0,000    0,000
11,26   0,00    0,000  555,339
11,26   0,00    0,000    1,198   0,000   1,198
11,26   0,00    0,000    1,197   0,000   1,197

11,27   0,00    1,198    1,197   0,007   1,076   0,010   0,001   0,095   0,002   0,000   0,008   0,000 11085310000
11,27   4,91  610,990
11,27   0,00    0,000    0,000
11,27   0,00    0,000  555,293
11,27   0,00    0,000    1,198   0,000   1,198
11,27   0,00    0,000    1,197   0,000   1,197

11,28   0,00    1,198    1,197   0,007   1,076   0,010   0,001   0,095   0,002   0,000   0,008   0,000 11095150000
11,28   4,91  610,958
11,28   0,00    0,000    0,000
11,28   0,00    0,000  555,247
11,28   0,00    0,000    1,198   0,000   1,198
11,28   0,00    0,000    1,197   0,000   1,197

11,29   0,00    1,198    1,197   0,007   1,076   0,010   0,001   0,095   0,002   0,000   0,008   0,000 11104980000
11,29   4,91  610,926
11,29   0,00    0,000    0,000
11,29   0,00    0,000  555,201
11,29   0,00    0,000    1,198   0,000   1,198
11,29   0,00    0,000    1,197   0,000   1,197

11,30   0,00    1,198    1,197   0,007   1,076   0,010   0,001   0,095   0,002   0,000   0,008   0,000 11114820000
11,30   4,91  610,893
11,30   0,00    0,000    0,000
11,30   0,00    0,000  555,155
11,30   0,00    0,000    1,198   0,000   1,198
11,30   0,00    0,000    1,197   0,000   1,197

11,31   0,00    1,198    1,197   0,007   1,076   0,010   0,001   0,095   0,002   0,000   0,008   0,000 11124660000
11,31   4,91  610,861
11,31   0,00    0,000    0,000
11,31   0,00    0,000  555,108
11,31   0,00    0,000    1,198   0,000   1,198
11,31   0,00    0,000    1,197   0,000   1,197

11,32   0,00    1,198    1,197   0,007   1,076   0,010   0,001   0,095   0,002   0,000   0,008   0,000 11134490000
11,32   4,91  610,829
11,32   0,00    0,000    0,000
11,32   0,00    0,000  555,062
11,32   0,00    0,000    1,198   0,000   1,198
11,32   0,00    0,000    1,197   0,000   1,197

11,33   0,00    1,198    1,197   0,007   1,076   0,010   0,001   0,095   0,002   0,000   0,008   0,000 11144330000
11,33   4,91  610,796
11,33   0,00    0,000    0,000
11,33   0,00    0,000  555,015
11,33   0,00    0,000    1,198   0,000   1,198
11,33   0,00    0,000    1,197   0,000   1,197

11,34   0,00    1,198    1,197   0,007   1,076   0,010   0,001   0,095   0,002   0,000   0,008   0,000 11154160000
11,34   4,91  610,763
11,34   0,00    0,000    0,000
11,34   0,00    0,000  554,968
11,34   0,00    0,000    1,198   0,000   1,198
11,34   0,00    0,000    1,197   0,000   1,197

11,35   0,00    1,198    1,197   0,007   1,076   0,010   0,001   0,095   0,002   0,000   0,008   0,000 11164000000
11,35   4,91  610,731
11,35   0,00    0,000    0,000
11,35   0,00    0,000  554,921
11,35   0,00    0,000    1,198   0,000   1,198
11,35   0,00    0,000    1,197   0,000   1,197

11,36   0,00    1,198    1,197   0,007   1,076   0,010   0,001   0,095   0,002   0,000   0,008   0,000 11173840000
11,36   4,91  610,698
11,36   0,00    0,000    0,000
11,36   0,00    0,000  554,874
11,36   0,00    0,000    1,198   0,000   1,198
11,36   0,00    0,000    1,197   0,000   1,197

11,37   0,00    1,198    1,197   0,007   1,076   0,010   0,001   0,095   0,002   0,000   0,008   0,000 11183670000
11,37   4,91  610,665
11,37   0,00    0,000    0,000
11,37   0,00    0,000  554,827
11,37   0,00    0,000    1,198   0,000   1,198
11,37   0,00    0,000    1,197   0,000   1,197

11,38   0,00    1,198    1,197   0,007   1,076   0,010   0,001   0,095   0,002   0,000   0,008   0,000 11193510000
11,38   4,90  610,632
11,38   0,00    0,000    0,000
11,38   0,00    0,000  554,779
11,38   0,00    0,000    1,198   0,000   1,198
11,38   0,00    0,000    1,197   0,000   1,197

11,39   0,00    1,198    1,197   0,007   1,076   0,010   0,001   0,095   0,002   0,000   0,008   0,000 11203350000
11,39   4,90  610,599
11,39   0,00    0,000    0,000
11,39   0,00    0,000  554,732
11,39   0,00    0,000    1,198   0,000   1,198
11,39   0,00    0,000    1,197   0,000   1,197

11,40   0,00    1,198    1,197   0,007   1,076   0,010   0,001   0,095   0,002   0,000   0,008   0,000 11213180000
11,40   4,90  610,566
11,40   0,00    0,000    0,000
11,40   0,00    0,000  554,684
11,40   0,00    0,000    1,198   0,000   1,198
11,40   0,00    0,000    1,197   0,000   1,197

11,41   0,00    1,198    1,197   0,007   1,076   0,010   0,001   0,095   0,002   0,000   0,008   0,000 11223020000
11,41   4,90  610,532
11,41   0,00    0,000    0,000
11,41   0,00    0,000  554,636
11,41   0,00    0,000    1,198   0,000   1,198
11,41   0,00    0,000    1,197   0,000   1,197

11,42   0,00    1,198    1,197   0,007   1,076   0,010   0,001   0,095   0,002   0,000   0,008   0,000 11232850000
11,42   4,90  610,499
11,42   0,00    0,000    0,000
11,42   0,00    0,000  554,588
11,42   0,00    0,000    1,198   0,000   1,198
11,42   0,00    0,000    1,197   0,000   1,197

11,43   0,00    1,198    1,197   0,007   1,076   0,010   0,001   0,095   0,002   0,000   0,008   0,000 11242690000
11,43   4,90  610,466
11,43   0,00    0,000    0,000
11,43   0,00    0,000  554,540
11,43   0,00    0,000    1,198   0,000   1,198
11,43   0,00    0,000    1,197   0,000   1,197

11,44   0,00    1,198    1,197   0,007   1,076   0,010   0,001   0,095   0,002   0,000   0,008   0,000 11252530000
11,44   4,90  610,432
11,44   0,00    0,000    0,000
11,44   0,00    0,000  554,491
11,44   0,00    0,000    1,198   0,000   1,198
11,44   0,00    0,000    1,197   0,000   1,197

11,45   0,00    1,198    1,197   0,007   1,076   0,009   0,001   0,095   0,002   0,000   0,008   0,000 11262360000
11,45   4,90  610,398
11,45   0,00    0,000    0,000
11,45   0,00    0,000  554,443
11,45   0,00    0,000    1,198   0,000   1,198
11,45   0,00    0,000    1,197   0,000   1,197

11,46   0,00    1,198    1,197   0,007   1,076   0,009   0,001   0,095   0,002   0,000   0,008   0,000 11272200000
11,46   4,90  610,365
11,46   0,00    0,000    0,000
11,46   0,00    0,000  554,395
11,46   0,00    0,000    1,198   0,000   1,198
11,46   0,00    0,000    1,197   0,000   1,197

11,47   0,00    1,198    1,197   0,007   1,076   0,009   0,001   0,095   0,002   0,000   0,008   0,000 11282030000
11,47   4,90  610,183
11,47   0,00    0,000    0,000
11,47   0,00    0,000  554,346
11,47   0,00    0,000    1,198   0,000   1,198
11,47   0,00    0,000    1,197   0,000   1,197

11,48   0,00    1,198    1,197   0,007   1,076   0,009   0,001   0,095   0,002   0,000   0,008   0,000 11291870000
11,48   4,90  610,130
11,48   0,00    0,000    0,000
11,48   0,00    0,000  554,297
11,48   0,00    0,000    1,198   0,000   1,198
11,48   0,00    0,000    1,197   0,000   1,197

11,49   0,00    1,198    1,197   0,007   1,076   0,009   0,001   0,095   0,002   0,000   0,008   0,000 11301710000
11,49   4,89  610,077
11,49   0,00    0,000    0,000
11,49   0,00    0,000  554,248
11,49   0,00    0,000    1,198   0,000   1,198
11,49   0,00    0,000    1,197   0,000   1,197

11,50   0,00    1,198    1,197   0,007   1,076   0,009   0,001   0,095   0,002   0,000   0,008   0,000 11311540000
11,50   4,89  610,024
11,50   0,00    0,000    0,000
11,50   0,00    0,000  554,199
11,50   0,00    0,000    1,198   0,000   1,198
11,50   0,00    0,000    1,197   0,000   1,197

11,51   0,00    1,198    1,197   0,007   1,076   0,009   0,001   0,095   0,002   0,000   0,008   0,000 11321380000
11,51   4,89  609,970
11,51   0,00    0,000    0,000
11,51   0,00    0,000  554,150
11,51   0,00    0,000    1,198   0,000   1,198
11,51   0,00    0,000    1,197   0,000   1,197

11,52   0,00    1,198    1,197   0,007   1,076   0,009   0,001   0,095   0,002   0,000   0,008   0,000 11331210000
11,52   4,89  609,917
11,52   0,00    0,000    0,000
11,52   0,00    0,000  554,100
11,52   0,00    0,000    1,198   0,000   1,198
11,52   0,00    0,000    1,197   0,000   1,197

11,53   0,00    1,198    1,197   0,007   1,076   0,009   0,001   0,095   0,002   0,000   0,008   0,000 11341050000
11,53   4,89  609,863
11,53   0,00    0,000    0,000
11,53   0,00    0,000  554,051
11,53   0,00    0,000    1,198   0,000   1,198
11,53   0,00    0,000    1,197   0,000   1,197

11,54   0,00    1,198    1,197   0,007   1,076   0,009   0,001   0,095   0,002   0,000   0,008   0,000 11350890000
11,54   4,89  609,810
11,54   0,00    0,000    0,000
11,54   0,00    0,000  554,001
11,54   0,00    0,000    1,198   0,000   1,198
11,54   0,00    0,000    1,197   0,000   1,197

11,55   0,00    1,198    1,197   0,007   1,076   0,009   0,001   0,095   0,002   0,000   0,008   0,000 11360720000
11,55   4,89  609,756
11,55   0,00    0,000    0,000
11,55   0,00    0,000  553,952
11,55   0,00    0,000    1,198   0,000   1,198
11,55   0,00    0,000    1,197   0,000   1,197

11,56   0,00    1,198    1,197   0,007   1,076   0,009   0,001   0,095   0,002   0,000   0,008   0,000 11370560000
11,56   4,89  609,703
11,56   0,00    0,000    0,000
11,56   0,00    0,000  553,902
11,56   0,00    0,000    1,198   0,000   1,198
11,56   0,00    0,000    1,197   0,000   1,197

11,57   0,00    1,198    1,197   0,007   1,076   0,009   0,001   0,095   0,002   0,000   0,008   0,000 11380400000
11,57   4,89  609,649
11,57   0,00    0,000    0,000
11,57   0,00    0,000  553,852
11,57   0,00    0,000    1,198   0,000   1,198
11,57   0,00    0,000    1,197   0,000   1,197

11,58   0,00    1,198    1,197   0,007   1,076   0,009   0,001   0,095   0,002   0,000   0,008   0,000 11390230000
11,58   4,89  609,595
11,58   0,00    0,000    0,000
11,58   0,00    0,000  553,801
11,58   0,00    0,000    1,198   0,000   1,198
11,58   0,00    0,000    1,197   0,000   1,197

11,59   0,00    1,198    1,197   0,007   1,076   0,009   0,001   0,095   0,002   0,000   0,008   0,000 11400070000
11,59   4,89  609,541
11,59   0,00    0,000    0,000
11,59   0,00    0,000  553,751
11,59   0,00    0,000    1,198   0,000   1,198
11,59   0,00    0,000    1,197   0,000   1,197

11,60   0,00    1,198    1,197   0,007   1,076   0,009   0,001   0,095   0,002   0,000   0,008   0,000 11409900000
11,60   4,88  609,487
11,60   0,00    0,000    0,000
11,60   0,00    0,000  553,701
11,60   0,00    0,000    1,198   0,000   1,198
11,60   0,00    0,000    1,197   0,000   1,197

11,61   0,00    1,198    1,197   0,007   1,077   0,009   0,001   0,095   0,002   0,000   0,008   0,000 11419740000
11,61   4,88  609,433
11,61   0,00    0,000    0,000
11,61   0,00    0,000  553,650
11,61   0,00    0,000    1,198   0,000   1,198
11,61   0,00    0,000    1,197   0,000   1,197

11,62   0,00    1,198    1,197   0,007   1,077   0,009   0,001   0,095   0,002   0,000   0,008   0,000 11429580000
11,62   4,88  609,379
11,62   0,00    0,000    0,000
11,62   0,00    0,000  553,600
11,62   0,00    0,000    1,198   0,000   1,198
11,62   0,00    0,000    1,197   0,000   1,197

11,63   0,00    1,198    1,197   0,007   1,077   0,009   0,001   0,095   0,002   0,000   0,008   0,000 11439410000
11,63   4,88  609,325
11,63   0,00    0,000    0,000
11,63   0,00    0,000  553,549
11,63   0,00    0,000    1,198   0,000   1,198
11,63   0,00    0,000    1,197   0,000   1,197

11,64   0,00    1,198    1,197   0,007   1,077   0,009   0,001   0,095   0,002   0,000   0,008   0,000 11449250000
11,64   4,88  609,271
11,64   0,00    0,000    0,000
11,64   0,00    0,000  553,498
11,64   0,00    0,000    1,198   0,000   1,198
11,64   0,00    0,000    1,197   0,000   1,197

11,65   0,00    1,198    1,197   0,007   1,077   0,009   0,001   0,095   0,002   0,000   0,008   0,000 11459080000
11,65   4,88  609,217
11,65   0,00    0,000    0,000
11,65   0,00    0,000  553,447
11,65   0,00    0,000    1,198   0,000   1,198
11,65   0,00    0,000    1,197   0,000   1,197

11,66   0,00    1,198    1,197   0,007   1,077   0,009   0,001   0,095   0,002   0,000   0,008   0,000 11468920000
11,66   4,88  609,163
11,66   0,00    0,000    0,000
11,66   0,00    0,000  553,396
11,66   0,00    0,000    1,198   0,000   1,198
11,66   0,00    0,000    1,197   0,000   1,197

11,67   0,00    1,198    1,197   0,007   1,077   0,009   0,001   0,095   0,002   0,000   0,008   0,000 11478760000
11,67   4,88  609,108
11,67   0,00    0,000    0,000
11,67   0,00    0,000  553,345
11,67   0,00    0,000    1,198   0,000   1,198
11,67   0,00    0,000    1,197   0,000   1,197

11,68   0,00    1,198    1,197   0,007   1,077   0,009   0,001   0,095   0,002   0,000   0,008   0,000 11488590000
11,68   4,88  609,054
11,68   0,00    0,000    0,000
11,68   0,00    0,000  553,293
11,68   0,00    0,000    1,198   0,000   1,198
11,68   0,00    0,000    1,197   0,000   1,197

11,69   0,00    1,198    1,197   0,007   1,077   0,009   0,001   0,095   0,002   0,000   0,008   0,000 11498430000
11,69   4,88  608,999
11,69   0,00    0,000    0,000
11,69   0,00    0,000  553,242
11,69   0,00    0,000    1,198   0,000   1,198
11,69   0,00    0,000    1,197   0,000   1,197

11,70   0,00    1,198    1,197   0,007   1,077   0,009   0,001   0,095   0,002   0,000   0,008   0,000 11508260000
11,70   4,87  608,945
11,70   0,00    0,000    0,000
11,70   0,00    0,000  553,190
11,70   0,00    0,000    1,198   0,000   1,198
11,70   0,00    0,000    1,197   0,000   1,197

11,71   0,00    1,198    1,197   0,007   1,077   0,009   0,001   0,095   0,002   0,000   0,008   0,000 11518100000
11,71   4,87  608,890
11,71   0,00    0,000    0,000
11,71   0,00    0,000  553,138
11,71   0,00    0,000    1,198   0,000   1,198
11,71   0,00    0,000    1,197   0,000   1,197

11,72   0,00    1,198    1,197   0,007   1,077   0,009   0,001   0,095   0,002   0,000   0,008   0,000 11527940000
11,72   4,87  608,836
11,72   0,00    0,000    0,000
11,72   0,00    0,000  553,086
11,72   0,00    0,000    1,198   0,000   1,198
11,72   0,00    0,000    1,197   0,000   1,197

11,73   0,00    1,198    1,197   0,007   1,077   0,009   0,001   0,095   0,002   0,000   0,008   0,000 11537770000
11,73   4,87  608,781
11,73   0,00    0,000    0,000
11,73   0,00    0,000  553,034
11,73   0,00    0,000    1,198   0,000   1,198
11,73   0,00    0,000    1,197   0,000   1,197

11,74   0,00    1,198    1,197   0,007   1,077   0,009   0,001   0,095   0,002   0,000   0,008   0,000 11547610000
11,74   4,87  608,726
11,74   0,00    0,000    0,000
11,74   0,00    0,000  552,982
11,74   0,00    0,000    1,198   0,000   1,198
11,74   0,00    0,000    1,197   0,000   1,197

11,75   0,00    1,198    1,197   0,007   1,077   0,009   0,001   0,095   0,002   0,000   0,008   0,000 11557440000
11,75   4,87  608,671
11,75   0,00    0,000    0,000
11,75   0,00    0,000  552,930
11,75   0,00    0,000    1,198   0,000   1,198
11,75   0,00    0,000    1,197   0,000   1,197

11,76   0,00    1,198    1,197   0,007   1,077   0,009   0,001   0,095   0,002   0,000   0,008   0,000 11567280000
11,76   4,87  608,617
11,76   0,00    0,000    0,000
11,76   0,00    0,000  552,878
11,76   0,00    0,000    1,198   0,000   1,198
11,76   0,00    0,000    1,197   0,000   1,197

11,77   0,00    1,198    1,197   0,007   1,077   0,009   0,001   0,095   0,002   0,000   0,008   0,000 11577120000
11,77   4,87  608,562
11,77   0,00    0,000    0,000
11,77   0,00    0,000  552,825
11,77   0,00    0,000    1,198   0,000   1,198
11,77   0,00    0,000    1,197   0,000   1,197

11,78   0,00    1,198    1,197   0,007   1,077   0,009   0,001   0,095   0,002   0,000   0,008   0,000 11586950000
11,78   4,87  608,507
11,78   0,00    0,000    0,000
11,78   0,00    0,000  552,773
11,78   0,00    0,000    1,198   0,000   1,198
11,78   0,00    0,000    1,197   0,000   1,197

11,79   0,00    1,198    1,197   0,007   1,077   0,009   0,001   0,095   0,002   0,000   0,008   0,000 11596790000
11,79   4,87  608,452
11,79   0,00    0,000    0,000
11,79   0,00    0,000  552,720
11,79   0,00    0,000    1,198   0,000   1,198
11,79   0,00    0,000    1,197   0,000   1,197

11,80   0,00    1,198    1,197   0,007   1,077   0,009   0,001   0,095   0,002   0,000   0,008   0,000 11606630000
11,80   4,87  608,397
11,80   0,00    0,000    0,000
11,80   0,00    0,000  552,667
11,80   0,00    0,000    1,198   0,000   1,198
11,80   0,00    0,000    1,197   0,000   1,197

11,81   0,00    1,198    1,197   0,007   1,077   0,009   0,001   0,095   0,002   0,000   0,008   0,000 11616460000
11,81   4,86  608,341
11,81   0,00    0,000    0,000
11,81   0,00    0,000  552,614
11,81   0,00    0,000    1,198   0,000   1,198
11,81   0,00    0,000    1,197   0,000   1,197

11,82   0,00    1,198    1,197   0,007   1,077   0,009   0,001   0,095   0,002   0,000   0,008   0,000 11626300000
11,82   4,86  608,286
11,82   0,00    0,000    0,000
11,82   0,00    0,000  552,561
11,82   0,00    0,000    1,198   0,000   1,198
11,82   0,00    0,000    1,197   0,000   1,197

11,83   0,00    1,198    1,197   0,007   1,077   0,009   0,001   0,095   0,002   0,000   0,008   0,000 11636130000
11,83   4,86  608,231
11,83   0,00    0,000    0,000
11,83   0,00    0,000  552,508
11,83   0,00    0,000    1,198   0,000   1,198
11,83   0,00    0,000    1,197   0,000   1,197

11,84   0,00    1,198    1,197   0,007   1,077   0,009   0,001   0,095   0,002   0,000   0,008   0,000 11645970000
11,84   4,86  608,176
11,84   0,00    0,000    0,000
11,84   0,00    0,000  552,455
11,84   0,00    0,000    1,198   0,000   1,198
11,84   0,00    0,000    1,197   0,000   1,197

11,85   0,00    1,198    1,197   0,007   1,077   0,009   0,001   0,095   0,002   0,000   0,008   0,000 11655810000
11,85   4,86  608,120
11,85   0,00    0,000    0,000
11,85   0,00    0,000  552,402
11,85   0,00    0,000    1,198   0,000   1,198
11,85   0,00    0,000    1,197   0,000   1,197

11,86   0,00    1,198    1,197   0,007   1,077   0,009   0,001   0,095   0,002   0,000   0,008   0,000 11665640000
11,86   4,86  608,065
11,86   0,00    0,000    0,000
11,86   0,00    0,000  552,348
11,86   0,00    0,000    1,198   0,000   1,198
11,86   0,00    0,000    1,197   0,000   1,197

11,87   0,00    1,198    1,197   0,007   1,077   0,009   0,001   0,095   0,002   0,000   0,008   0,000 11675480000
11,87   4,86  608,010
11,87   0,00    0,000    0,000
11,87   0,00    0,000  552,295
11,87   0,00    0,000    1,198   0,000   1,198
11,87   0,00    0,000    1,197   0,000   1,197

11,88   0,00    1,198    1,197   0,007   1,077   0,009   0,001   0,095   0,002   0,000   0,008   0,000 11685310000
11,88   4,86  607,954
11,88   0,00    0,000    0,000
11,88   0,00    0,000  552,241
11,88   0,00    0,000    1,198   0,000   1,198
11,88   0,00    0,000    1,197   0,000   1,197

11,89   0,00    1,198    1,197   0,007   1,077   0,009   0,001   0,095   0,002   0,000   0,008   0,000 11695150000
11,89   4,86  607,898
11,89   0,00    0,000    0,000
11,89   0,00    0,000  552,187
11,89   0,00    0,000    1,198   0,000   1,198
11,89   0,00    0,000    1,197   0,000   1,197

11,90   0,00    1,198    1,197   0,007   1,077   0,009   0,001   0,095   0,002   0,000   0,008   0,000 11704990000
11,90   4,86  607,843
11,90   0,00    0,000    0,000
11,90   0,00    0,000  552,133
11,90   0,00    0,000    1,198   0,000   1,198
11,90   0,00    0,000    1,197   0,000   1,197

11,91   0,00    1,198    1,197   0,007   1,077   0,009   0,001   0,095   0,002   0,000   0,008   0,000 11714820000
11,91   4,85  607,787
11,91   0,00    0,000    0,000
11,91   0,00    0,000  552,079
11,91   0,00    0,000    1,198   0,000   1,198
11,91   0,00    0,000    1,197   0,000   1,197

11,92   0,00    1,198    1,197   0,007   1,077   0,009   0,001   0,095   0,002   0,000   0,008   0,000 11724660000
11,92   4,85  607,732
11,92   0,00    0,000    0,000
11,92   0,00    0,000  552,025
11,92   0,00    0,000    1,198   0,000   1,198
11,92   0,00    0,000    1,197   0,000   1,197

11,93   0,00    1,198    1,197   0,007   1,077   0,009   0,001   0,095   0,002   0,000   0,008   0,000 11734500000
11,93   4,85  607,676
11,93   0,00    0,000    0,000
11,93   0,00    0,000  551,971
11,93   0,00    0,000    1,198   0,000   1,198
11,93   0,00    0,000    1,197   0,000   1,197

11,94   0,00    1,198    1,197   0,007   1,077   0,009   0,001   0,095   0,002   0,000   0,008   0,000 11744330000
11,94   4,85  607,620
11,94   0,00    0,000    0,000
11,94   0,00    0,000  551,916
11,94   0,00    0,000    1,198   0,000   1,198
11,94   0,00    0,000    1,197   0,000   1,197

11,95   0,00    1,198    1,197   0,007   1,077   0,009   0,001   0,095   0,002   0,000   0,008   0,000 11754170000
11,95   4,85  607,564
11,95   0,00    0,000    0,000
11,95   0,00    0,000  551,862
11,95   0,00    0,000    1,198   0,000   1,198
11,95   0,00    0,000    1,197   0,000   1,197

11,96   0,00    1,198    1,197   0,007   1,077   0,009   0,001   0,095   0,002   0,000   0,008   0,000 11764000000
11,96   4,85  607,508
11,96   0,00    0,000    0,000
11,96   0,00    0,000  551,807
11,96   0,00    0,000    1,198   0,000   1,198
11,96   0,00    0,000    1,197   0,000   1,197

11,97   0,00    1,198    1,197   0,007   1,077   0,009   0,001   0,095   0,002   0,000   0,008   0,000 11773840000
11,97   4,85  607,452
11,97   0,00    0,000    0,000
11,97   0,00    0,000  551,753
11,97   0,00    0,000    1,198   0,000   1,198
11,97   0,00    0,000    1,197   0,000   1,197

11,98   0,00    1,198    1,197   0,007   1,077   0,009   0,001   0,095   0,002   0,000   0,008   0,000 11783680000
11,98   4,85  607,396
11,98   0,00    0,000    0,000
11,98   0,00    0,000  551,698
11,98   0,00    0,000    1,198   0,000   1,198
11,98   0,00    0,000    1,197   0,000   1,197

11,99   0,00    1,198    1,197   0,007   1,077   0,009   0,001   0,095   0,002   0,000   0,008   0,000 11793510000
11,99   4,85  607,340
11,99   0,00    0,000    0,000
11,99   0,00    0,000  551,643
11,99   0,00    0,000    1,198   0,000   1,198
11,99   0,00    0,000    1,197   0,000   1,197

12,00   0,00    1,198    1,197   0,007   1,077   0,009   0,001   0,095   0,002   0,000   0,008   0,000 11803350000
12,00   4,85  607,284
12,00   0,00    0,000    0,000
12,00   0,00    0,000  551,588
12,00   0,00    0,000    1,198   0,000   1,198
12,00   0,00    0,000    1,197   0,000   1,197

12,01   0,00    1,198    1,197   0,007   1,077   0,009   0,001   0,095   0,002   0,000   0,008   0,000 11813180000
12,01   4,84  607,228
12,01   0,00    0,000    0,000
12,01   0,00    0,000  551,533
12,01   0,00    0,000    1,198   0,000   1,198
12,01   0,00    0,000    1,197   0,000   1,197

12,02   0,00    1,198    1,197   0,007   1,077   0,009   0,001   0,095   0,002   0,000   0,008   0,000 11823020000
12,02   4,84  607,172
12,02   0,00    0,000    0,000
12,02   0,00    0,000  551,478
12,02   0,00    0,000    1,198   0,000   1,198
12,02   0,00    0,000    1,197   0,000   1,197

12,03   0,00    1,198    1,197   0,007   1,077   0,009   0,001   0,095   0,002   0,000   0,008   0,000 11832860000
12,03   4,84  607,116
12,03   0,00    0,000    0,000
12,03   0,00    0,000  551,423
12,03   0,00    0,000    1,198   0,000   1,198
12,03   0,00    0,000    1,197   0,000   1,197

12,04   0,00    1,198    1,197   0,007   1,077   0,009   0,001   0,095   0,002   0,000   0,008   0,000 11842690000
12,04   4,84  607,059
12,04   0,00    0,000    0,000
12,04   0,00    0,000  551,367
12,04   0,00    0,000    1,198   0,000   1,198
12,04   0,00    0,000    1,197   0,000   1,197

12,05   0,00    1,198    1,197   0,007   1,077   0,009   0,001   0,095   0,002   0,000   0,008   0,000 11852530000
12,05   4,84  607,003
12,05   0,00    0,000    0,000
12,05   0,00    0,000  551,312
12,05   0,00    0,000    1,198   0,000   1,198
12,05   0,00    0,000    1,197   0,000   1,197

12,06   0,00    1,198    1,197   0,007   1,077   0,009   0,001   0,095   0,002   0,000   0,008   0,000 11862370000
12,06   4,84  606,947
12,06   0,00    0,000    0,000
12,06   0,00    0,000  551,256
12,06   0,00    0,000    1,198   0,000   1,198
12,06   0,00    0,000    1,197   0,000   1,197

12,07   0,00    1,198    1,197   0,007   1,077   0,009   0,001   0,095   0,002   0,000   0,008   0,000 11872200000
12,07   4,84  606,890
12,07   0,00    0,000    0,000
12,07   0,00    0,000  551,200
12,07   0,00    0,000    1,198   0,000   1,198
12,07   0,00    0,000    1,197   0,000   1,197

12,08   0,00    1,198    1,197   0,007   1,077   0,009   0,001   0,095   0,002   0,000   0,008   0,000 11882040000
12,08   4,84  606,834
12,08   0,00    0,000    0,000
12,08   0,00    0,000  551,145
12,08   0,00    0,000    1,198   0,000   1,198
12,08   0,00    0,000    1,197   0,000   1,197

12,09   0,00    1,198    1,197   0,007   1,077   0,009   0,001   0,095   0,002   0,000   0,008   0,000 11891870000
12,09   4,84  606,777
12,09   0,00    0,000    0,000
12,09   0,00    0,000  551,089
12,09   0,00    0,000    1,198   0,000   1,198
12,09   0,00    0,000    1,197   0,000   1,197

12,10   0,00    1,198    1,197   0,007   1,077   0,009   0,001   0,095   0,002   0,000   0,008   0,000 11901710000
12,10   4,84  606,721
12,10   0,00    0,000    0,000
12,10   0,00    0,000  551,033
12,10   0,00    0,000    1,198   0,000   1,198
12,10   0,00    0,000    1,197   0,000   1,197

12,11   0,00    1,198    1,197   0,007   1,077   0,009   0,001   0,095   0,002   0,000   0,008   0,000 11911540000
12,11   4,83  606,664
12,11   0,00    0,000    0,000
12,11   0,00    0,000  550,977
12,11   0,00    0,000    1,198   0,000   1,198
12,11   0,00    0,000    1,197   0,000   1,197

12,12   0,00    1,198    1,197   0,007   1,077   0,009   0,001   0,095   0,002   0,000   0,008   0,000 11921380000
12,12   4,83  606,608
12,12   0,00    0,000    0,000
12,12   0,00    0,000  550,921
12,12   0,00    0,000    1,198   0,000   1,198
12,12   0,00    0,000    1,197   0,000   1,197

12,13   0,00    1,198    1,197   0,007   1,077   0,009   0,001   0,095   0,002   0,000   0,008   0,000 11931220000
12,13   4,83  606,551
12,13   0,00    0,000    0,000
12,13   0,00    0,000  550,864
12,13   0,00    0,000    1,198   0,000   1,198
12,13   0,00    0,000    1,197   0,000   1,197

12,14   0,00    1,198    1,197   0,007   1,077   0,009   0,001   0,095   0,002   0,000   0,008   0,000 11941050000
12,14   4,83  606,494
12,14   0,00    0,000    0,000
12,14   0,00    0,000  550,808
12,14   0,00    0,000    1,198   0,000   1,198
12,14   0,00    0,000    1,197   0,000   1,197

12,15   0,00    1,198    1,197   0,007   1,077   0,008   0,001   0,095   0,002   0,000   0,008   0,000 11950890000
12,15   4,83  606,437
12,15   0,00    0,000    0,000
12,15   0,00    0,000  550,751
12,15   0,00    0,000    1,198   0,000   1,198
12,15   0,00    0,000    1,197   0,000   1,197

12,16   0,00    1,198    1,197   0,007   1,077   0,008   0,001   0,095   0,002   0,000   0,008   0,000 11960730000
12,16   4,83  606,381
12,16   0,00    0,000    0,000
12,16   0,00    0,000  550,695
12,16   0,00    0,000    1,198   0,000   1,198
12,16   0,00    0,000    1,197   0,000   1,197

12,17   0,00    1,198    1,197   0,007   1,077   0,008   0,001   0,095   0,002   0,000   0,008   0,000 11970560000
12,17   4,83  606,324
12,17   0,00    0,000    0,000
12,17   0,00    0,000  550,638
12,17   0,00    0,000    1,198   0,000   1,198
12,17   0,00    0,000    1,197   0,000   1,197

12,18   0,00    1,198    1,197   0,007   1,077   0,008   0,001   0,095   0,002   0,000   0,008   0,000 11980400000
12,18   4,83  606,267
12,18   0,00    0,000    0,000
12,18   0,00    0,000  550,581
12,18   0,00    0,000    1,198   0,000   1,198
12,18   0,00    0,000    1,197   0,000   1,197

12,19   0,00    1,198    1,197   0,007   1,077   0,008   0,001   0,095   0,002   0,000   0,008   0,000 11990230000
12,19   4,83  606,210
12,19   0,00    0,000    0,000
12,19   0,00    0,000  550,525
12,19   0,00    0,000    1,198   0,000   1,198
12,19   0,00    0,000    1,197   0,000   1,197

12,20   0,00    1,198    1,197   0,007   1,077   0,008   0,001   0,095   0,002   0,000   0,008   0,000 12000070000
12,20   4,83  606,153
12,20   0,00    0,000    0,000
12,20   0,00    0,000  550,468
12,20   0,00    0,000    1,198   0,000   1,198
12,20   0,00    0,000    1,197   0,000   1,197

12,21   0,00    1,198    1,197   0,007   1,077   0,008   0,001   0,095   0,002   0,000   0,008   0,000 12009910000
12,21   4,82  606,096
12,21   0,00    0,000    0,000
12,21   0,00    0,000  550,411
12,21   0,00    0,000    1,198   0,000   1,198
12,21   0,00    0,000    1,197   0,000   1,197

12,22   0,00    1,198    1,197   0,007   1,077   0,008   0,001   0,095   0,002   0,000   0,008   0,000 12019740000
12,22   4,82  606,039
12,22   0,00    0,000    0,000
12,22   0,00    0,000  550,353
12,22   0,00    0,000    1,198   0,000   1,198
12,22   0,00    0,000    1,197   0,000   1,197

12,23   0,00    1,198    1,197   0,007   1,077   0,008   0,001   0,095   0,002   0,000   0,008   0,000 12029580000
12,23   4,82  605,982
12,23   0,00    0,000    0,000
12,23   0,00    0,000  550,296
12,23   0,00    0,000    1,198   0,000   1,198
12,23   0,00    0,000    1,197   0,000   1,197

12,24   0,00    1,198    1,197   0,007   1,077   0,008   0,001   0,095   0,002   0,000   0,008   0,000 12039410000
12,24   4,82  605,924
12,24   0,00    0,000    0,000
12,24   0,00    0,000  550,239
12,24   0,00    0,000    1,198   0,000   1,198
12,24   0,00    0,000    1,197   0,000   1,197

12,25   0,00    1,198    1,197   0,007   1,077   0,008   0,001   0,095   0,002   0,000   0,008   0,000 12049250000
12,25   4,82  605,867
12,25   0,00    0,000    0,000
12,25   0,00    0,000  550,182
12,25   0,00    0,000    1,198   0,000   1,198
12,25   0,00    0,000    1,197   0,000   1,197

12,26   0,00    1,197    1,197   0,007   1,077   0,008   0,001   0,095   0,002   0,000   0,008   0,000 12059090000
12,26   4,82  605,810
12,26   0,00    0,000    0,000
12,26   0,00    0,000  550,124
12,26   0,00    0,000    1,197   0,000   1,197
12,26   0,00    0,000    1,197   0,000   1,197

12,27   0,00    1,197    1,197   0,007   1,077   0,008   0,001   0,095   0,002   0,000   0,008   0,000 12068920000
12,27   4,82  605,753
12,27   0,00    0,000    0,000
12,27   0,00    0,000  550,066
12,27   0,00    0,000    1,197   0,000   1,197
12,27   0,00    0,000    1,197   0,000   1,197

12,28   0,00    1,197    1,197   0,007   1,077   0,008   0,001   0,095   0,002   0,000   0,008   0,000 12078760000
12,28   4,82  605,696
12,28   0,00    0,000    0,000
12,28   0,00    0,000  550,009
12,28   0,00    0,000    1,197   0,000   1,197
12,28   0,00    0,000    1,197   0,000   1,197

12,29   0,00    1,197    1,197   0,007   1,077   0,008   0,001   0,095   0,002   0,000   0,008   0,000 12088600000
12,29   4,82  605,638
12,29   0,00    0,000    0,000
12,29   0,00    0,000  549,951
12,29   0,00    0,000    1,197   0,000   1,197
12,29   0,00    0,000    1,197   0,000   1,197

12,30   0,00    1,197    1,197   0,007   1,077   0,008   0,001   0,095   0,002   0,000   0,008   0,000 12098430000
12,30   4,82  605,581
12,30   0,00    0,000    0,000
12,30   0,00    0,000  549,893
12,30   0,00    0,000    1,197   0,000   1,197
12,30   0,00    0,000    1,197   0,000   1,197

12,31   0,00    1,197    1,197   0,007   1,077   0,008   0,001   0,095   0,002   0,000   0,008   0,000 12108270000
12,31   4,81  605,523
12,31   0,00    0,000    0,000
12,31   0,00    0,000  549,835
12,31   0,00    0,000    1,197   0,000   1,197
12,31   0,00    0,000    1,197   0,000   1,197

12,32   0,00    1,197    1,197   0,007   1,077   0,008   0,001   0,095   0,002   0,000   0,008   0,000 12118100000
12,32   4,81  605,466
12,32   0,00    0,000    0,000
12,32   0,00    0,000  549,777
12,32   0,00    0,000    1,197   0,000   1,197
12,32   0,00    0,000    1,197   0,000   1,197

12,33   0,00    1,197    1,197   0,007   1,077   0,008   0,001   0,095   0,002   0,000   0,008   0,000 12127940000
12,33   4,81  605,408
12,33   0,00    0,000    0,000
12,33   0,00    0,000  549,719
12,33   0,00    0,000    1,197   0,000   1,197
12,33   0,00    0,000    1,197   0,000   1,197

12,34   0,00    1,197    1,197   0,007   1,077   0,008   0,001   0,095   0,002   0,000   0,008   0,000 12137780000
12,34   4,81  605,351
12,34   0,00    0,000    0,000
12,34   0,00    0,000  549,661
12,34   0,00    0,000    1,197   0,000   1,197
12,34   0,00    0,000    1,197   0,000   1,197

12,35   0,00    1,197    1,197   0,007   1,077   0,008   0,001   0,095   0,002   0,000   0,008   0,000 12147610000
12,35   4,81  605,293
12,35   0,00    0,000    0,000
12,35   0,00    0,000  549,602
12,35   0,00    0,000    1,197   0,000   1,197
12,35   0,00    0,000    1,197   0,000   1,197

12,36   0,00    1,197    1,197   0,007   1,077   0,008   0,001   0,095   0,002   0,000   0,008   0,000 12157450000
12,36   4,81  605,236
12,36   0,00    0,000    0,000
12,36   0,00    0,000  549,544
12,36   0,00    0,000    1,197   0,000   1,197
12,36   0,00    0,000    1,197   0,000   1,197

12,37   0,00    1,197    1,197   0,007   1,077   0,008   0,001   0,095   0,002   0,000   0,008   0,000 12167280000
12,37   4,81  605,178
12,37   0,00    0,000    0,000
12,37   0,00    0,000  549,486
12,37   0,00    0,000    1,197   0,000   1,197
12,37   0,00    0,000    1,197   0,000   1,197

12,38   0,00    1,197    1,197   0,007   1,077   0,008   0,001   0,095   0,002   0,000   0,008   0,000 12177120000
12,38   4,81  605,120
12,38   0,00    0,000    0,000
12,38   0,00    0,000  549,427
12,38   0,00    0,000    1,197   0,000   1,197
12,38   0,00    0,000    1,197   0,000   1,197

12,39   0,00    1,197    1,197   0,007   1,077   0,008   0,001   0,095   0,002   0,000   0,008   0,000 12186960000
12,39   4,81  605,063
12,39   0,00    0,000    0,000
12,39   0,00    0,000  549,368
12,39   0,00    0,000    1,197   0,000   1,197
12,39   0,00    0,000    1,197   0,000   1,197

12,40   0,00    1,197    1,197   0,007   1,077   0,008   0,001   0,095   0,002   0,000   0,008   0,000 12196790000
12,40   4,81  605,005
12,40   0,00    0,000    0,000
12,40   0,00    0,000  549,310
12,40   0,00    0,000    1,197   0,000   1,197
12,40   0,00    0,000    1,197   0,000   1,197

12,41   0,00    1,197    1,197   0,007   1,077   0,008   0,001   0,095   0,002   0,000   0,008   0,000 12206630000
12,41   4,80  604,947
12,41   0,00    0,000    0,000
12,41   0,00    0,000  549,251
12,41   0,00    0,000    1,197   0,000   1,197
12,41   0,00    0,000    1,197   0,000   1,197

12,42   0,00    1,197    1,197   0,007   1,077   0,008   0,001   0,095   0,002   0,000   0,008   0,000 12216470000
12,42   4,80  604,889
12,42   0,00    0,000    0,000
12,42   0,00    0,000  549,192
12,42   0,00    0,000    1,197   0,000   1,197
12,42   0,00    0,000    1,197   0,000   1,197

12,43   0,00    1,197    1,197   0,007   1,077   0,008   0,001   0,095   0,002   0,000   0,008   0,000 12226300000
12,43   4,80  604,831
12,43   0,00    0,000    0,000
12,43   0,00    0,000  549,133
12,43   0,00    0,000    1,197   0,000   1,197
12,43   0,00    0,000    1,197   0,000   1,197

12,44   0,00    1,197    1,197   0,007   1,077   0,008   0,001   0,095   0,002   0,000   0,008   0,000 12236140000
12,44   4,80  604,774
12,44   0,00    0,000    0,000
12,44   0,00    0,000  549,074
12,44   0,00    0,000    1,197   0,000   1,197
12,44   0,00    0,000    1,197   0,000   1,197

12,45   0,00    1,197    1,197   0,007   1,078   0,008   0,001   0,095   0,002   0,000   0,008   0,000 12245970000
12,45   4,80  604,716
12,45   0,00    0,000    0,000
12,45   0,00    0,000  549,015
12,45   0,00    0,000    1,197   0,000   1,197
12,45   0,00    0,000    1,197   0,000   1,197

12,46   0,00    1,197    1,197   0,007   1,078   0,008   0,001   0,095   0,002   0,000   0,008   0,000 12255810000
12,46   4,80  604,658
12,46   0,00    0,000    0,000
12,46   0,00    0,000  548,956
12,46   0,00    0,000    1,197   0,000   1,197
12,46   0,00    0,000    1,197   0,000   1,197

12,47   0,00    1,197    1,197   0,007   1,078   0,008   0,001   0,095   0,002   0,000   0,008   0,000 12265650000
12,47   4,80  604,600
12,47   0,00    0,000    0,000
12,47   0,00    0,000  548,896
12,47   0,00    0,000    1,197   0,000   1,197
12,47   0,00    0,000    1,197   0,000   1,197

12,48   0,00    1,197    1,197   0,007   1,078   0,008   0,001   0,095   0,002   0,000   0,008   0,000 12275480000
12,48   4,80  604,542
12,48   0,00    0,000    0,000
12,48   0,00    0,000  548,837
12,48   0,00    0,000    1,197   0,000   1,197
12,48   0,00    0,000    1,197   0,000   1,197

12,49   0,00    1,197    1,197   0,007   1,078   0,008   0,001   0,095   0,002   0,000   0,008   0,000 12285320000
12,49   4,80  604,484
12,49   0,00    0,000    0,000
12,49   0,00    0,000  548,777
12,49   0,00    0,000    1,197   0,000   1,197
12,49   0,00    0,000    1,197   0,000   1,197

12,50   0,00    1,197    1,197   0,007   1,078   0,008   0,001   0,095   0,002   0,000   0,008   0,000 12295150000
12,50   4,80  604,426
12,50   0,00    0,000    0,000
12,50   0,00    0,000  548,718
12,50   0,00    0,000    1,197   0,000   1,197
12,50   0,00    0,000    1,197   0,000   1,197

12,51   0,00    1,197    1,197   0,007   1,078   0,008   0,001   0,095   0,002   0,000   0,008   0,000 12304990000
12,51   4,79  604,367
12,51   0,00    0,000    0,000
12,51   0,00    0,000  548,658
12,51   0,00    0,000    1,197   0,000   1,197
12,51   0,00    0,000    1,197   0,000   1,197

12,52   0,00    1,197    1,197   0,007   1,078   0,008   0,001   0,095   0,002   0,000   0,008   0,000 12314830000
12,52   4,79  604,309
12,52   0,00    0,000    0,000
12,52   0,00    0,000  548,598
12,52   0,00    0,000    1,197   0,000   1,197
12,52   0,00    0,000    1,197   0,000   1,197

12,53   0,00    1,197    1,197   0,007   1,078   0,008   0,001   0,095   0,002   0,000   0,008   0,000 12324660000
12,53   4,79  604,251
12,53   0,00    0,000    0,000
12,53   0,00    0,000  548,539
12,53   0,00    0,000    1,197   0,000   1,197
12,53   0,00    0,000    1,197   0,000   1,197

12,54   0,00    1,197    1,197   0,007   1,078   0,008   0,001   0,095   0,002   0,000   0,008   0,000 12334500000
12,54   4,79  604,193
12,54   0,00    0,000    0,000
12,54   0,00    0,000  548,479
12,54   0,00    0,000    1,197   0,000   1,197
12,54   0,00    0,000    1,197   0,000   1,197

12,55   0,00    1,197    1,197   0,007   1,078   0,008   0,001   0,095   0,002   0,000   0,008   0,000 12344340000
12,55   4,79  604,135
12,55   0,00    0,000    0,000
12,55   0,00    0,000  548,419
12,55   0,00    0,000    1,197   0,000   1,197
12,55   0,00    0,000    1,197   0,000   1,197

12,56   0,00    1,197    1,197   0,007   1,078   0,008   0,001   0,095   0,002   0,000   0,008   0,000 12354170000
12,56   4,79  604,076
12,56   0,00    0,000    0,000
12,56   0,00    0,000  548,359
12,56   0,00    0,000    1,197   0,000   1,197
12,56   0,00    0,000    1,197   0,000   1,197

12,57   0,00    1,197    1,197   0,007   1,078   0,008   0,001   0,095   0,002   0,000   0,008   0,000 12364010000
12,57   4,79  604,018
12,57   0,00    0,000    0,000
12,57   0,00    0,000  548,299
12,57   0,00    0,000    1,197   0,000   1,197
12,57   0,00    0,000    1,197   0,000   1,197

12,58   0,00    1,197    1,197   0,007   1,078   0,008   0,001   0,095   0,002   0,000   0,008   0,000 12373840000
12,58   4,79  603,960
12,58   0,00    0,000    0,000
12,58   0,00    0,000  548,238
12,58   0,00    0,000    1,197   0,000   1,197
12,58   0,00    0,000    1,197   0,000   1,197

12,59   0,00    1,197    1,197   0,007   1,078   0,008   0,001   0,095   0,002   0,000   0,008   0,000 12383680000
12,59   4,79  603,901
12,59   0,00    0,000    0,000
12,59   0,00    0,000  548,178
12,59   0,00    0,000    1,197   0,000   1,197
12,59   0,00    0,000    1,197   0,000   1,197

12,60   0,00    1,197    1,197   0,007   1,078   0,008   0,001   0,095   0,002   0,000   0,008   0,000 12393520000
12,60   4,79  603,843
12,60   0,00    0,000    0,000
12,60   0,00    0,000  548,118
12,60   0,00    0,000    1,197   0,000   1,197
12,60   0,00    0,000    1,197   0,000   1,197

12,61   0,00    1,197    1,197   0,007   1,078   0,008   0,001   0,095   0,002   0,000   0,008   0,000 12403350000
12,61   4,78  603,784
12,61   0,00    0,000    0,000
12,61   0,00    0,000  548,057
12,61   0,00    0,000    1,197   0,000   1,197
12,61   0,00    0,000    1,197   0,000   1,197

12,62   0,00    1,197    1,197   0,007   1,078   0,008   0,001   0,095   0,002   0,000   0,008   0,000 12413190000
12,62   4,78  603,726
12,62   0,00    0,000    0,000
12,62   0,00    0,000  547,997
12,62   0,00    0,000    1,197   0,000   1,197
12,62   0,00    0,000    1,197   0,000   1,197

12,63   0,00    1,197    1,197   0,007   1,078   0,008   0,001   0,095   0,002   0,000   0,008   0,000 12423020000
12,63   4,78  603,667
12,63   0,00    0,000    0,000
12,63   0,00    0,000  547,936
12,63   0,00    0,000    1,197   0,000   1,197
12,63   0,00    0,000    1,197   0,000   1,197

12,64   0,00    1,197    1,197   0,007   1,078   0,008   0,001   0,095   0,002   0,000   0,008   0,000 12432860000
12,64   4,78  603,609
12,64   0,00    0,000    0,000
12,64   0,00    0,000  547,876
12,64   0,00    0,000    1,197   0,000   1,197
12,64   0,00    0,000    1,197   0,000   1,197

12,65   0,00    1,197    1,197   0,007   1,078   0,008   0,001   0,095   0,002   0,000   0,008   0,000 12442700000
12,65   4,78  603,550
12,65   0,00    0,000    0,000
12,65   0,00    0,000  547,815
12,65   0,00    0,000    1,197   0,000   1,197
12,65   0,00    0,000    1,197   0,000   1,197

12,66   0,00    1,197    1,197   0,007   1,078   0,008   0,001   0,095   0,002   0,000   0,008   0,000 12452530000
12,66   4,78  603,492
12,66   0,00    0,000    0,000
12,66   0,00    0,000  547,754
12,66   0,00    0,000    1,197   0,000   1,197
12,66   0,00    0,000    1,197   0,000   1,197

12,67   0,00    1,197    1,197   0,007   1,078   0,008   0,001   0,095   0,002   0,000   0,008   0,000 12462370000
12,67   4,78  603,433
12,67   0,00    0,000    0,000
12,67   0,00    0,000  547,693
12,67   0,00    0,000    1,197   0,000   1,197
12,67   0,00    0,000    1,197   0,000   1,197

12,68   0,00    1,197    1,197   0,007   1,078   0,008   0,001   0,095   0,002   0,000   0,008   0,000 12472210000
12,68   4,78  603,374
12,68   0,00    0,000    0,000
12,68   0,00    0,000  547,632
12,68   0,00    0,000    1,197   0,000   1,197
12,68   0,00    0,000    1,197   0,000   1,197

12,69   0,00    1,197    1,197   0,007   1,078   0,008   0,001   0,095   0,002   0,000   0,008   0,000 12482040000
12,69   4,78  603,316
12,69   0,00    0,000    0,000
12,69   0,00    0,000  547,571
12,69   0,00    0,000    1,197   0,000   1,197
12,69   0,00    0,000    1,197   0,000   1,197

12,70   0,00    1,197    1,197   0,007   1,078   0,008   0,001   0,095   0,002   0,000   0,008   0,000 12491880000
12,70   4,77  603,257
12,70   0,00    0,000    0,000
12,70   0,00    0,000  547,510
12,70   0,00    0,000    1,197   0,000   1,197
12,70   0,00    0,000    1,197   0,000   1,197

12,71   0,00    1,197    1,197   0,007   1,078   0,008   0,001   0,095   0,002   0,000   0,008   0,000 12501710000
12,71   4,77  603,198
12,71   0,00    0,000    0,000
12,71   0,00    0,000  547,449
12,71   0,00    0,000    1,197   0,000   1,197
12,71   0,00    0,000    1,197   0,000   1,197

12,72   0,00    1,197    1,197   0,007   1,078   0,008   0,001   0,095   0,002   0,000   0,008   0,000 12511550000
12,72   4,77  603,139
12,72   0,00    0,000    0,000
12,72   0,00    0,000  547,388
12,72   0,00    0,000    1,197   0,000   1,197
12,72   0,00    0,000    1,197   0,000   1,197

12,73   0,00    1,197    1,197   0,007   1,078   0,008   0,001   0,095   0,002   0,000   0,008   0,000 12521380000
12,73   4,77  603,081
12,73   0,00    0,000    0,000
12,73   0,00    0,000  547,326
12,73   0,00    0,000    1,197   0,000   1,197
12,73   0,00    0,000    1,197   0,000   1,197

12,74   0,00    1,197    1,197   0,007   1,078   0,008   0,001   0,095   0,002   0,000   0,008   0,000 12531220000
12,74   4,77  603,022
12,74   0,00    0,000    0,000
12,74   0,00    0,000  547,265
12,74   0,00    0,000    1,197   0,000   1,197
12,74   0,00    0,000    1,197   0,000   1,197

12,75   0,00    1,197    1,197   0,007   1,078   0,008   0,001   0,095   0,002   0,000   0,008   0,000 12541060000
12,75   4,77  602,963
12,75   0,00    0,000    0,000
12,75   0,00    0,000  547,203
12,75   0,00    0,000    1,197   0,000   1,197
12,75   0,00    0,000    1,197   0,000   1,197

12,76   0,00    1,197    1,197   0,007   1,078   0,008   0,001   0,095   0,002   0,000   0,008   0,000 12550890000
12,76   4,77  602,904
12,76   0,00    0,000    0,000
12,76   0,00    0,000  547,142
12,76   0,00    0,000    1,197   0,000   1,197
12,76   0,00    0,000    1,197   0,000   1,197

12,77   0,00    1,197    1,197   0,007   1,078   0,008   0,001   0,095   0,002   0,000   0,008   0,000 12560730000
12,77   4,77  602,845
12,77   0,00    0,000    0,000
12,77   0,00    0,000  547,080
12,77   0,00    0,000    1,197   0,000   1,197
12,77   0,00    0,000    1,197   0,000   1,197

12,78   0,00    1,197    1,197   0,007   1,078   0,008   0,001   0,095   0,002   0,000   0,008   0,000 12570570000
12,78   4,77  602,786
12,78   0,00    0,000    0,000
12,78   0,00    0,000  547,019
12,78   0,00    0,000    1,197   0,000   1,197
12,78   0,00    0,000    1,197   0,000   1,197

12,79   0,00    1,197    1,197   0,007   1,078   0,008   0,001   0,095   0,002   0,000   0,008   0,000 12580400000
12,79   4,77  602,727
12,79   0,00    0,000    0,000
12,79   0,00    0,000  546,957
12,79   0,00    0,000    1,197   0,000   1,197
12,79   0,00    0,000    1,197   0,000   1,197

12,80   0,00    1,197    1,197   0,007   1,078   0,008   0,001   0,095   0,002   0,000   0,008   0,000 12590240000
12,80   4,76  602,668
12,80   0,00    0,000    0,000
12,80   0,00    0,000  546,895
12,80   0,00    0,000    1,197   0,000   1,197
12,80   0,00    0,000    1,197   0,000   1,197

12,81   0,00    1,197    1,197   0,007   1,078   0,008   0,001   0,095   0,002   0,000   0,008   0,000 12600070000
12,81   4,76  602,609
12,81   0,00    0,000    0,000
12,81   0,00    0,000  546,833
12,81   0,00    0,000    1,197   0,000   1,197
12,81   0,00    0,000    1,197   0,000   1,197

12,82   0,00    1,197    1,197   0,007   1,078   0,008   0,001   0,095   0,002   0,000   0,008   0,000 12609910000
12,82   4,76  602,550
12,82   0,00    0,000    0,000
12,82   0,00    0,000  546,771
12,82   0,00    0,000    1,197   0,000   1,197
12,82   0,00    0,000    1,197   0,000   1,197

12,83   0,00    1,197    1,197   0,007   1,078   0,008   0,001   0,095   0,002   0,000   0,008   0,000 12619750000
12,83   4,76  602,491
12,83   0,00    0,000    0,000
12,83   0,00    0,000  546,709
12,83   0,00    0,000    1,197   0,000   1,197
12,83   0,00    0,000    1,197   0,000   1,197

12,84   0,00    1,197    1,197   0,007   1,078   0,008   0,001   0,095   0,002   0,000   0,008   0,000 12629580000
12,84   4,76  602,432
12,84   0,00    0,000    0,000
12,84   0,00    0,000  546,647
12,84   0,00    0,000    1,197   0,000   1,197
12,84   0,00    0,000    1,197   0,000   1,197

12,85   0,00    1,197    1,197   0,007   1,078   0,008   0,001   0,095   0,002   0,000   0,008   0,000 12639420000
12,85   4,76  602,373
12,85   0,00    0,000    0,000
12,85   0,00    0,000  546,585
12,85   0,00    0,000    1,197   0,000   1,197
12,85   0,00    0,000    1,197   0,000   1,197

12,86   0,00    1,197    1,197   0,007   1,078   0,008   0,001   0,095   0,002   0,000   0,008   0,000 12649250000
12,86   4,76  602,314
12,86   0,00    0,000    0,000
12,86   0,00    0,000  546,523
12,86   0,00    0,000    1,197   0,000   1,197
12,86   0,00    0,000    1,197   0,000   1,197

12,87   0,00    1,197    1,197   0,007   1,078   0,008   0,001   0,095   0,002   0,000   0,008   0,000 12659090000
12,87   4,76  602,255
12,87   0,00    0,000    0,000
12,87   0,00    0,000  546,460
12,87   0,00    0,000    1,197   0,000   1,197
12,87   0,00    0,000    1,197   0,000   1,197

12,88   0,00    1,197    1,196   0,007   1,078   0,008   0,001   0,095   0,002   0,000   0,008   0,000 12668930000
12,88   4,76  602,195
12,88   0,00    0,000    0,000
12,88   0,00    0,000  546,398
12,88   0,00    0,000    1,197   0,000   1,197
12,88   0,00    0,000    1,196   0,000   1,196

12,89   0,00    1,197    1,196   0,007   1,078   0,008   0,001   0,095   0,002   0,000   0,008   0,000 12678760000
12,89   4,76  602,136
12,89   0,00    0,000    0,000
12,89   0,00    0,000  546,336
12,89   0,00    0,000    1,197   0,000   1,197
12,89   0,00    0,000    1,196   0,000   1,196

12,90   0,00    1,197    1,196   0,007   1,078   0,008   0,001   0,095   0,002   0,000   0,008   0,000 12688600000
12,90   4,75  602,077
12,90   0,00    0,000    0,000
12,90   0,00    0,000  546,273
12,90   0,00    0,000    1,197   0,000   1,197
12,90   0,00    0,000    1,196   0,000   1,196

12,91   0,00    1,197    1,196   0,007   1,078   0,008   0,001   0,095   0,002   0,000   0,008   0,000 12698440000
12,91   4,75  602,018
12,91   0,00    0,000    0,000
12,91   0,00    0,000  546,211
12,91   0,00    0,000    1,197   0,000   1,197
12,91   0,00    0,000    1,196   0,000   1,196

12,92   0,00    1,197    1,196   0,007   1,078   0,008   0,001   0,095   0,002   0,000   0,008   0,000 12708270000
12,92   4,75  601,958
12,92   0,00    0,000    0,000
12,92   0,00    0,000  546,148
12,92   0,00    0,000    1,197   0,000   1,197
12,92   0,00    0,000    1,196   0,000   1,196

12,93   0,00    1,197    1,196   0,007   1,078   0,008   0,001   0,095   0,002   0,000   0,008   0,000 12718110000
12,93   4,75  601,899
12,93   0,00    0,000    0,000
12,93   0,00    0,000  546,085
12,93   0,00    0,000    1,197   0,000   1,197
12,93   0,00    0,000    1,196   0,000   1,196

12,94   0,00    1,197    1,196   0,007   1,078   0,008   0,001   0,095   0,002   0,000   0,008   0,000 12727940000
12,94   4,75  601,840
12,94   0,00    0,000    0,000
12,94   0,00    0,000  546,022
12,94   0,00    0,000    1,197   0,000   1,197
12,94   0,00    0,000    1,196   0,000   1,196

12,95   0,00    1,197    1,196   0,007   1,078   0,008   0,001   0,095   0,002   0,000   0,008   0,000 12737780000
12,95   4,75  601,780
12,95   0,00    0,000    0,000
12,95   0,00    0,000  545,960
12,95   0,00    0,000    1,197   0,000   1,197
12,95   0,00    0,000    1,196   0,000   1,196

12,96   0,00    1,197    1,196   0,007   1,078   0,008   0,001   0,095   0,002   0,000   0,008   0,000 12747620000
12,96   4,75  601,721
12,96   0,00    0,000    0,000
12,96   0,00    0,000  545,897
12,96   0,00    0,000    1,197   0,000   1,197
12,96   0,00    0,000    1,196   0,000   1,196

12,97   0,00    1,197    1,196   0,007   1,078   0,008   0,001   0,095   0,002   0,000   0,007   0,000 12757450000
12,97   4,75  601,662
12,97   0,00    0,000    0,000
12,97   0,00    0,000  545,834
12,97   0,00    0,000    1,197   0,000   1,197
12,97   0,00    0,000    1,196   0,000   1,196

12,98   0,00    1,197    1,196   0,007   1,078   0,007   0,001   0,095   0,002   0,000   0,007   0,000 12767290000
12,98   4,75  601,602
12,98   0,00    0,000    0,000
12,98   0,00    0,000  545,771
12,98   0,00    0,000    1,197   0,000   1,197
12,98   0,00    0,000    1,196   0,000   1,196

12,99   0,00    1,197    1,196   0,007   1,078   0,007   0,001   0,095   0,002   0,000   0,007   0,000 12777120000
12,99   4,74  601,543
12,99   0,00    0,000    0,000
12,99   0,00    0,000  545,708
12,99   0,00    0,000    1,197   0,000   1,197
12,99   0,00    0,000    1,196   0,000   1,196

13,00   0,00    1,197    1,196   0,007   1,078   0,007   0,001   0,095   0,002   0,000   0,007   0,000 12786960000
13,00   4,74  601,483
13,00   0,00    0,000    0,000
13,00   0,00    0,000  545,645
13,00   0,00    0,000    1,197   0,000   1,197
13,00   0,00    0,000    1,196   0,000   1,196

13,01   0,00    1,197    1,196   0,007   1,078   0,007   0,001   0,095   0,002   0,000   0,007   0,000 12796800000
13,01   4,74  601,424
13,01   0,00    0,000    0,000
13,01   0,00    0,000  545,581
13,01   0,00    0,000    1,197   0,000   1,197
13,01   0,00    0,000    1,196   0,000   1,196

13,02   0,00    1,197    1,196   0,007   1,078   0,007   0,001   0,095   0,002   0,000   0,007   0,000 12806630000
13,02   4,74  601,364
13,02   0,00    0,000    0,000
13,02   0,00    0,000  545,518
13,02   0,00    0,000    1,197   0,000   1,197
13,02   0,00    0,000    1,196   0,000   1,196

13,03   0,00    1,197    1,196   0,007   1,078   0,007   0,001   0,095   0,002   0,000   0,007   0,000 12816470000
13,03   4,74  601,305
13,03   0,00    0,000    0,000
13,03   0,00    0,000  545,455
13,03   0,00    0,000    1,197   0,000   1,197
13,03   0,00    0,000    1,196   0,000   1,196

13,04   0,00    1,197    1,196   0,007   1,078   0,007   0,001   0,095   0,002   0,000   0,007   0,000 12826300000
13,04   4,74  601,245
13,04   0,00    0,000    0,000
13,04   0,00    0,000  545,391
13,04   0,00    0,000    1,197   0,000   1,197
13,04   0,00    0,000    1,196   0,000   1,196

13,05   0,00    1,197    1,196   0,007   1,078   0,007   0,001   0,095   0,002   0,000   0,007   0,000 12836140000
13,05   4,74  601,186
13,05   0,00    0,000    0,000
13,05   0,00    0,000  545,328
13,05   0,00    0,000    1,197   0,000   1,197
13,05   0,00    0,000    1,196   0,000   1,196

13,06   0,00    1,197    1,196   0,007   1,078   0,007   0,001   0,095   0,002   0,000   0,007   0,000 12845980000
13,06   4,74  601,126
13,06   0,00    0,000    0,000
13,06   0,00    0,000  545,264
13,06   0,00    0,000    1,197   0,000   1,197
13,06   0,00    0,000    1,196   0,000   1,196

13,07   0,00    1,197    1,196   0,007   1,078   0,007   0,001   0,095   0,002   0,000   0,007   0,000 12855810000
13,07   4,74  601,066
13,07   0,00    0,000    0,000
13,07   0,00    0,000  545,201
13,07   0,00    0,000    1,197   0,000   1,197
13,07   0,00    0,000    1,196   0,000   1,196

13,08   0,00    1,197    1,196   0,007   1,078   0,007   0,001   0,095   0,002   0,000   0,007   0,000 12865650000
13,08   4,74  601,007
13,08   0,00    0,000    0,000
13,08   0,00    0,000  545,137
13,08   0,00    0,000    1,197   0,000   1,197
13,08   0,00    0,000    1,196   0,000   1,196

13,09   0,00    1,197    1,196   0,007   1,078   0,007   0,001   0,095   0,002   0,000   0,007   0,000 12875490000
13,09   4,73  600,947
13,09   0,00    0,000    0,000
13,09   0,00    0,000  545,073
13,09   0,00    0,000    1,197   0,000   1,197
13,09   0,00    0,000    1,196   0,000   1,196

13,10   0,00    1,197    1,196   0,007   1,078   0,007   0,001   0,095   0,002   0,000   0,007   0,000 12885320000
13,10   4,73  600,887
13,10   0,00    0,000    0,000
13,10   0,00    0,000  545,010
13,10   0,00    0,000    1,197   0,000   1,197
13,10   0,00    0,000    1,196   0,000   1,196

13,11   0,00    1,197    1,196   0,007   1,078   0,007   0,001   0,095   0,002   0,000   0,007   0,000 12895160000
13,11   4,73  600,828
13,11   0,00    0,000    0,000
13,11   0,00    0,000  544,946
13,11   0,00    0,000    1,197   0,000   1,197
13,11   0,00    0,000    1,196   0,000   1,196

13,12   0,00    1,197    1,196   0,007   1,078   0,007   0,001   0,095   0,002   0,000   0,007   0,000 12904990000
13,12   4,73  600,768
13,12   0,00    0,000    0,000
13,12   0,00    0,000  544,882
13,12   0,00    0,000    1,197   0,000   1,197
13,12   0,00    0,000    1,196   0,000   1,196

13,13   0,00    1,197    1,196   0,007   1,078   0,007   0,001   0,095   0,002   0,000   0,007   0,000 12914830000
13,13   4,73  600,708
13,13   0,00    0,000    0,000
13,13   0,00    0,000  544,818
13,13   0,00    0,000    1,197   0,000   1,197
13,13   0,00    0,000    1,196   0,000   1,196

13,14   0,00    1,197    1,196   0,007   1,078   0,007   0,001   0,095   0,002   0,000   0,007   0,000 12924670000
13,14   4,73  600,648
13,14   0,00    0,000    0,000
13,14   0,00    0,000  544,754
13,14   0,00    0,000    1,197   0,000   1,197
13,14   0,00    0,000    1,196   0,000   1,196

13,15   0,00    1,197    1,196   0,007   1,078   0,007   0,001   0,095   0,002   0,000   0,007   0,000 12934500000
13,15   4,73  600,589
13,15   0,00    0,000    0,000
13,15   0,00    0,000  544,690
13,15   0,00    0,000    1,197   0,000   1,197
13,15   0,00    0,000    1,196   0,000   1,196

13,16   0,00    1,197    1,196   0,007   1,078   0,007   0,001   0,095   0,002   0,000   0,007   0,000 12944340000
13,16   4,73  600,529
13,16   0,00    0,000    0,000
13,16   0,00    0,000  544,626
13,16   0,00    0,000    1,197   0,000   1,197
13,16   0,00    0,000    1,196   0,000   1,196

13,17   0,00    1,197    1,196   0,007   1,078   0,007   0,001   0,095   0,002   0,000   0,007   0,000 12954170000
13,17   4,73  600,469
13,17   0,00    0,000    0,000
13,17   0,00    0,000  544,562
13,17   0,00    0,000    1,197   0,000   1,197
13,17   0,00    0,000    1,196   0,000   1,196

13,18   0,00    1,197    1,196   0,007   1,078   0,007   0,001   0,095   0,002   0,000   0,007   0,000 12964010000
13,18   4,73  600,409
13,18   0,00    0,000    0,000
13,18   0,00    0,000  544,497
13,18   0,00    0,000    1,197   0,000   1,197
13,18   0,00    0,000    1,196   0,000   1,196

13,19   0,00    1,197    1,196   0,007   1,078   0,007   0,001   0,095   0,002   0,000   0,007   0,000 12973850000
13,19   4,72  600,349
13,19   0,00    0,000    0,000
13,19   0,00    0,000  544,433
13,19   0,00    0,000    1,197   0,000   1,197
13,19   0,00    0,000    1,196   0,000   1,196

13,20   0,00    1,197    1,196   0,007   1,078   0,007   0,001   0,095   0,002   0,000   0,007   0,000 12983680000
13,20   4,72  600,289
13,20   0,00    0,000    0,000
13,20   0,00    0,000  544,369
13,20   0,00    0,000    1,197   0,000   1,197
13,20   0,00    0,000    1,196   0,000   1,196

13,21   0,00    1,197    1,196   0,007   1,078   0,007   0,001   0,095   0,002   0,000   0,007   0,000 12993520000
13,21   4,72  600,230
13,21   0,00    0,000    0,000
13,21   0,00    0,000  544,304
13,21   0,00    0,000    1,197   0,000   1,197
13,21   0,00    0,000    1,196   0,000   1,196

13,22   0,00    1,197    1,196   0,007   1,078   0,007   0,001   0,095   0,002   0,000   0,007   0,000 13003360000
13,22   4,72  600,170
13,22   0,00    0,000    0,000
13,22   0,00    0,000  544,240
13,22   0,00    0,000    1,197   0,000   1,197
13,22   0,00    0,000    1,196   0,000   1,196

13,23   0,00    1,197    1,196   0,007   1,078   0,007   0,001   0,095   0,002   0,000   0,007   0,000 13013190000
13,23   4,72  600,110
13,23   0,00    0,000    0,000
13,23   0,00    0,000  544,175
13,23   0,00    0,000    1,197   0,000   1,197
13,23   0,00    0,000    1,196   0,000   1,196

13,24   0,00    1,197    1,196   0,007   1,078   0,007   0,001   0,095   0,002   0,000   0,007   0,000 13023030000
13,24   4,72  600,050
13,24   0,00    0,000    0,000
13,24   0,00    0,000  544,111
13,24   0,00    0,000    1,197   0,000   1,197
13,24   0,00    0,000    1,196   0,000   1,196

13,25   0,00    1,197    1,196   0,007   1,078   0,007   0,001   0,095   0,002   0,000   0,007   0,000 13032860000
13,25   4,72  599,990
13,25   0,00    0,000    0,000
13,25   0,00    0,000  544,046
13,25   0,00    0,000    1,197   0,000   1,197
13,25   0,00    0,000    1,196   0,000   1,196

13,26   0,00    1,197    1,196   0,007   1,078   0,007   0,001   0,095   0,002   0,000   0,007   0,000 13042700000
13,26   4,72  599,930
13,26   0,00    0,000    0,000
13,26   0,00    0,000  543,981
13,26   0,00    0,000    1,197   0,000   1,197
13,26   0,00    0,000    1,196   0,000   1,196

13,27   0,00    1,197    1,196   0,007   1,078   0,007   0,001   0,095   0,002   0,000   0,007   0,000 13052540000
13,27   4,72  599,870
13,27   0,00    0,000    0,000
13,27   0,00    0,000  543,917
13,27   0,00    0,000    1,197   0,000   1,197
13,27   0,00    0,000    1,196   0,000   1,196

13,28   0,00    1,197    1,196   0,007   1,078   0,007   0,001   0,095   0,002   0,000   0,007   0,000 13062370000
13,28   4,71  599,810
13,28   0,00    0,000    0,000
13,28   0,00    0,000  543,852
13,28   0,00    0,000    1,197   0,000   1,197
13,28   0,00    0,000    1,196   0,000   1,196

13,29   0,00    1,197    1,196   0,007   1,078   0,007   0,001   0,095   0,002   0,000   0,007   0,000 13072210000
13,29   4,71  599,750
13,29   0,00    0,000    0,000
13,29   0,00    0,000  543,787
13,29   0,00    0,000    1,197   0,000   1,197
13,29   0,00    0,000    1,196   0,000   1,196

13,30   0,00    1,197    1,196   0,007   1,078   0,007   0,001   0,095   0,002   0,000   0,007   0,000 13082040000
13,30   4,71  599,690
13,30   0,00    0,000    0,000
13,30   0,00    0,000  543,722
13,30   0,00    0,000    1,197   0,000   1,197
13,30   0,00    0,000    1,196   0,000   1,196

13,31   0,00    1,197    1,196   0,007   1,078   0,007   0,001   0,095   0,002   0,000   0,007   0,000 13091880000
13,31   4,71  599,630
13,31   0,00    0,000    0,000
13,31   0,00    0,000  543,657
13,31   0,00    0,000    1,197   0,000   1,197
13,31   0,00    0,000    1,196   0,000   1,196

13,32   0,00    1,197    1,196   0,007   1,078   0,007   0,001   0,095   0,002   0,000   0,007   0,000 13101720000
13,32   4,71  599,570
13,32   0,00    0,000    0,000
13,32   0,00    0,000  543,592
13,32   0,00    0,000    1,197   0,000   1,197
13,32   0,00    0,000    1,196   0,000   1,196

13,33   0,00    1,197    1,196   0,007   1,078   0,007   0,001   0,095   0,002   0,000   0,007   0,000 13111550000
13,33   4,71  599,509
13,33   0,00    0,000    0,000
13,33   0,00    0,000  543,527
13,33   0,00    0,000    1,197   0,000   1,197
13,33   0,00    0,000    1,196   0,000   1,196

13,34   0,00    1,197    1,196   0,007   1,078   0,007   0,001   0,095   0,002   0,000   0,007   0,000 13121390000
13,34   4,71  599,449
13,34   0,00    0,000    0,000
13,34   0,00    0,000  543,462
13,34   0,00    0,000    1,197   0,000   1,197
13,34   0,00    0,000    1,196   0,000   1,196

13,35   0,00    1,197    1,196   0,007   1,078   0,007   0,001   0,095   0,002   0,000   0,007   0,000 13131230000
13,35   4,71  599,389
13,35   0,00    0,000    0,000
13,35   0,00    0,000  543,397
13,35   0,00    0,000    1,197   0,000   1,197
13,35   0,00    0,000    1,196   0,000   1,196

13,36   0,00    1,197    1,196   0,007   1,078   0,007   0,001   0,095   0,002   0,000   0,007   0,000 13141060000
13,36   4,71  599,329
13,36   0,00    0,000    0,000
13,36   0,00    0,000  543,331
13,36   0,00    0,000    1,197   0,000   1,197
13,36   0,00    0,000    1,196   0,000   1,196

13,37   0,00    1,197    1,196   0,007   1,078   0,007   0,001   0,095   0,002   0,000   0,007   0,000 13150900000
13,37   4,71  599,269
13,37   0,00    0,000    0,000
13,37   0,00    0,000  543,266
13,37   0,00    0,000    1,197   0,000   1,197
13,37   0,00    0,000    1,196   0,000   1,196

13,38   0,00    1,197    1,196   0,007   1,078   0,007   0,001   0,095   0,002   0,000   0,007   0,000 13160730000
13,38   4,70  599,209
13,38   0,00    0,000    0,000
13,38   0,00    0,000  543,201
13,38   0,00    0,000    1,197   0,000   1,197
13,38   0,00    0,000    1,196   0,000   1,196

13,39   0,00    1,197    1,196   0,007   1,078   0,007   0,001   0,095   0,002   0,000   0,007   0,000 13170570000
13,39   4,70  599,149
13,39   0,00    0,000    0,000
13,39   0,00    0,000  543,136
13,39   0,00    0,000    1,197   0,000   1,197
13,39   0,00    0,000    1,196   0,000   1,196

13,40   0,00    1,197    1,196   0,007   1,078   0,007   0,001   0,095   0,002   0,000   0,007   0,000 13180400000
13,40   4,70  599,088
13,40   0,00    0,000    0,000
13,40   0,00    0,000  543,070
13,40   0,00    0,000    1,197   0,000   1,197
13,40   0,00    0,000    1,196   0,000   1,196

13,41   0,00    1,197    1,196   0,007   1,079   0,007   0,001   0,095   0,002   0,000   0,007   0,000 13190240000
13,41   4,70  599,028
13,41   0,00    0,000    0,000
13,41   0,00    0,000  543,005
13,41   0,00    0,000    1,197   0,000   1,197
13,41   0,00    0,000    1,196   0,000   1,196

13,42   0,00    1,197    1,196   0,007   1,079   0,007   0,001   0,095   0,002   0,000   0,007   0,000 13200080000
13,42   4,70  598,968
13,42   0,00    0,000    0,000
13,42   0,00    0,000  542,939
13,42   0,00    0,000    1,197   0,000   1,197
13,42   0,00    0,000    1,196   0,000   1,196

13,43   0,00    1,197    1,196   0,007   1,079   0,007   0,001   0,095   0,002   0,000   0,007   0,000 13209910000
13,43   4,70  598,908
13,43   0,00    0,000    0,000
13,43   0,00    0,000  542,873
13,43   0,00    0,000    1,197   0,000   1,197
13,43   0,00    0,000    1,196   0,000   1,196

13,44   0,00    1,197    1,196   0,007   1,079   0,007   0,001   0,095   0,002   0,000   0,007   0,000 13219750000
13,44   4,70  598,847
13,44   0,00    0,000    0,000
13,44   0,00    0,000  542,808
13,44   0,00    0,000    1,197   0,000   1,197
13,44   0,00    0,000    1,196   0,000   1,196

13,45   0,00    1,197    1,196   0,007   1,079   0,007   0,001   0,095   0,002   0,000   0,007   0,000 13229590000
13,45   4,70  598,787
13,45   0,00    0,000    0,000
13,45   0,00    0,000  542,742
13,45   0,00    0,000    1,197   0,000   1,197
13,45   0,00    0,000    1,196   0,000   1,196

13,46   0,00    1,197    1,196   0,007   1,079   0,007   0,001   0,095   0,002   0,000   0,007   0,000 13239420000
13,46   4,70  598,727
13,46   0,00    0,000    0,000
13,46   0,00    0,000  542,676
13,46   0,00    0,000    1,197   0,000   1,197
13,46   0,00    0,000    1,196   0,000   1,196

13,47   0,00    1,197    1,196   0,007   1,079   0,007   0,001   0,095   0,002   0,000   0,007   0,000 13249260000
13,47   4,69  598,667
13,47   0,00    0,000    0,000
13,47   0,00    0,000  542,611
13,47   0,00    0,000    1,197   0,000   1,197
13,47   0,00    0,000    1,196   0,000   1,196

13,48   0,00    1,197    1,196   0,007   1,079   0,007   0,001   0,095   0,002   0,000   0,007   0,000 13259090000
13,48   4,69  598,606
13,48   0,00    0,000    0,000
13,48   0,00    0,000  542,545
13,48   0,00    0,000    1,197   0,000   1,197
13,48   0,00    0,000    1,196   0,000   1,196

13,49   0,00    1,197    1,196   0,007   1,079   0,007   0,001   0,095   0,002   0,000   0,007   0,000 13268930000
13,49   4,69  598,546
13,49   0,00    0,000    0,000
13,49   0,00    0,000  542,479
13,49   0,00    0,000    1,197   0,000   1,197
13,49   0,00    0,000    1,196   0,000   1,196

13,50   0,00    1,197    1,196   0,007   1,079   0,007   0,001   0,095   0,002   0,000   0,007   0,000 13278770000
13,50   4,69  598,486
13,50   0,00    0,000    0,000
13,50   0,00    0,000  542,413
13,50   0,00    0,000    1,197   0,000   1,197
13,50   0,00    0,000    1,196   0,000   1,196

13,51   0,00    1,197    1,196   0,007   1,079   0,007   0,001   0,095   0,002   0,000   0,007   0,000 13288600000
13,51   4,69  598,425
13,51   0,00    0,000    0,000
13,51   0,00    0,000  542,347
13,51   0,00    0,000    1,197   0,000   1,197
13,51   0,00    0,000    1,196   0,000   1,196

13,52   0,00    1,197    1,196   0,007   1,079   0,007   0,001   0,095   0,002   0,000   0,007   0,000 13298440000
13,52   4,69  598,365
13,52   0,00    0,000    0,000
13,52   0,00    0,000  542,281
13,52   0,00    0,000    1,197   0,000   1,197
13,52   0,00    0,000    1,196   0,000   1,196

13,53   0,00    1,197    1,196   0,007   1,079   0,007   0,001   0,095   0,002   0,000   0,007   0,000 13308270000
13,53   4,69  598,304
13,53   0,00    0,000    0,000
13,53   0,00    0,000  542,215
13,53   0,00    0,000    1,197   0,000   1,197
13,53   0,00    0,000    1,196   0,000   1,196

13,54   0,00    1,197    1,196   0,007   1,079   0,007   0,001   0,095   0,002   0,000   0,007   0,000 13318110000
13,54   4,69  598,244
13,54   0,00    0,000    0,000
13,54   0,00    0,000  542,149
13,54   0,00    0,000    1,197   0,000   1,197
13,54   0,00    0,000    1,196   0,000   1,196

13,55   0,00    1,197    1,196   0,007   1,079   0,007   0,001   0,095   0,002   0,000   0,007   0,000 13327950000
13,55   4,69  598,184
13,55   0,00    0,000    0,000
13,55   0,00    0,000  542,082
13,55   0,00    0,000    1,197   0,000   1,197
13,55   0,00    0,000    1,196   0,000   1,196

13,56   0,00    1,197    1,196   0,007   1,079   0,007   0,001   0,095   0,002   0,000   0,007   0,000 13337780000
13,56   4,69  598,123
13,56   0,00    0,000    0,000
13,56   0,00    0,000  542,016
13,56   0,00    0,000    1,197   0,000   1,197
13,56   0,00    0,000    1,196   0,000   1,196

13,57   0,00    1,197    1,196   0,007   1,079   0,007   0,001   0,095   0,002   0,000   0,007   0,000 13347620000
13,57   4,68  598,063
13,57   0,00    0,000    0,000
13,57   0,00    0,000  541,950
13,57   0,00    0,000    1,197   0,000   1,197
13,57   0,00    0,000    1,196   0,000   1,196

13,58   0,00    1,197    1,196   0,007   1,079   0,007   0,001   0,095   0,002   0,000   0,007   0,000 13357460000
13,58   4,68  598,002
13,58   0,00    0,000    0,000
13,58   0,00    0,000  541,883
13,58   0,00    0,000    1,197   0,000   1,197
13,58   0,00    0,000    1,196   0,000   1,196

13,59   0,00    1,197    1,196   0,007   1,079   0,007   0,001   0,095   0,002   0,000   0,007   0,000 13367290000
13,59   4,68  597,942
13,59   0,00    0,000    0,000
13,59   0,00    0,000  541,817
13,59   0,00    0,000    1,197   0,000   1,197
13,59   0,00    0,000    1,196   0,000   1,196

13,60   0,00    1,197    1,196   0,007   1,079   0,007   0,001   0,095   0,002   0,000   0,007   0,000 13377130000
13,60   4,68  597,881
13,60   0,00    0,000    0,000
13,60   0,00    0,000  541,751
13,60   0,00    0,000    1,197   0,000   1,197
13,60   0,00    0,000    1,196   0,000   1,196

13,61   0,00    1,197    1,196   0,007   1,079   0,007   0,001   0,095   0,002   0,000   0,007   0,000 13386960000
13,61   4,68  597,821
13,61   0,00    0,000    0,000
13,61   0,00    0,000  541,684
13,61   0,00    0,000    1,197   0,000   1,197
13,61   0,00    0,000    1,196   0,000   1,196

13,62   0,00    1,197    1,196   0,007   1,079   0,007   0,001   0,095   0,002   0,000   0,007   0,000 13396800000
13,62   4,68  597,760
13,62   0,00    0,000    0,000
13,62   0,00    0,000  541,618
13,62   0,00    0,000    1,197   0,000   1,197
13,62   0,00    0,000    1,196   0,000   1,196

13,63   0,00    1,197    1,196   0,007   1,079   0,007   0,001   0,095   0,002   0,000   0,007   0,000 13406640000
13,63   4,68  597,700
13,63   0,00    0,000    0,000
13,63   0,00    0,000  541,551
13,63   0,00    0,000    1,197   0,000   1,197
13,63   0,00    0,000    1,196   0,000   1,196

13,64   0,00    1,197    1,196   0,007   1,079   0,007   0,001   0,095   0,002   0,000   0,007   0,000 13416470000
13,64   4,68  597,639
13,64   0,00    0,000    0,000
13,64   0,00    0,000  541,484
13,64   0,00    0,000    1,197   0,000   1,197
13,64   0,00    0,000    1,196   0,000   1,196

13,65   0,00    1,197    1,196   0,007   1,079   0,007   0,001   0,095   0,002   0,000   0,007   0,000 13426310000
13,65   4,68  597,579
13,65   0,00    0,000    0,000
13,65   0,00    0,000  541,418
13,65   0,00    0,000    1,197   0,000   1,197
13,65   0,00    0,000    1,196   0,000   1,196

13,66   0,00    1,197    1,196   0,007   1,079   0,007   0,001   0,095   0,002   0,000   0,007   0,000 13436140000
13,66   4,68  597,518
13,66   0,00    0,000    0,000
13,66   0,00    0,000  541,351
13,66   0,00    0,000    1,197   0,000   1,197
13,66   0,00    0,000    1,196   0,000   1,196

13,67   0,00    1,197    1,196   0,007   1,079   0,007   0,001   0,095   0,002   0,000   0,007   0,000 13445980000
13,67   4,67  597,458
13,67   0,00    0,000    0,000
13,67   0,00    0,000  541,284
13,67   0,00    0,000    1,197   0,000   1,197
13,67   0,00    0,000    1,196   0,000   1,196

13,68   0,00    1,197    1,196   0,007   1,079   0,007   0,001   0,095   0,002   0,000   0,007   0,000 13455820000
13,68   4,67  597,397
13,68   0,00    0,000    0,000
13,68   0,00    0,000  541,218
13,68   0,00    0,000    1,197   0,000   1,197
13,68   0,00    0,000    1,196   0,000   1,196

13,69   0,00    1,197    1,196   0,007   1,079   0,007   0,001   0,095   0,002   0,000   0,007   0,000 13465650000
13,69   4,67  597,337
13,69   0,00    0,000    0,000
13,69   0,00    0,000  541,151
13,69   0,00    0,000    1,197   0,000   1,197
13,69   0,00    0,000    1,196   0,000   1,196

13,70   0,00    1,197    1,196   0,007   1,079   0,007   0,001   0,095   0,002   0,000   0,007   0,000 13475490000
13,70   4,67  597,276
13,70   0,00    0,000    0,000
13,70   0,00    0,000  541,084
13,70   0,00    0,000    1,197   0,000   1,197
13,70   0,00    0,000    1,196   0,000   1,196

13,71   0,00    1,197    1,196   0,007   1,079   0,007   0,001   0,095   0,002   0,000   0,007   0,000 13485330000
13,71   4,67  597,216
13,71   0,00    0,000    0,000
13,71   0,00    0,000  541,017
13,71   0,00    0,000    1,197   0,000   1,197
13,71   0,00    0,000    1,196   0,000   1,196

13,72   0,00    1,197    1,196   0,007   1,079   0,007   0,001   0,095   0,002   0,000   0,007   0,000 13495160000
13,72   4,67  597,155
13,72   0,00    0,000    0,000
13,72   0,00    0,000  540,950
13,72   0,00    0,000    1,197   0,000   1,197
13,72   0,00    0,000    1,196   0,000   1,196

13,73   0,00    1,197    1,196   0,007   1,079   0,007   0,001   0,095   0,002   0,000   0,007   0,000 13505000000
13,73   4,67  597,094
13,73   0,00    0,000    0,000
13,73   0,00    0,000  540,883
13,73   0,00    0,000    1,197   0,000   1,197
13,73   0,00    0,000    1,196   0,000   1,196

13,74   0,00    1,197    1,196   0,007   1,079   0,007   0,001   0,095   0,002   0,000   0,007   0,000 13514830000
13,74   4,67  597,034
13,74   0,00    0,000    0,000
13,74   0,00    0,000  540,816
13,74   0,00    0,000    1,197   0,000   1,197
13,74   0,00    0,000    1,196   0,000   1,196

13,75   0,00    1,197    1,196   0,007   1,079   0,007   0,001   0,095   0,002   0,000   0,007   0,000 13524670000
13,75   4,67  596,973
13,75   0,00    0,000    0,000
13,75   0,00    0,000  540,749
13,75   0,00    0,000    1,197   0,000   1,197
13,75   0,00    0,000    1,196   0,000   1,196

13,76   0,00    1,197    1,196   0,007   1,079   0,007   0,001   0,095   0,002   0,000   0,007   0,000 13534510000
13,76   4,66  596,912
13,76   0,00    0,000    0,000
13,76   0,00    0,000  540,682
13,76   0,00    0,000    1,197   0,000   1,197
13,76   0,00    0,000    1,196   0,000   1,196

13,77   0,00    1,197    1,196   0,007   1,079   0,007   0,001   0,095   0,002   0,000   0,007   0,000 13544340000
13,77   4,66  596,852
13,77   0,00    0,000    0,000
13,77   0,00    0,000  540,614
13,77   0,00    0,000    1,197   0,000   1,197
13,77   0,00    0,000    1,196   0,000   1,196

13,78   0,00    1,197    1,196   0,007   1,079   0,007   0,001   0,095   0,002   0,000   0,007   0,000 13554180000
13,78   4,66  596,791
13,78   0,00    0,000    0,000
13,78   0,00    0,000  540,547
13,78   0,00    0,000    1,197   0,000   1,197
13,78   0,00    0,000    1,196   0,000   1,196

13,79   0,00    1,197    1,196   0,007   1,079   0,007   0,001   0,095   0,002   0,000   0,007   0,000 13564010000
13,79   4,66  596,730
13,79   0,00    0,000    0,000
13,79   0,00    0,000  540,480
13,79   0,00    0,000    1,197   0,000   1,197
13,79   0,00    0,000    1,196   0,000   1,196

13,80   0,00    1,197    1,196   0,007   1,079   0,007   0,001   0,095   0,002   0,000   0,007   0,000 13573850000
13,80   4,66  596,670
13,80   0,00    0,000    0,000
13,80   0,00    0,000  540,413
13,80   0,00    0,000    1,197   0,000   1,197
13,80   0,00    0,000    1,196   0,000   1,196

13,81   0,00    1,197    1,196   0,007   1,079   0,007   0,001   0,095   0,002   0,000   0,007   0,000 13583690000
13,81   4,66  596,609
13,81   0,00    0,000    0,000
13,81   0,00    0,000  540,345
13,81   0,00    0,000    1,197   0,000   1,197
13,81   0,00    0,000    1,196   0,000   1,196

13,82   0,00    1,197    1,196   0,007   1,079   0,007   0,001   0,095   0,002   0,000   0,007   0,000 13593520000
13,82   4,66  596,548
13,82   0,00    0,000    0,000
13,82   0,00    0,000  540,278
13,82   0,00    0,000    1,197   0,000   1,197
13,82   0,00    0,000    1,196   0,000   1,196

13,83   0,00    1,197    1,196   0,007   1,079   0,007   0,001   0,095   0,002   0,000   0,007   0,000 13603360000
13,83   4,66  596,488
13,83   0,00    0,000    0,000
13,83   0,00    0,000  540,210
13,83   0,00    0,000    1,197   0,000   1,197
13,83   0,00    0,000    1,196   0,000   1,196

13,84   0,00    1,197    1,196   0,007   1,079   0,007   0,001   0,095   0,002   0,000   0,007   0,000 13613200000
13,84   4,66  596,427
13,84   0,00    0,000    0,000
13,84   0,00    0,000  540,143
13,84   0,00    0,000    1,197   0,000   1,197
13,84   0,00    0,000    1,196   0,000   1,196

13,85   0,00    1,197    1,196   0,007   1,079   0,007   0,001   0,095   0,002   0,000   0,007   0,000 13623030000
13,85   4,66  596,366
13,85   0,00    0,000    0,000
13,85   0,00    0,000  540,075
13,85   0,00    0,000    1,197   0,000   1,197
13,85   0,00    0,000    1,196   0,000   1,196

13,86   0,00    1,197    1,196   0,007   1,079   0,007   0,001   0,095   0,002   0,000   0,007   0,000 13632870000
13,86   4,65  596,305
13,86   0,00    0,000    0,000
13,86   0,00    0,000  540,008
13,86   0,00    0,000    1,197   0,000   1,197
13,86   0,00    0,000    1,196   0,000   1,196

13,87   0,00    1,197    1,196   0,007   1,079   0,007   0,001   0,095   0,002   0,000   0,007   0,000 13642700000
13,87   4,65  596,245
13,87   0,00    0,000    0,000
13,87   0,00    0,000  539,940
13,87   0,00    0,000    1,197   0,000   1,197
13,87   0,00    0,000    1,196   0,000   1,196

13,88   0,00    1,197    1,196   0,007   1,079   0,007   0,001   0,095   0,002   0,000   0,007   0,000 13652540000
13,88   4,65  596,184
13,88   0,00    0,000    0,000
13,88   0,00    0,000  539,872
13,88   0,00    0,000    1,197   0,000   1,197
13,88   0,00    0,000    1,196   0,000   1,196

13,89   0,00    1,197    1,196   0,007   1,079   0,007   0,001   0,095   0,002   0,000   0,007   0,000 13662380000
13,89   4,65  596,123
13,89   0,00    0,000    0,000
13,89   0,00    0,000  539,805
13,89   0,00    0,000    1,197   0,000   1,197
13,89   0,00    0,000    1,196   0,000   1,196

13,90   0,00    1,197    1,196   0,007   1,079   0,007   0,001   0,095   0,002   0,000   0,007   0,000 13672210000
13,90   4,65  596,063
13,90   0,00    0,000    0,000
13,90   0,00    0,000  539,737
13,90   0,00    0,000    1,197   0,000   1,197
13,90   0,00    0,000    1,196   0,000   1,196

13,91   0,00    1,197    1,196   0,007   1,079   0,007   0,001   0,095   0,002   0,000   0,007   0,000 13682050000
13,91   4,65  596,002
13,91   0,00    0,000    0,000
13,91   0,00    0,000  539,669
13,91   0,00    0,000    1,197   0,000   1,197
13,91   0,00    0,000    1,196   0,000   1,196

13,92   0,00    1,197    1,196   0,007   1,079   0,007   0,001   0,095   0,002   0,000   0,007   0,000 13691880000
13,92   4,65  595,941
13,92   0,00    0,000    0,000
13,92   0,00    0,000  539,601
13,92   0,00    0,000    1,197   0,000   1,197
13,92   0,00    0,000    1,196   0,000   1,196

13,93   0,00    1,197    1,196   0,007   1,079   0,007   0,001   0,095   0,002   0,000   0,007   0,000 13701720000
13,93   4,65  595,880
13,93   0,00    0,000    0,000
13,93   0,00    0,000  539,534
13,93   0,00    0,000    1,197   0,000   1,197
13,93   0,00    0,000    1,196   0,000   1,196

13,94   0,00    1,197    1,196   0,007   1,079   0,007   0,001   0,095   0,002   0,000   0,007   0,000 13711560000
13,94   4,65  595,819
13,94   0,00    0,000    0,000
13,94   0,00    0,000  539,466
13,94   0,00    0,000    1,197   0,000   1,197
13,94   0,00    0,000    1,196   0,000   1,196

13,95   0,00    1,197    1,196   0,007   1,079   0,007   0,001   0,095   0,002   0,000   0,007   0,000 13721390000
13,95   4,65  595,759
13,95   0,00    0,000    0,000
13,95   0,00    0,000  539,398
13,95   0,00    0,000    1,197   0,000   1,197
13,95   0,00    0,000    1,196   0,000   1,196

13,96   0,00    1,197    1,196   0,007   1,079   0,007   0,001   0,095   0,002   0,000   0,007   0,000 13731230000
13,96   4,64  595,698
13,96   0,00    0,000    0,000
13,96   0,00    0,000  539,330
13,96   0,00    0,000    1,197   0,000   1,197
13,96   0,00    0,000    1,196   0,000   1,196

13,97   0,00    1,197    1,196   0,007   1,079   0,007   0,001   0,095   0,002   0,000   0,007   0,000 13741070000
13,97   4,64  595,637
13,97   0,00    0,000    0,000
13,97   0,00    0,000  539,262
13,97   0,00    0,000    1,197   0,000   1,197
13,97   0,00    0,000    1,196   0,000   1,196

13,98   0,00    1,197    1,196   0,007   1,079   0,007   0,001   0,095   0,002   0,000   0,007   0,000 13750900000
13,98   4,64  595,576
13,98   0,00    0,000    0,000
13,98   0,00    0,000  539,194
13,98   0,00    0,000    1,197   0,000   1,197
13,98   0,00    0,000    1,196   0,000   1,196

13,99   0,00    1,197    1,196   0,007   1,079   0,007   0,001   0,095   0,002   0,000   0,007   0,000 13760740000
13,99   4,64  595,515
13,99   0,00    0,000    0,000
13,99   0,00    0,000  539,126
13,99   0,00    0,000    1,197   0,000   1,197
13,99   0,00    0,000    1,196   0,000   1,196

14,00   0,00    1,197    1,196   0,007   1,079   0,006   0,001   0,095   0,002   0,000   0,007   0,000 13770570000
14,00   4,64  595,455
14,00   0,00    0,000    0,000
14,00   0,00    0,000  539,057
14,00   0,00    0,000    1,197   0,000   1,197
14,00   0,00    0,000    1,196   0,000   1,196

14,01   0,00    1,197    1,196   0,007   1,079   0,006   0,001   0,095   0,002   0,000   0,007   0,000 13780410000
14,01   4,64  595,394
14,01   0,00    0,000    0,000
14,01   0,00    0,000  538,989
14,01   0,00    0,000    1,197   0,000   1,197
14,01   0,00    0,000    1,196   0,000   1,196

14,02   0,00    1,197    1,196   0,007   1,079   0,006   0,001   0,095   0,002   0,000   0,007   0,000 13790250000
14,02   4,64  595,333
14,02   0,00    0,000    0,000
14,02   0,00    0,000  538,921
14,02   0,00    0,000    1,197   0,000   1,197
14,02   0,00    0,000    1,196   0,000   1,196

14,03   0,00    1,197    1,196   0,007   1,079   0,006   0,001   0,095   0,002   0,000   0,007   0,000 13800080000
14,03   4,64  595,272
14,03   0,00    0,000    0,000
14,03   0,00    0,000  538,853
14,03   0,00    0,000    1,197   0,000   1,197
14,03   0,00    0,000    1,196   0,000   1,196

14,04   0,00    1,197    1,196   0,007   1,079   0,006   0,001   0,095   0,002   0,000   0,007   0,000 13809920000
14,04   4,64  595,211
14,04   0,00    0,000    0,000
14,04   0,00    0,000  538,785
14,04   0,00    0,000    1,197   0,000   1,197
14,04   0,00    0,000    1,196   0,000   1,196

14,05   0,00    1,197    1,196   0,007   1,079   0,006   0,001   0,095   0,002   0,000   0,007   0,000 13819750000
14,05   4,63  595,150
14,05   0,00    0,000    0,000
14,05   0,00    0,000  538,716
14,05   0,00    0,000    1,197   0,000   1,197
14,05   0,00    0,000    1,196   0,000   1,196

14,06   0,00    1,197    1,196   0,007   1,079   0,006   0,001   0,095   0,002   0,000   0,007   0,000 13829590000
14,06   4,63  595,089
14,06   0,00    0,000    0,000
14,06   0,00    0,000  538,648
14,06   0,00    0,000    1,197   0,000   1,197
14,06   0,00    0,000    1,196   0,000   1,196

14,07   0,00    1,197    1,196   0,007   1,079   0,006   0,001   0,095   0,002   0,000   0,007   0,000 13839430000
14,07   4,63  595,029
14,07   0,00    0,000    0,000
14,07   0,00    0,000  538,580
14,07   0,00    0,000    1,197   0,000   1,197
14,07   0,00    0,000    1,196   0,000   1,196

14,08   0,00    1,197    1,196   0,007   1,079   0,006   0,001   0,095   0,002   0,000   0,007   0,000 13849260000
14,08   4,63  594,968
14,08   0,00    0,000    0,000
14,08   0,00    0,000  538,511
14,08   0,00    0,000    1,197   0,000   1,197
14,08   0,00    0,000    1,196   0,000   1,196

14,09   0,00    1,197    1,196   0,007   1,079   0,006   0,001   0,095   0,002   0,000   0,007   0,000 13859100000
14,09   4,63  594,907
14,09   0,00    0,000    0,000
14,09   0,00    0,000  538,443
14,09   0,00    0,000    1,197   0,000   1,197
14,09   0,00    0,000    1,196   0,000   1,196

14,10   0,00    1,197    1,196   0,007   1,079   0,006   0,001   0,095   0,002   0,000   0,007   0,000 13868930000
14,10   4,63  594,846
14,10   0,00    0,000    0,000
14,10   0,00    0,000  538,374
14,10   0,00    0,000    1,197   0,000   1,197
14,10   0,00    0,000    1,196   0,000   1,196

14,11   0,00    1,197    1,196   0,007   1,079   0,006   0,001   0,095   0,002   0,000   0,007   0,000 13878770000
14,11   4,63  594,785
14,11   0,00    0,000    0,000
14,11   0,00    0,000  538,306
14,11   0,00    0,000    1,197   0,000   1,197
14,11   0,00    0,000    1,196   0,000   1,196

14,12   0,00    1,197    1,196   0,007   1,079   0,006   0,001   0,095   0,002   0,000   0,007   0,000 13888610000
14,12   4,63  594,724
14,12   0,00    0,000    0,000
14,12   0,00    0,000  538,237
14,12   0,00    0,000    1,197   0,000   1,197
14,12   0,00    0,000    1,196   0,000   1,196

14,13   0,00    1,197    1,196   0,007   1,079   0,006   0,001   0,095   0,002   0,000   0,007   0,000 13898440000
14,13   4,63  594,663
14,13   0,00    0,000    0,000
14,13   0,00    0,000  538,168
14,13   0,00    0,000    1,197   0,000   1,197
14,13   0,00    0,000    1,196   0,000   1,196

14,14   0,00    1,197    1,196   0,007   1,079   0,006   0,001   0,095   0,002   0,000   0,007   0,000 13908280000
14,14   4,63  594,602
14,14   0,00    0,000    0,000
14,14   0,00    0,000  538,100
14,14   0,00    0,000    1,197   0,000   1,197
14,14   0,00    0,000    1,196   0,000   1,196

14,15   0,00    1,197    1,196   0,007   1,079   0,006   0,001   0,095   0,002   0,000   0,007   0,000 13918110000
14,15   4,62  594,541
14,15   0,00    0,000    0,000
14,15   0,00    0,000  538,031
14,15   0,00    0,000    1,197   0,000   1,197
14,15   0,00    0,000    1,196   0,000   1,196

14,16   0,00    1,197    1,196   0,007   1,079   0,006   0,001   0,095   0,002   0,000   0,007   0,000 13927950000
14,16   4,62  594,481
14,16   0,00    0,000    0,000
14,16   0,00    0,000  537,962
14,16   0,00    0,000    1,197   0,000   1,197
14,16   0,00    0,000    1,196   0,000   1,196

14,17   0,00    1,197    1,196   0,007   1,079   0,006   0,001   0,095   0,002   0,000   0,007   0,000 13937790000
14,17   4,62  594,420
14,17   0,00    0,000    0,000
14,17   0,00    0,000  537,894
14,17   0,00    0,000    1,197   0,000   1,197
14,17   0,00    0,000    1,196   0,000   1,196

14,18   0,00    1,197    1,196   0,007   1,079   0,006   0,001   0,095   0,002   0,000   0,007   0,000 13947620000
14,18   4,62  594,359
14,18   0,00    0,000    0,000
14,18   0,00    0,000  537,825
14,18   0,00    0,000    1,197   0,000   1,197
14,18   0,00    0,000    1,196   0,000   1,196

14,19   0,00    1,197    1,196   0,007   1,079   0,006   0,001   0,095   0,002   0,000   0,007   0,000 13957460000
14,19   4,62  594,298
14,19   0,00    0,000    0,000
14,19   0,00    0,000  537,756
14,19   0,00    0,000    1,197   0,000   1,197
14,19   0,00    0,000    1,196   0,000   1,196

14,20   0,00    1,197    1,196   0,007   1,079   0,006   0,001   0,095   0,002   0,000   0,007   0,000 13967300000
14,20   4,62  594,237
14,20   0,00    0,000    0,000
14,20   0,00    0,000  537,687
14,20   0,00    0,000    1,197   0,000   1,197
14,20   0,00    0,000    1,196   0,000   1,196

14,21   0,00    1,197    1,196   0,007   1,079   0,006   0,001   0,095   0,002   0,000   0,007   0,000 13977130000
14,21   4,62  594,176
14,21   0,00    0,000    0,000
14,21   0,00    0,000  537,618
14,21   0,00    0,000    1,197   0,000   1,197
14,21   0,00    0,000    1,196   0,000   1,196

14,22   0,00    1,197    1,196   0,007   1,079   0,006   0,001   0,095   0,002   0,000   0,007   0,000 13986970000
14,22   4,62  594,115
14,22   0,00    0,000    0,000
14,22   0,00    0,000  537,549
14,22   0,00    0,000    1,197   0,000   1,197
14,22   0,00    0,000    1,196   0,000   1,196

14,23   0,00    1,197    1,196   0,007   1,079   0,006   0,001   0,095   0,002   0,000   0,007   0,000 13996800000
14,23   4,62  594,054
14,23   0,00    0,000    0,000
14,23   0,00    0,000  537,480
14,23   0,00    0,000    1,197   0,000   1,197
14,23   0,00    0,000    1,196   0,000   1,196

14,24   0,00    1,197    1,196   0,007   1,079   0,006   0,001   0,095   0,002   0,000   0,007   0,000 14006640000
14,24   4,62  593,993
14,24   0,00    0,000    0,000
14,24   0,00    0,000  537,411
14,24   0,00    0,000    1,197   0,000   1,197
14,24   0,00    0,000    1,196   0,000   1,196

14,25   0,00    1,197    1,196   0,007   1,079   0,006   0,001   0,095   0,002   0,000   0,007   0,000 14016480000
14,25   4,61  593,932
14,25   0,00    0,000    0,000
14,25   0,00    0,000  537,342
14,25   0,00    0,000    1,197   0,000   1,197
14,25   0,00    0,000    1,196   0,000   1,196

14,26   0,00    1,197    1,196   0,007   1,079   0,006   0,001   0,095   0,002   0,000   0,007   0,000 14026310000
14,26   4,61  593,871
14,26   0,00    0,000    0,000
14,26   0,00    0,000  537,273
14,26   0,00    0,000    1,197   0,000   1,197
14,26   0,00    0,000    1,196   0,000   1,196

14,27   0,00    1,197    1,196   0,007   1,079   0,006   0,001   0,095   0,002   0,000   0,007   0,000 14036150000
14,27   4,61  593,810
14,27   0,00    0,000    0,000
14,27   0,00    0,000  537,204
14,27   0,00    0,000    1,197   0,000   1,197
14,27   0,00    0,000    1,196   0,000   1,196

14,28   0,00    1,197    1,196   0,007   1,079   0,006   0,001   0,095   0,002   0,000   0,007   0,000 14045980000
14,28   4,61  593,749
14,28   0,00    0,000    0,000
14,28   0,00    0,000  537,135
14,28   0,00    0,000    1,197   0,000   1,197
14,28   0,00    0,000    1,196   0,000   1,196

14,29   0,00    1,197    1,196   0,007   1,079   0,006   0,001   0,095   0,002   0,000   0,007   0,000 14055820000
14,29   4,61  593,688
14,29   0,00    0,000    0,000
14,29   0,00    0,000  537,066
14,29   0,00    0,000    1,197   0,000   1,197
14,29   0,00    0,000    1,196   0,000   1,196

14,30   0,00    1,197    1,196   0,007   1,079   0,006   0,001   0,095   0,002   0,000   0,007   0,000 14065660000
14,30   4,61  593,627
14,30   0,00    0,000    0,000
14,30   0,00    0,000  536,997
14,30   0,00    0,000    1,197   0,000   1,197
14,30   0,00    0,000    1,196   0,000   1,196

14,31   0,00    1,197    1,196   0,007   1,079   0,006   0,001   0,095   0,002   0,000   0,007   0,000 14075490000
14,31   4,61  593,566
14,31   0,00    0,000    0,000
14,31   0,00    0,000  536,928
14,31   0,00    0,000    1,197   0,000   1,197
14,31   0,00    0,000    1,196   0,000   1,196

14,32   0,00    1,197    1,196   0,007   1,079   0,006   0,001   0,095   0,002   0,000   0,007   0,000 14085330000
14,32   4,61  593,506
14,32   0,00    0,000    0,000
14,32   0,00    0,000  536,858
14,32   0,00    0,000    1,197   0,000   1,197
14,32   0,00    0,000    1,196   0,000   1,196

14,33   0,00    1,197    1,196   0,007   1,079   0,006   0,001   0,095   0,002   0,000   0,007   0,000 14095160000
14,33   4,61  593,445
14,33   0,00    0,000    0,000
14,33   0,00    0,000  536,789
14,33   0,00    0,000    1,197   0,000   1,197
14,33   0,00    0,000    1,196   0,000   1,196

14,34   0,00    1,197    1,196   0,007   1,079   0,006   0,001   0,095   0,002   0,000   0,007   0,000 14105000000
14,34   4,60  593,384
14,34   0,00    0,000    0,000
14,34   0,00    0,000  536,720
14,34   0,00    0,000    1,197   0,000   1,197
14,34   0,00    0,000    1,196   0,000   1,196

14,35   0,00    1,197    1,196   0,007   1,079   0,006   0,001   0,095   0,002   0,000   0,007   0,000 14114840000
14,35   4,60  593,323
14,35   0,00    0,000    0,000
14,35   0,00    0,000  536,650
14,35   0,00    0,000    1,197   0,000   1,197
14,35   0,00    0,000    1,196   0,000   1,196

14,36   0,00    1,197    1,196   0,007   1,079   0,006   0,001   0,095   0,002   0,000   0,007   0,000 14124670000
14,36   4,60  593,262
14,36   0,00    0,000    0,000
14,36   0,00    0,000  536,581
14,36   0,00    0,000    1,197   0,000   1,197
14,36   0,00    0,000    1,196   0,000   1,196

14,37   0,00    1,197    1,196   0,007   1,079   0,006   0,001   0,095   0,002   0,000   0,007   0,000 14134510000
14,37   4,60  593,201
14,37   0,00    0,000    0,000
14,37   0,00    0,000  536,512
14,37   0,00    0,000    1,197   0,000   1,197
14,37   0,00    0,000    1,196   0,000   1,196

14,38   0,00    1,197    1,196   0,007   1,079   0,006   0,001   0,095   0,002   0,000   0,007   0,000 14144350000
14,38   4,60  593,140
14,38   0,00    0,000    0,000
14,38   0,00    0,000  536,442
14,38   0,00    0,000    1,197   0,000   1,197
14,38   0,00    0,000    1,196   0,000   1,196

14,39   0,00    1,197    1,196   0,007   1,079   0,006   0,001   0,095   0,002   0,000   0,007   0,000 14154180000
14,39   4,60  593,079
14,39   0,00    0,000    0,000
14,39   0,00    0,000  536,373
14,39   0,00    0,000    1,197   0,000   1,197
14,39   0,00    0,000    1,196   0,000   1,196

14,40   0,00    1,197    1,196   0,007   1,079   0,006   0,001   0,095   0,002   0,000   0,007   0,000 14164020000
14,40   4,60  593,018
14,40   0,00    0,000    0,000
14,40   0,00    0,000  536,303
14,40   0,00    0,000    1,197   0,000   1,197
14,40   0,00    0,000    1,196   0,000   1,196

14,41   0,00    1,197    1,196   0,007   1,079   0,006   0,001   0,095   0,002   0,000   0,007   0,000 14173850000
14,41   4,60  592,957
14,41   0,00    0,000    0,000
14,41   0,00    0,000  536,234
14,41   0,00    0,000    1,197   0,000   1,197
14,41   0,00    0,000    1,196   0,000   1,196

14,42   0,00    1,197    1,196   0,007   1,079   0,006   0,001   0,095   0,002   0,000   0,007   0,000 14183690000
14,42   4,60  592,896
14,42   0,00    0,000    0,000
14,42   0,00    0,000  536,164
14,42   0,00    0,000    1,197   0,000   1,197
14,42   0,00    0,000    1,196   0,000   1,196

14,43   0,00    1,197    1,196   0,007   1,079   0,006   0,001   0,095   0,002   0,000   0,007   0,000 14193530000
14,43   4,60  592,835
14,43   0,00    0,000    0,000
14,43   0,00    0,000  536,094
14,43   0,00    0,000    1,197   0,000   1,197
14,43   0,00    0,000    1,196   0,000   1,196

14,44   0,00    1,197    1,196   0,007   1,079   0,006   0,001   0,095   0,002   0,000   0,007   0,000 14203360000
14,44   4,59  592,774
14,44   0,00    0,000    0,000
14,44   0,00    0,000  536,025
14,44   0,00    0,000    1,197   0,000   1,197
14,44   0,00    0,000    1,196   0,000   1,196

14,45   0,00    1,197    1,196   0,007   1,079   0,006   0,001   0,095   0,002   0,000   0,007   0,000 14213200000
14,45   4,59  592,713
14,45   0,00    0,000    0,000
14,45   0,00    0,000  535,955
14,45   0,00    0,000    1,197   0,000   1,197
14,45   0,00    0,000    1,196   0,000   1,196

14,46   0,00    1,197    1,196   0,007   1,079   0,006   0,001   0,095   0,002   0,000   0,007   0,000 14223030000
14,46   4,59  592,652
14,46   0,00    0,000    0,000
14,46   0,00    0,000  535,885
14,46   0,00    0,000    1,197   0,000   1,197
14,46   0,00    0,000    1,196   0,000   1,196

14,47   0,00    1,197    1,196   0,007   1,079   0,006   0,001   0,095   0,002   0,000   0,007   0,000 14232870000
14,47   4,59  592,458
14,47   0,00    0,000    0,000
14,47   0,00    0,000  535,676
14,47   0,00    0,000    1,197   0,000   1,197
14,47   0,00    0,000    1,196   0,000   1,196

14,48   0,00    1,197    1,196   0,007   1,079   0,006   0,001   0,095   0,002   0,000   0,007   0,000 14242710000
14,48   4,59  592,414
14,48   0,00    0,000    0,000
14,48   0,00    0,000  535,627
14,48   0,00    0,000    1,197   0,000   1,197
14,48   0,00    0,000    1,196   0,000   1,196

14,49   0,00    1,197    1,196   0,007   1,079   0,006   0,001   0,095   0,002   0,000   0,007   0,000 14252540000
14,49   4,59  592,370
14,49   0,00    0,000    0,000
14,49   0,00    0,000  535,578
14,49   0,00    0,000    1,197   0,000   1,197
14,49   0,00    0,000    1,196   0,000   1,196

14,50   0,00    1,197    1,196   0,007   1,079   0,006   0,001   0,095   0,002   0,000   0,007   0,000 14262380000
14,50   4,59  592,326
14,50   0,00    0,000    0,000
14,50   0,00    0,000  535,530
14,50   0,00    0,000    1,197   0,000   1,197
14,50   0,00    0,000    1,196   0,000   1,196

14,51   0,00    1,197    1,196   0,007   1,079   0,006   0,001   0,095   0,002   0,000   0,007   0,000 14272220000
14,51   4,59  592,282
14,51   0,00    0,000    0,000
14,51   0,00    0,000  535,481
14,51   0,00    0,000    1,197   0,000   1,197
14,51   0,00    0,000    1,196   0,000   1,196

14,52   0,00    1,197    1,196   0,007   1,079   0,006   0,001   0,095   0,002   0,000   0,007   0,000 14282050000
14,52   4,59  592,238
14,52   0,00    0,000    0,000
14,52   0,00    0,000  535,432
14,52   0,00    0,000    1,197   0,000   1,197
14,52   0,00    0,000    1,196   0,000   1,196

14,53   0,00    1,197    1,196   0,007   1,080   0,006   0,001   0,095   0,002   0,000   0,007   0,000 14291890000
14,53   4,59  592,193
14,53   0,00    0,000    0,000
14,53   0,00    0,000  535,383
14,53   0,00    0,000    1,197   0,000   1,197
14,53   0,00    0,000    1,196   0,000   1,196

14,54   0,00    1,197    1,196   0,007   1,080   0,006   0,001   0,095   0,002   0,000   0,007   0,000 14301720000
14,54   4,59  592,149
14,54   0,00    0,000    0,000
14,54   0,00    0,000  535,335
14,54   0,00    0,000    1,197   0,000   1,197
14,54   0,00    0,000    1,196   0,000   1,196

14,55   0,00    1,197    1,196   0,007   1,080   0,006   0,001   0,095   0,002   0,000   0,007   0,000 14311560000
14,55   4,59  592,105
14,55   0,00    0,000    0,000
14,55   0,00    0,000  535,286
14,55   0,00    0,000    1,197   0,000   1,197
14,55   0,00    0,000    1,196   0,000   1,196

14,56   0,00    1,197    1,196   0,007   1,080   0,006   0,001   0,095   0,002   0,000   0,007   0,000 14321400000
14,56   4,58  592,061
14,56   0,00    0,000    0,000
14,56   0,00    0,000  535,237
14,56   0,00    0,000    1,197   0,000   1,197
14,56   0,00    0,000    1,196   0,000   1,196

14,57   0,00    1,197    1,196   0,007   1,080   0,006   0,001   0,095   0,002   0,000   0,007   0,000 14331230000
14,57   4,58  592,016
14,57   0,00    0,000    0,000
14,57   0,00    0,000  535,188
14,57   0,00    0,000    1,197   0,000   1,197
14,57   0,00    0,000    1,196   0,000   1,196

14,58   0,00    1,197    1,196   0,007   1,080   0,006   0,001   0,095   0,002   0,000   0,007   0,000 14341070000
14,58   4,58  591,972
14,58   0,00    0,000    0,000
14,58   0,00    0,000  535,139
14,58   0,00    0,000    1,197   0,000   1,197
14,58   0,00    0,000    1,196   0,000   1,196

14,59   0,00    1,197    1,196   0,007   1,080   0,006   0,001   0,095   0,002   0,000   0,007   0,000 14350900000
14,59   4,58  591,928
14,59   0,00    0,000    0,000
14,59   0,00    0,000  535,090
14,59   0,00    0,000    1,197   0,000   1,197
14,59   0,00    0,000    1,196   0,000   1,196

14,60   0,00    1,197    1,196   0,007   1,080   0,006   0,001   0,095   0,002   0,000   0,007   0,000 14360740000
14,60   4,58  591,884
14,60   0,00    0,000    0,000
14,60   0,00    0,000  535,041
14,60   0,00    0,000    1,197   0,000   1,197
14,60   0,00    0,000    1,196   0,000   1,196

14,61   0,00    1,197    1,196   0,007   1,080   0,006   0,001   0,095   0,002   0,000   0,007   0,000 14370580000
14,61   4,58  591,839
14,61   0,00    0,000    0,000
14,61   0,00    0,000  534,991
14,61   0,00    0,000    1,197   0,000   1,197
14,61   0,00    0,000    1,196   0,000   1,196

14,62   0,00    1,197    1,196   0,007   1,080   0,006   0,001   0,095   0,002   0,000   0,007   0,000 14380410000
14,62   4,58  591,795
14,62   0,00    0,000    0,000
14,62   0,00    0,000  534,942
14,62   0,00    0,000    1,197   0,000   1,197
14,62   0,00    0,000    1,196   0,000   1,196

14,63   0,00    1,197    1,196   0,007   1,080   0,006   0,001   0,095   0,002   0,000   0,007   0,000 14390250000
14,63   4,58  591,751
14,63   0,00    0,000    0,000
14,63   0,00    0,000  534,893
14,63   0,00    0,000    1,197   0,000   1,197
14,63   0,00    0,000    1,196   0,000   1,196

14,64   0,00    1,197    1,196   0,007   1,080   0,006   0,001   0,095   0,002   0,000   0,007   0,000 14400080000
14,64   4,58  591,707
14,64   0,00    0,000    0,000
14,64   0,00    0,000  534,844
14,64   0,00    0,000    1,197   0,000   1,197
14,64   0,00    0,000    1,196   0,000   1,196

14,65   0,00    1,197    1,196   0,007   1,080   0,006   0,001   0,095   0,002   0,000   0,007   0,000 14409920000
14,65   4,58  591,662
14,65   0,00    0,000    0,000
14,65   0,00    0,000  534,794
14,65   0,00    0,000    1,197   0,000   1,197
14,65   0,00    0,000    1,196   0,000   1,196

14,66   0,00    1,197    1,196   0,007   1,080   0,006   0,001   0,095   0,002   0,000   0,007   0,000 14419760000
14,66   4,57  591,618
14,66   0,00    0,000    0,000
14,66   0,00    0,000  534,745
14,66   0,00    0,000    1,197   0,000   1,197
14,66   0,00    0,000    1,196   0,000   1,196

14,67   0,00    1,197    1,196   0,007   1,080   0,006   0,001   0,095   0,002   0,000   0,007   0,000 14429590000
14,67   4,57  591,573
14,67   0,00    0,000    0,000
14,67   0,00    0,000  534,695
14,67   0,00    0,000    1,197   0,000   1,197
14,67   0,00    0,000    1,196   0,000   1,196

14,68   0,00    1,197    1,196   0,007   1,080   0,006   0,001   0,095   0,002   0,000   0,007   0,000 14439430000
14,68   4,57  591,529
14,68   0,00    0,000    0,000
14,68   0,00    0,000  534,646
14,68   0,00    0,000    1,197   0,000   1,197
14,68   0,00    0,000    1,196   0,000   1,196

14,69   0,00    1,197    1,196   0,007   1,080   0,006   0,001   0,095   0,002   0,000   0,007   0,000 14449260000
14,69   4,57  591,485
14,69   0,00    0,000    0,000
14,69   0,00    0,000  534,597
14,69   0,00    0,000    1,197   0,000   1,197
14,69   0,00    0,000    1,196   0,000   1,196

14,70   0,00    1,197    1,196   0,007   1,080   0,006   0,001   0,095   0,002   0,000   0,007   0,000 14459100000
14,70   4,57  591,440
14,70   0,00    0,000    0,000
14,70   0,00    0,000  534,547
14,70   0,00    0,000    1,197   0,000   1,197
14,70   0,00    0,000    1,196   0,000   1,196

14,71   0,00    1,197    1,196   0,007   1,080   0,006   0,001   0,095   0,002   0,000   0,007   0,000 14468940000
14,71   4,57  591,396
14,71   0,00    0,000    0,000
14,71   0,00    0,000  534,497
14,71   0,00    0,000    1,197   0,000   1,197
14,71   0,00    0,000    1,196   0,000   1,196

14,72   0,00    1,197    1,196   0,007   1,080   0,006   0,001   0,095   0,002   0,000   0,007   0,000 14478770000
14,72   4,57  591,351
14,72   0,00    0,000    0,000
14,72   0,00    0,000  534,448
14,72   0,00    0,000    1,197   0,000   1,197
14,72   0,00    0,000    1,196   0,000   1,196

14,73   0,00    1,197    1,196   0,007   1,080   0,006   0,001   0,095   0,002   0,000   0,007   0,000 14488610000
14,73   4,57  591,307
14,73   0,00    0,000    0,000
14,73   0,00    0,000  534,398
14,73   0,00    0,000    1,197   0,000   1,197
14,73   0,00    0,000    1,196   0,000   1,196

14,74   0,00    1,197    1,196   0,007   1,080   0,006   0,001   0,095   0,002   0,000   0,007   0,000 14498450000
14,74   4,57  591,263
14,74   0,00    0,000    0,000
14,74   0,00    0,000  534,348
14,74   0,00    0,000    1,197   0,000   1,197
14,74   0,00    0,000    1,196   0,000   1,196

14,75   0,00    1,197    1,196   0,007   1,080   0,006   0,001   0,095   0,002   0,000   0,007   0,000 14508280000
14,75   4,57  591,218
14,75   0,00    0,000    0,000
14,75   0,00    0,000  534,298
14,75   0,00    0,000    1,197   0,000   1,197
14,75   0,00    0,000    1,196   0,000   1,196

14,76   0,00    1,197    1,196   0,007   1,080   0,006   0,001   0,095   0,002   0,000   0,007   0,000 14518120000
14,76   4,57  591,174
14,76   0,00    0,000    0,000
14,76   0,00    0,000  534,249
14,76   0,00    0,000    1,197   0,000   1,197
14,76   0,00    0,000    1,196   0,000   1,196

14,77   0,00    1,197    1,196   0,007   1,080   0,006   0,001   0,095   0,002   0,000   0,007   0,000 14527950000
14,77   4,56  591,129
14,77   0,00    0,000    0,000
14,77   0,00    0,000  534,199
14,77   0,00    0,000    1,197   0,000   1,197
14,77   0,00    0,000    1,196   0,000   1,196

14,78   0,00    1,197    1,196   0,007   1,080   0,006   0,001   0,095   0,002   0,000   0,007   0,000 14537790000
14,78   4,56  591,085
14,78   0,00    0,000    0,000
14,78   0,00    0,000  534,149
14,78   0,00    0,000    1,197   0,000   1,197
14,78   0,00    0,000    1,196   0,000   1,196

14,79   0,00    1,197    1,196   0,007   1,080   0,006   0,001   0,095   0,002   0,000   0,007   0,000 14547630000
14,79   4,56  591,040
14,79   0,00    0,000    0,000
14,79   0,00    0,000  534,099
14,79   0,00    0,000    1,197   0,000   1,197
14,79   0,00    0,000    1,196   0,000   1,196

14,80   0,00    1,197    1,196   0,007   1,080   0,006   0,001   0,095   0,002   0,000   0,007   0,000 14557460000
14,80   4,56  590,995
14,80   0,00    0,000    0,000
14,80   0,00    0,000  534,049
14,80   0,00    0,000    1,197   0,000   1,197
14,80   0,00    0,000    1,196   0,000   1,196

14,81   0,00    1,197    1,196   0,007   1,080   0,006   0,001   0,095   0,002   0,000   0,007   0,000 14567300000
14,81   4,56  590,951
14,81   0,00    0,000    0,000
14,81   0,00    0,000  533,999
14,81   0,00    0,000    1,197   0,000   1,197
14,81   0,00    0,000    1,196   0,000   1,196

14,82   0,00    1,197    1,196   0,007   1,080   0,006   0,001   0,095   0,002   0,000   0,007   0,000 14577130000
14,82   4,56  590,906
14,82   0,00    0,000    0,000
14,82   0,00    0,000  533,949
14,82   0,00    0,000    1,197   0,000   1,197
14,82   0,00    0,000    1,196   0,000   1,196

14,83   0,00    1,197    1,196   0,007   1,080   0,006   0,001   0,095   0,002   0,000   0,007   0,000 14586970000
14,83   4,56  590,862
14,83   0,00    0,000    0,000
14,83   0,00    0,000  533,899
14,83   0,00    0,000    1,197   0,000   1,197
14,83   0,00    0,000    1,196   0,000   1,196

14,84   0,00    1,197    1,196   0,007   1,080   0,006   0,001   0,095   0,002   0,000   0,007   0,000 14596810000
14,84   4,56  590,817
14,84   0,00    0,000    0,000
14,84   0,00    0,000  533,849
14,84   0,00    0,000    1,197   0,000   1,197
14,84   0,00    0,000    1,196   0,000   1,196

14,85   0,00    1,197    1,196   0,007   1,080   0,006   0,001   0,095   0,002   0,000   0,007   0,000 14606640000
14,85   4,56  590,773
14,85   0,00    0,000    0,000
14,85   0,00    0,000  533,798
14,85   0,00    0,000    1,197   0,000   1,197
14,85   0,00    0,000    1,196   0,000   1,196

14,86   0,00    1,197    1,196   0,007   1,080   0,006   0,001   0,095   0,002   0,000   0,007   0,000 14616480000
14,86   4,56  590,728
14,86   0,00    0,000    0,000
14,86   0,00    0,000  533,748
14,86   0,00    0,000    1,197   0,000   1,197
14,86   0,00    0,000    1,196   0,000   1,196

14,87   0,00    1,197    1,196   0,007   1,080   0,006   0,001   0,095   0,002   0,000   0,007   0,000 14626320000
14,87   4,56  590,683
14,87   0,00    0,000    0,000
14,87   0,00    0,000  533,698
14,87   0,00    0,000    1,197   0,000   1,197
14,87   0,00    0,000    1,196   0,000   1,196

14,88   0,00    1,197    1,196   0,007   1,080   0,006   0,001   0,095   0,002   0,000   0,007   0,000 14636150000
14,88   4,55  590,639
14,88   0,00    0,000    0,000
14,88   0,00    0,000  533,647
14,88   0,00    0,000    1,197   0,000   1,197
14,88   0,00    0,000    1,196   0,000   1,196

14,89   0,00    1,197    1,196   0,007   1,080   0,006   0,001   0,095   0,002   0,000   0,007   0,000 14645990000
14,89   4,55  590,594
14,89   0,00    0,000    0,000
14,89   0,00    0,000  533,597
14,89   0,00    0,000    1,197   0,000   1,197
14,89   0,00    0,000    1,196   0,000   1,196

14,90   0,00    1,197    1,196   0,007   1,080   0,006   0,001   0,095   0,002   0,000   0,007   0,000 14655820000
14,90   4,55  590,550
14,90   0,00    0,000    0,000
14,90   0,00    0,000  533,547
14,90   0,00    0,000    1,197   0,000   1,197
14,90   0,00    0,000    1,196   0,000   1,196

14,91   0,00    1,197    1,196   0,007   1,080   0,006   0,001   0,095   0,002   0,000   0,007   0,000 14665660000
14,91   4,55  590,505
14,91   0,00    0,000    0,000
14,91   0,00    0,000  533,496
14,91   0,00    0,000    1,197   0,000   1,197
14,91   0,00    0,000    1,196   0,000   1,196

14,92   0,00    1,197    1,196   0,007   1,080   0,006   0,001   0,095   0,002   0,000   0,007   0,000 14675500000
14,92   4,55  590,460
14,92   0,00    0,000    0,000
14,92   0,00    0,000  533,446
14,92   0,00    0,000    1,197   0,000   1,197
14,92   0,00    0,000    1,196   0,000   1,196

14,93   0,00    1,197    1,196   0,007   1,080   0,006   0,001   0,095   0,002   0,000   0,007   0,000 14685330000
14,93   4,55  590,416
14,93   0,00    0,000    0,000
14,93   0,00    0,000  533,395
14,93   0,00    0,000    1,197   0,000   1,197
14,93   0,00    0,000    1,196   0,000   1,196

14,94   0,00    1,197    1,196   0,007   1,080   0,006   0,001   0,095   0,002   0,000   0,007   0,000 14695170000
14,94   4,55  590,371
14,94   0,00    0,000    0,000
14,94   0,00    0,000  533,345
14,94   0,00    0,000    1,197   0,000   1,197
14,94   0,00    0,000    1,196   0,000   1,196

14,95   0,00    1,197    1,196   0,007   1,080   0,006   0,001   0,095   0,002   0,000   0,007   0,000 14705000000
14,95   4,55  590,326
14,95   0,00    0,000    0,000
14,95   0,00    0,000  533,294
14,95   0,00    0,000    1,197   0,000   1,197
14,95   0,00    0,000    1,196   0,000   1,196

14,96   0,00    1,197    1,196   0,007   1,080   0,006   0,001   0,095   0,002   0,000   0,007   0,000 14714840000
14,96   4,55  590,282
14,96   0,00    0,000    0,000
14,96   0,00    0,000  533,243
14,96   0,00    0,000    1,197   0,000   1,197
14,96   0,00    0,000    1,196   0,000   1,196

14,97   0,00    1,197    1,196   0,007   1,080   0,006   0,001   0,095   0,002   0,000   0,007   0,000 14724680000
14,97   4,55  590,237
14,97   0,00    0,000    0,000
14,97   0,00    0,000  533,193
14,97   0,00    0,000    1,197   0,000   1,197
14,97   0,00    0,000    1,196   0,000   1,196

14,98   0,00    1,197    1,196   0,007   1,080   0,006   0,001   0,095   0,002   0,000   0,007   0,000 14734510000
14,98   4,54  590,192
14,98   0,00    0,000    0,000
14,98   0,00    0,000  533,142
14,98   0,00    0,000    1,197   0,000   1,197
14,98   0,00    0,000    1,196   0,000   1,196

14,99   0,00    1,197    1,196   0,007   1,080   0,006   0,001   0,095   0,002   0,000   0,007   0,000 14744350000
14,99   4,54  590,147
14,99   0,00    0,000    0,000
14,99   0,00    0,000  533,091
14,99   0,00    0,000    1,197   0,000   1,197
14,99   0,00    0,000    1,196   0,000   1,196

15,00   0,00    1,197    1,196   0,007   1,080   0,006   0,001   0,095   0,002   0,000   0,007   0,000 14754190000
15,00   4,54  590,103
15,00   0,00    0,000    0,000
15,00   0,00    0,000  533,041
15,00   0,00    0,000    1,197   0,000   1,197
15,00   0,00    0,000    1,196   0,000   1,196

15,01   0,00    1,197    1,196   0,007   1,080   0,006   0,001   0,095   0,002   0,000   0,007   0,000 14764020000
15,01   4,54  590,058
15,01   0,00    0,000    0,000
15,01   0,00    0,000  532,990
15,01   0,00    0,000    1,197   0,000   1,197
15,01   0,00    0,000    1,196   0,000   1,196

15,02   0,00    1,197    1,196   0,007   1,080   0,006   0,001   0,095   0,002   0,000   0,007   0,000 14773860000
15,02   4,54  590,013
15,02   0,00    0,000    0,000
15,02   0,00    0,000  532,939
15,02   0,00    0,000    1,197   0,000   1,197
15,02   0,00    0,000    1,196   0,000   1,196

15,03   0,00    1,197    1,196   0,007   1,080   0,006   0,001   0,095   0,002   0,000   0,007   0,000 14783690000
15,03   4,54  589,968
15,03   0,00    0,000    0,000
15,03   0,00    0,000  532,888
15,03   0,00    0,000    1,197   0,000   1,197
15,03   0,00    0,000    1,196   0,000   1,196

15,04   0,00    1,197    1,196   0,007   1,080   0,006   0,001   0,095   0,002   0,000   0,007   0,000 14793530000
15,04   4,54  589,924
15,04   0,00    0,000    0,000
15,04   0,00    0,000  532,837
15,04   0,00    0,000    1,197   0,000   1,197
15,04   0,00    0,000    1,196   0,000   1,196

15,05   0,00    1,197    1,196   0,007   1,080   0,006   0,001   0,095   0,002   0,000   0,007   0,000 14803370000
15,05   4,54  589,879
15,05   0,00    0,000    0,000
15,05   0,00    0,000  532,786
15,05   0,00    0,000    1,197   0,000   1,197
15,05   0,00    0,000    1,196   0,000   1,196

15,06   0,00    1,197    1,196   0,007   1,080   0,006   0,001   0,095   0,002   0,000   0,007   0,000 14813200000
15,06   4,54  589,834
15,06   0,00    0,000    0,000
15,06   0,00    0,000  532,735
15,06   0,00    0,000    1,197   0,000   1,197
15,06   0,00    0,000    1,196   0,000   1,196

15,07   0,00    1,197    1,196   0,007   1,080   0,006   0,001   0,095   0,002   0,000   0,007   0,000 14823040000
15,07   4,54  589,789
15,07   0,00    0,000    0,000
15,07   0,00    0,000  532,684
15,07   0,00    0,000    1,197   0,000   1,197
15,07   0,00    0,000    1,196   0,000   1,196

15,08   0,00    1,197    1,196   0,007   1,080   0,006   0,001   0,095   0,002   0,000   0,007   0,000 14832870000
15,08   4,54  589,745
15,08   0,00    0,000    0,000
15,08   0,00    0,000  532,633
15,08   0,00    0,000    1,197   0,000   1,197
15,08   0,00    0,000    1,196   0,000   1,196

15,09   0,00    1,197    1,196   0,007   1,080   0,006   0,001   0,095   0,002   0,000   0,007   0,000 14842710000
15,09   4,53  589,700
15,09   0,00    0,000    0,000
15,09   0,00    0,000  532,582
15,09   0,00    0,000    1,197   0,000   1,197
15,09   0,00    0,000    1,196   0,000   1,196

15,10   0,00    1,197    1,196   0,007   1,080   0,006   0,001   0,095   0,002   0,000   0,007   0,000 14852550000
15,10   4,53  589,655
15,10   0,00    0,000    0,000
15,10   0,00    0,000  532,531
15,10   0,00    0,000    1,197   0,000   1,197
15,10   0,00    0,000    1,196   0,000   1,196

15,11   0,00    1,197    1,196   0,007   1,080   0,006   0,001   0,095   0,002   0,000   0,007   0,000 14862380000
15,11   4,53  589,610
15,11   0,00    0,000    0,000
15,11   0,00    0,000  532,479
15,11   0,00    0,000    1,197   0,000   1,197
15,11   0,00    0,000    1,196   0,000   1,196

15,12   0,00    1,197    1,196   0,007   1,080   0,006   0,001   0,095   0,002   0,000   0,007   0,000 14872220000
15,12   4,53  589,565
15,12   0,00    0,000    0,000
15,12   0,00    0,000  532,428
15,12   0,00    0,000    1,197   0,000   1,197
15,12   0,00    0,000    1,196   0,000   1,196

15,13   0,00    1,197    1,196   0,007   1,080   0,006   0,001   0,095   0,002   0,000   0,007   0,000 14882060000
15,13   4,53  589,520
15,13   0,00    0,000    0,000
15,13   0,00    0,000  532,377
15,13   0,00    0,000    1,197   0,000   1,197
15,13   0,00    0,000    1,196   0,000   1,196

15,14   0,00    1,197    1,196   0,007   1,080   0,006   0,001   0,095   0,002   0,000   0,007   0,000 14891890000
15,14   4,53  589,475
15,14   0,00    0,000    0,000
15,14   0,00    0,000  532,326
15,14   0,00    0,000    1,197   0,000   1,197
15,14   0,00    0,000    1,196   0,000   1,196

15,15   0,00    1,197    1,196   0,007   1,080   0,006   0,001   0,095   0,002   0,000   0,007   0,000 14901730000
15,15   4,53  589,431
15,15   0,00    0,000    0,000
15,15   0,00    0,000  532,274
15,15   0,00    0,000    1,197   0,000   1,197
15,15   0,00    0,000    1,196   0,000   1,196

15,16   0,00    1,197    1,196   0,007   1,080   0,006   0,001   0,095   0,002   0,000   0,007   0,000 14911560000
15,16   4,53  589,386
15,16   0,00    0,000    0,000
15,16   0,00    0,000  532,223
15,16   0,00    0,000    1,197   0,000   1,197
15,16   0,00    0,000    1,196   0,000   1,196

15,17   0,00    1,197    1,196   0,007   1,080   0,006   0,001   0,095   0,002   0,000   0,007   0,000 14921400000
15,17   4,53  589,341
15,17   0,00    0,000    0,000
15,17   0,00    0,000  532,172
15,17   0,00    0,000    1,197   0,000   1,197
15,17   0,00    0,000    1,196   0,000   1,196

15,18   0,00    1,197    1,196   0,007   1,080   0,006   0,001   0,095   0,002   0,000   0,007   0,000 14931240000
15,18   4,53  589,296
15,18   0,00    0,000    0,000
15,18   0,00    0,000  532,120
15,18   0,00    0,000    1,197   0,000   1,197
15,18   0,00    0,000    1,196   0,000   1,196

15,19   0,00    1,197    1,196   0,007   1,080   0,006   0,001   0,095   0,002   0,000   0,007   0,000 14941070000
15,19   4,53  589,251
15,19   0,00    0,000    0,000
15,19   0,00    0,000  532,068
15,19   0,00    0,000    1,197   0,000   1,197
15,19   0,00    0,000    1,196   0,000   1,196

15,20   0,00    1,197    1,196   0,007   1,080   0,006   0,001   0,095   0,002   0,000   0,007   0,000 14950910000
15,20   4,52  589,206
15,20   0,00    0,000    0,000
15,20   0,00    0,000  532,017
15,20   0,00    0,000    1,197   0,000   1,197
15,20   0,00    0,000    1,196   0,000   1,196

15,21   0,00    1,197    1,196   0,007   1,080   0,006   0,001   0,095   0,002   0,000   0,007   0,000 14960740000
15,21   4,52  589,161
15,21   0,00    0,000    0,000
15,21   0,00    0,000  531,965
15,21   0,00    0,000    1,197   0,000   1,197
15,21   0,00    0,000    1,196   0,000   1,196

15,22   0,00    1,196    1,196   0,007   1,080   0,006   0,001   0,095   0,002   0,000   0,007   0,000 14970580000
15,22   4,52  589,116
15,22   0,00    0,000    0,000
15,22   0,00    0,000  531,914
15,22   0,00    0,000    1,196   0,000   1,196
15,22   0,00    0,000    1,196   0,000   1,196

15,23   0,00    1,196    1,196   0,007   1,080   0,006   0,001   0,095   0,002   0,000   0,007   0,000 14980420000
15,23   4,52  589,071
15,23   0,00    0,000    0,000
15,23   0,00    0,000  531,862
15,23   0,00    0,000    1,196   0,000   1,196
15,23   0,00    0,000    1,196   0,000   1,196

15,24   0,00    1,196    1,196   0,007   1,080   0,006   0,001   0,095   0,002   0,000   0,007   0,000 14990250000
15,24   4,52  589,027
15,24   0,00    0,000    0,000
15,24   0,00    0,000  531,811
15,24   0,00    0,000    1,196   0,000   1,196
15,24   0,00    0,000    1,196   0,000   1,196

15,25   0,00    1,196    1,196   0,007   1,080   0,006   0,001   0,095   0,002   0,000   0,007   0,000 15000090000
15,25   4,52  588,982
15,25   0,00    0,000    0,000
15,25   0,00    0,000  531,759
15,25   0,00    0,000    1,196   0,000   1,196
15,25   0,00    0,000    1,196   0,000   1,196

15,26   0,00    1,196    1,196   0,007   1,080   0,006   0,001   0,095   0,002   0,000   0,007   0,000 15009930000
15,26   4,52  588,937
15,26   0,00    0,000    0,000
15,26   0,00    0,000  531,707
15,26   0,00    0,000    1,196   0,000   1,196
15,26   0,00    0,000    1,196   0,000   1,196

15,27   0,00    1,196    1,196   0,007   1,080   0,006   0,001   0,095   0,002   0,000   0,007   0,000 15019760000
15,27   4,52  588,892
15,27   0,00    0,000    0,000
15,27   0,00    0,000  531,655
15,27   0,00    0,000    1,196   0,000   1,196
15,27   0,00    0,000    1,196   0,000   1,196

15,28   0,00    1,196    1,196   0,007   1,080   0,005   0,001   0,095   0,002   0,000   0,007   0,000 15029600000
15,28   4,52  588,847
15,28   0,00    0,000    0,000
15,28   0,00    0,000  531,604
15,28   0,00    0,000    1,196   0,000   1,196
15,28   0,00    0,000    1,196   0,000   1,196

15,29   0,00    1,196    1,196   0,007   1,080   0,005   0,001   0,095   0,002   0,000   0,007   0,000 15039430000
15,29   4,52  588,802
15,29   0,00    0,000    0,000
15,29   0,00    0,000  531,552
15,29   0,00    0,000    1,196   0,000   1,196
15,29   0,00    0,000    1,196   0,000   1,196

15,30   0,00    1,196    1,196   0,007   1,080   0,005   0,001   0,095   0,002   0,000   0,007   0,000 15049270000
15,30   4,52  588,757
15,30   0,00    0,000    0,000
15,30   0,00    0,000  531,500
15,30   0,00    0,000    1,196   0,000   1,196
15,30   0,00    0,000    1,196   0,000   1,196

15,31   0,00    1,196    1,196   0,007   1,080   0,005   0,001   0,095   0,002   0,000   0,007   0,000 15059110000
15,31   4,51  588,712
15,31   0,00    0,000    0,000
15,31   0,00    0,000  531,448
15,31   0,00    0,000    1,196   0,000   1,196
15,31   0,00    0,000    1,196   0,000   1,196

15,32   0,00    1,196    1,196   0,007   1,080   0,005   0,001   0,095   0,002   0,000   0,007   0,000 15068940000
15,32   4,51  588,667
15,32   0,00    0,000    0,000
15,32   0,00    0,000  531,396
15,32   0,00    0,000    1,196   0,000   1,196
15,32   0,00    0,000    1,196   0,000   1,196

15,33   0,00    1,196    1,196   0,007   1,080   0,005   0,001   0,095   0,002   0,000   0,007   0,000 15078780000
15,33   4,51  588,622
15,33   0,00    0,000    0,000
15,33   0,00    0,000  531,344
15,33   0,00    0,000    1,196   0,000   1,196
15,33   0,00    0,000    1,196   0,000   1,196

15,34   0,00    1,196    1,196   0,007   1,080   0,005   0,001   0,095   0,002   0,000   0,007   0,000 15088610000
15,34   4,51  588,577
15,34   0,00    0,000    0,000
15,34   0,00    0,000  531,292
15,34   0,00    0,000    1,196   0,000   1,196
15,34   0,00    0,000    1,196   0,000   1,196

15,35   0,00    1,196    1,196   0,007   1,080   0,005   0,001   0,095   0,002   0,000   0,007   0,000 15098450000
15,35   4,51  588,532
15,35   0,00    0,000    0,000
15,35   0,00    0,000  531,240
15,35   0,00    0,000    1,196   0,000   1,196
15,35   0,00    0,000    1,196   0,000   1,196

15,36   0,00    1,196    1,196   0,007   1,080   0,005   0,001   0,095   0,002   0,000   0,007   0,000 15108290000
15,36   4,51  588,487
15,36   0,00    0,000    0,000
15,36   0,00    0,000  531,188
15,36   0,00    0,000    1,196   0,000   1,196
15,36   0,00    0,000    1,196   0,000   1,196

15,37   0,00    1,196    1,196   0,007   1,080   0,005   0,001   0,095   0,002   0,000   0,007   0,000 15118120000
15,37   4,51  588,442
15,37   0,00    0,000    0,000
15,37   0,00    0,000  531,136
15,37   0,00    0,000    1,196   0,000   1,196
15,37   0,00    0,000    1,196   0,000   1,196

15,38   0,00    1,196    1,196   0,007   1,080   0,005   0,001   0,095   0,002   0,000   0,007   0,000 15127960000
15,38   4,51  588,397
15,38   0,00    0,000    0,000
15,38   0,00    0,000  531,084
15,38   0,00    0,000    1,196   0,000   1,196
15,38   0,00    0,000    1,196   0,000   1,196

15,39   0,00    1,196    1,196   0,007   1,080   0,005   0,001   0,095   0,002   0,000   0,007   0,000 15137790000
15,39   4,51  588,352
15,39   0,00    0,000    0,000
15,39   0,00    0,000  531,032
15,39   0,00    0,000    1,196   0,000   1,196
15,39   0,00    0,000    1,196   0,000   1,196

15,40   0,00    1,196    1,196   0,007   1,080   0,005   0,001   0,095   0,002   0,000   0,007   0,000 15147630000
15,40   4,51  588,307
15,40   0,00    0,000    0,000
15,40   0,00    0,000  530,980
15,40   0,00    0,000    1,196   0,000   1,196
15,40   0,00    0,000    1,196   0,000   1,196

15,41   0,00    1,196    1,196   0,007   1,080   0,005   0,001   0,095   0,002   0,000   0,007   0,000 15157470000
15,41   4,50  588,262
15,41   0,00    0,000    0,000
15,41   0,00    0,000  530,927
15,41   0,00    0,000    1,196   0,000   1,196
15,41   0,00    0,000    1,196   0,000   1,196

15,42   0,00    1,196    1,196   0,007   1,080   0,005   0,001   0,095   0,002   0,000   0,007   0,000 15167300000
15,42   4,50  588,217
15,42   0,00    0,000    0,000
15,42   0,00    0,000  530,875
15,42   0,00    0,000    1,196   0,000   1,196
15,42   0,00    0,000    1,196   0,000   1,196

15,43   0,00    1,196    1,196   0,007   1,080   0,005   0,001   0,095   0,002   0,000   0,007   0,000 15177140000
15,43   4,50  588,172
15,43   0,00    0,000    0,000
15,43   0,00    0,000  530,823
15,43   0,00    0,000    1,196   0,000   1,196
15,43   0,00    0,000    1,196   0,000   1,196

15,44   0,00    1,196    1,196   0,007   1,080   0,005   0,001   0,095   0,002   0,000   0,007   0,000 15186970000
15,44   4,50  588,127
15,44   0,00    0,000    0,000
15,44   0,00    0,000  530,771
15,44   0,00    0,000    1,196   0,000   1,196
15,44   0,00    0,000    1,196   0,000   1,196

15,45   0,00    1,196    1,196   0,007   1,080   0,005   0,001   0,095   0,002   0,000   0,007   0,000 15196810000
15,45   4,50  588,082
15,45   0,00    0,000    0,000
15,45   0,00    0,000  530,718
15,45   0,00    0,000    1,196   0,000   1,196
15,45   0,00    0,000    1,196   0,000   1,196

15,46   0,00    1,196    1,196   0,007   1,080   0,005   0,001   0,095   0,002   0,000   0,007   0,000 15206650000
15,46   4,50  588,037
15,46   0,00    0,000    0,000
15,46   0,00    0,000  530,666
15,46   0,00    0,000    1,196   0,000   1,196
15,46   0,00    0,000    1,196   0,000   1,196

15,47   0,00    1,196    1,196   0,007   1,080   0,005   0,001   0,095   0,002   0,000   0,007   0,000 15216480000
15,47   4,50  587,992
15,47   0,00    0,000    0,000
15,47   0,00    0,000  530,613
15,47   0,00    0,000    1,196   0,000   1,196
15,47   0,00    0,000    1,196   0,000   1,196

15,48   0,00    1,196    1,196   0,007   1,080   0,005   0,001   0,095   0,002   0,000   0,007   0,000 15226320000
15,48   4,50  587,946
15,48   0,00    0,000    0,000
15,48   0,00    0,000  530,561
15,48   0,00    0,000    1,196   0,000   1,196
15,48   0,00    0,000    1,196   0,000   1,196

15,49   0,00    1,196    1,196   0,007   1,080   0,005   0,001   0,095   0,002   0,000   0,007   0,000 15236160000
15,49   4,50  587,901
15,49   0,00    0,000    0,000
15,49   0,00    0,000  530,509
15,49   0,00    0,000    1,196   0,000   1,196
15,49   0,00    0,000    1,196   0,000   1,196

15,50   0,00    1,196    1,196   0,007   1,080   0,005   0,001   0,095   0,002   0,000   0,007   0,000 15245990000
15,50   4,50  587,856
15,50   0,00    0,000    0,000
15,50   0,00    0,000  530,456
15,50   0,00    0,000    1,196   0,000   1,196
15,50   0,00    0,000    1,196   0,000   1,196

15,51   0,00    1,196    1,196   0,007   1,080   0,005   0,001   0,095   0,002   0,000   0,007   0,000 15255830000
15,51   4,50  587,811
15,51   0,00    0,000    0,000
15,51   0,00    0,000  530,404
15,51   0,00    0,000    1,196   0,000   1,196
15,51   0,00    0,000    1,196   0,000   1,196

15,52   0,00    1,196    1,196   0,007   1,080   0,005   0,001   0,095   0,002   0,000   0,007   0,000 15265660000
15,52   4,49  587,766
15,52   0,00    0,000    0,000
15,52   0,00    0,000  530,351
15,52   0,00    0,000    1,196   0,000   1,196
15,52   0,00    0,000    1,196   0,000   1,196

15,53   0,00    1,196    1,196   0,007   1,080   0,005   0,001   0,095   0,002   0,000   0,007   0,000 15275500000
15,53   4,49  587,721
15,53   0,00    0,000    0,000
15,53   0,00    0,000  530,298
15,53   0,00    0,000    1,196   0,000   1,196
15,53   0,00    0,000    1,196   0,000   1,196

15,54   0,00    1,196    1,196   0,007   1,080   0,005   0,001   0,095   0,002   0,000   0,007   0,000 15285340000
15,54   4,49  587,676
15,54   0,00    0,000    0,000
15,54   0,00    0,000  530,246
15,54   0,00    0,000    1,196   0,000   1,196
15,54   0,00    0,000    1,196   0,000   1,196

15,55   0,00    1,196    1,196   0,007   1,080   0,005   0,001   0,095   0,002   0,000   0,007   0,000 15295170000
15,55   4,49  587,631
15,55   0,00    0,000    0,000
15,55   0,00    0,000  530,193
15,55   0,00    0,000    1,196   0,000   1,196
15,55   0,00    0,000    1,196   0,000   1,196

15,56   0,00    1,196    1,196   0,007   1,080   0,005   0,001   0,095   0,002   0,000   0,007   0,000 15305010000
15,56   4,49  587,586
15,56   0,00    0,000    0,000
15,56   0,00    0,000  530,140
15,56   0,00    0,000    1,196   0,000   1,196
15,56   0,00    0,000    1,196   0,000   1,196

15,57   0,00    1,196    1,196   0,007   1,080   0,005   0,001   0,095   0,002   0,000   0,007   0,000 15314840000
15,57   4,49  587,541
15,57   0,00    0,000    0,000
15,57   0,00    0,000  530,088
15,57   0,00    0,000    1,196   0,000   1,196
15,57   0,00    0,000    1,196   0,000   1,196

15,58   0,00    1,196    1,196   0,007   1,080   0,005   0,001   0,095   0,002   0,000   0,007   0,000 15324680000
15,58   4,49  587,496
15,58   0,00    0,000    0,000
15,58   0,00    0,000  530,035
15,58   0,00    0,000    1,196   0,000   1,196
15,58   0,00    0,000    1,196   0,000   1,196

15,59   0,00    1,196    1,196   0,007   1,080   0,005   0,001   0,095   0,002   0,000   0,007   0,000 15334520000
15,59   4,49  587,451
15,59   0,00    0,000    0,000
15,59   0,00    0,000  529,982
15,59   0,00    0,000    1,196   0,000   1,196
15,59   0,00    0,000    1,196   0,000   1,196

15,60   0,00    1,196    1,196   0,007   1,080   0,005   0,001   0,095   0,002   0,000   0,007   0,000 15344350000
15,60   4,49  587,405
15,60   0,00    0,000    0,000
15,60   0,00    0,000  529,929
15,60   0,00    0,000    1,196   0,000   1,196
15,60   0,00    0,000    1,196   0,000   1,196

15,61   0,00    1,196    1,196   0,007   1,080   0,005   0,001   0,095   0,002   0,000   0,007   0,000 15354190000
15,61   4,49  587,360
15,61   0,00    0,000    0,000
15,61   0,00    0,000  529,877
15,61   0,00    0,000    1,196   0,000   1,196
15,61   0,00    0,000    1,196   0,000   1,196

15,62   0,00    1,196    1,196   0,007   1,080   0,005   0,001   0,095   0,002   0,000   0,007   0,000 15364020000
15,62   4,49  587,315
15,62   0,00    0,000    0,000
15,62   0,00    0,000  529,824
15,62   0,00    0,000    1,196   0,000   1,196
15,62   0,00    0,000    1,196   0,000   1,196

15,63   0,00    1,196    1,196   0,007   1,080   0,005   0,001   0,095   0,002   0,000   0,007   0,000 15373860000
15,63   4,48  587,270
15,63   0,00    0,000    0,000
15,63   0,00    0,000  529,771
15,63   0,00    0,000    1,196   0,000   1,196
15,63   0,00    0,000    1,196   0,000   1,196

15,64   0,00    1,196    1,196   0,007   1,080   0,005   0,001   0,095   0,002   0,000   0,007   0,000 15383700000
15,64   4,48  587,225
15,64   0,00    0,000    0,000
15,64   0,00    0,000  529,718
15,64   0,00    0,000    1,196   0,000   1,196
15,64   0,00    0,000    1,196   0,000   1,196

15,65   0,00    1,196    1,196   0,007   1,080   0,005   0,001   0,095   0,002   0,000   0,007   0,000 15393530000
15,65   4,48  587,180
15,65   0,00    0,000    0,000
15,65   0,00    0,000  529,665
15,65   0,00    0,000    1,196   0,000   1,196
15,65   0,00    0,000    1,196   0,000   1,196

15,66   0,00    1,196    1,196   0,007   1,080   0,005   0,001   0,095   0,002   0,000   0,007   0,000 15403370000
15,66   4,48  587,135
15,66   0,00    0,000    0,000
15,66   0,00    0,000  529,612
15,66   0,00    0,000    1,196   0,000   1,196
15,66   0,00    0,000    1,196   0,000   1,196

15,67   0,00    1,196    1,196   0,007   1,080   0,005   0,001   0,095   0,002   0,000   0,007   0,000 15413210000
15,67   4,48  587,089
15,67   0,00    0,000    0,000
15,67   0,00    0,000  529,559
15,67   0,00    0,000    1,196   0,000   1,196
15,67   0,00    0,000    1,196   0,000   1,196

15,68   0,00    1,196    1,196   0,007   1,080   0,005   0,001   0,095   0,002   0,000   0,007   0,000 15423040000
15,68   4,48  587,044
15,68   0,00    0,000    0,000
15,68   0,00    0,000  529,506
15,68   0,00    0,000    1,196   0,000   1,196
15,68   0,00    0,000    1,196   0,000   1,196

15,69   0,00    1,196    1,196   0,007   1,080   0,005   0,001   0,095   0,002   0,000   0,007   0,000 15432880000
15,69   4,48  586,999
15,69   0,00    0,000    0,000
15,69   0,00    0,000  529,453
15,69   0,00    0,000    1,196   0,000   1,196
15,69   0,00    0,000    1,196   0,000   1,196

15,70   0,00    1,196    1,196   0,007   1,080   0,005   0,001   0,095   0,002   0,000   0,007   0,000 15442710000
15,70   4,48  586,954
15,70   0,00    0,000    0,000
15,70   0,00    0,000  529,400
15,70   0,00    0,000    1,196   0,000   1,196
15,70   0,00    0,000    1,196   0,000   1,196

15,71   0,00    1,196    1,196   0,007   1,080   0,005   0,001   0,095   0,002   0,000   0,007   0,000 15452550000
15,71   4,48  586,909
15,71   0,00    0,000    0,000
15,71   0,00    0,000  529,347
15,71   0,00    0,000    1,196   0,000   1,196
15,71   0,00    0,000    1,196   0,000   1,196

15,72   0,00    1,196    1,196   0,007   1,080   0,005   0,001   0,095   0,002   0,000   0,007   0,000 15462390000
15,72   4,48  586,864
15,72   0,00    0,000    0,000
15,72   0,00    0,000  529,294
15,72   0,00    0,000    1,196   0,000   1,196
15,72   0,00    0,000    1,196   0,000   1,196

15,73   0,00    1,196    1,196   0,007   1,080   0,005   0,001   0,095   0,002   0,000   0,007   0,000 15472220000
15,73   4,48  586,818
15,73   0,00    0,000    0,000
15,73   0,00    0,000  529,241
15,73   0,00    0,000    1,196   0,000   1,196
15,73   0,00    0,000    1,196   0,000   1,196

15,74   0,00    1,196    1,196   0,007   1,080   0,005   0,001   0,095   0,002   0,000   0,007   0,000 15482060000
15,74   4,47  586,773
15,74   0,00    0,000    0,000
15,74   0,00    0,000  529,188
15,74   0,00    0,000    1,196   0,000   1,196
15,74   0,00    0,000    1,196   0,000   1,196

15,75   0,00    1,196    1,196   0,007   1,080   0,005   0,001   0,095   0,002   0,000   0,007   0,000 15491890000
15,75   4,47  586,728
15,75   0,00    0,000    0,000
15,75   0,00    0,000  529,134
15,75   0,00    0,000    1,196   0,000   1,196
15,75   0,00    0,000    1,196   0,000   1,196

15,76   0,00    1,196    1,196   0,007   1,080   0,005   0,001   0,095   0,002   0,000   0,007   0,000 15501730000
15,76   4,47  586,683
15,76   0,00    0,000    0,000
15,76   0,00    0,000  529,081
15,76   0,00    0,000    1,196   0,000   1,196
15,76   0,00    0,000    1,196   0,000   1,196

15,77   0,00    1,196    1,196   0,007   1,080   0,005   0,001   0,095   0,002   0,000   0,007   0,000 15511570000
15,77   4,47  586,638
15,77   0,00    0,000    0,000
15,77   0,00    0,000  529,028
15,77   0,00    0,000    1,196   0,000   1,196
15,77   0,00    0,000    1,196   0,000   1,196

15,78   0,00    1,196    1,196   0,007   1,080   0,005   0,001   0,095   0,002   0,000   0,007   0,000 15521400000
15,78   4,47  586,593
15,78   0,00    0,000    0,000
15,78   0,00    0,000  528,975
15,78   0,00    0,000    1,196   0,000   1,196
15,78   0,00    0,000    1,196   0,000   1,196

15,79   0,00    1,196    1,196   0,007   1,080   0,005   0,001   0,095   0,002   0,000   0,007   0,000 15531240000
15,79   4,47  586,548
15,79   0,00    0,000    0,000
15,79   0,00    0,000  528,921
15,79   0,00    0,000    1,196   0,000   1,196
15,79   0,00    0,000    1,196   0,000   1,196

15,80   0,00    1,196    1,196   0,007   1,080   0,005   0,001   0,095   0,002   0,000   0,007   0,000 15541070000
15,80   4,47  586,502
15,80   0,00    0,000    0,000
15,80   0,00    0,000  528,868
15,80   0,00    0,000    1,196   0,000   1,196
15,80   0,00    0,000    1,196   0,000   1,196

15,81   0,00    1,196    1,196   0,007   1,080   0,005   0,001   0,095   0,002   0,000   0,007   0,000 15550910000
15,81   4,47  586,457
15,81   0,00    0,000    0,000
15,81   0,00    0,000  528,814
15,81   0,00    0,000    1,196   0,000   1,196
15,81   0,00    0,000    1,196   0,000   1,196

15,82   0,00    1,196    1,196   0,007   1,080   0,005   0,001   0,095   0,002   0,000   0,007   0,000 15560750000
15,82   4,47  586,412
15,82   0,00    0,000    0,000
15,82   0,00    0,000  528,761
15,82   0,00    0,000    1,196   0,000   1,196
15,82   0,00    0,000    1,196   0,000   1,196

15,83   0,00    1,196    1,196   0,007   1,080   0,005   0,001   0,095   0,002   0,000   0,007   0,000 15570580000
15,83   4,47  586,367
15,83   0,00    0,000    0,000
15,83   0,00    0,000  528,708
15,83   0,00    0,000    1,196   0,000   1,196
15,83   0,00    0,000    1,196   0,000   1,196

15,84   0,00    1,196    1,196   0,007   1,081   0,005   0,001   0,095   0,002   0,000   0,007   0,000 15580420000
15,84   4,47  586,322
15,84   0,00    0,000    0,000
15,84   0,00    0,000  528,654
15,84   0,00    0,000    1,196   0,000   1,196
15,84   0,00    0,000    1,196   0,000   1,196

15,85   0,00    1,196    1,196   0,007   1,081   0,005   0,001   0,095   0,002   0,000   0,007   0,000 15590260000
15,85   4,46  586,276
15,85   0,00    0,000    0,000
15,85   0,00    0,000  528,601
15,85   0,00    0,000    1,196   0,000   1,196
15,85   0,00    0,000    1,196   0,000   1,196

15,86   0,00    1,196    1,196   0,007   1,081   0,005   0,001   0,095   0,002   0,000   0,007   0,000 15600090000
15,86   4,46  586,231
15,86   0,00    0,000    0,000
15,86   0,00    0,000  528,547
15,86   0,00    0,000    1,196   0,000   1,196
15,86   0,00    0,000    1,196   0,000   1,196

15,87   0,00    1,196    1,196   0,007   1,081   0,005   0,001   0,095   0,002   0,000   0,007   0,000 15609930000
15,87   4,46  586,186
15,87   0,00    0,000    0,000
15,87   0,00    0,000  528,494
15,87   0,00    0,000    1,196   0,000   1,196
15,87   0,00    0,000    1,196   0,000   1,196

15,88   0,00    1,196    1,196   0,007   1,081   0,005   0,001   0,095   0,002   0,000   0,007   0,000 15619760000
15,88   4,46  586,141
15,88   0,00    0,000    0,000
15,88   0,00    0,000  528,440
15,88   0,00    0,000    1,196   0,000   1,196
15,88   0,00    0,000    1,196   0,000   1,196

15,89   0,00    1,196    1,196   0,007   1,081   0,005   0,001   0,095   0,002   0,000   0,007   0,000 15629600000
15,89   4,46  586,096
15,89   0,00    0,000    0,000
15,89   0,00    0,000  528,387
15,89   0,00    0,000    1,196   0,000   1,196
15,89   0,00    0,000    1,196   0,000   1,196

15,90   0,00    1,196    1,196   0,007   1,081   0,005   0,001   0,095   0,002   0,000   0,007   0,000 15639440000
15,90   4,46  586,050
15,90   0,00    0,000    0,000
15,90   0,00    0,000  528,333
15,90   0,00    0,000    1,196   0,000   1,196
15,90   0,00    0,000    1,196   0,000   1,196

15,91   0,00    1,196    1,196   0,007   1,081   0,005   0,001   0,095   0,002   0,000   0,007   0,000 15649270000
15,91   4,46  586,005
15,91   0,00    0,000    0,000
15,91   0,00    0,000  528,279
15,91   0,00    0,000    1,196   0,000   1,196
15,91   0,00    0,000    1,196   0,000   1,196

15,92   0,00    1,196    1,196   0,007   1,081   0,005   0,001   0,095   0,002   0,000   0,007   0,000 15659110000
15,92   4,46  585,960
15,92   0,00    0,000    0,000
15,92   0,00    0,000  528,226
15,92   0,00    0,000    1,196   0,000   1,196
15,92   0,00    0,000    1,196   0,000   1,196

15,93   0,00    1,196    1,196   0,007   1,081   0,005   0,001   0,095   0,002   0,000   0,007   0,000 15668940000
15,93   4,46  585,915
15,93   0,00    0,000    0,000
15,93   0,00    0,000  528,172
15,93   0,00    0,000    1,196   0,000   1,196
15,93   0,00    0,000    1,196   0,000   1,196

15,94   0,00    1,196    1,196   0,007   1,081   0,005   0,001   0,095   0,002   0,000   0,007   0,000 15678780000
15,94   4,46  585,870
15,94   0,00    0,000    0,000
15,94   0,00    0,000  528,118
15,94   0,00    0,000    1,196   0,000   1,196
15,94   0,00    0,000    1,196   0,000   1,196

15,95   0,00    1,196    1,196   0,007   1,081   0,005   0,001   0,095   0,002   0,000   0,007   0,000 15688620000
15,95   4,46  585,824
15,95   0,00    0,000    0,000
15,95   0,00    0,000  528,065
15,95   0,00    0,000    1,196   0,000   1,196
15,95   0,00    0,000    1,196   0,000   1,196

15,96   0,00    1,196    1,196   0,007   1,081   0,005   0,001   0,095   0,002   0,000   0,007   0,000 15698450000
15,96   4,45  585,779
15,96   0,00    0,000    0,000
15,96   0,00    0,000  528,011
15,96   0,00    0,000    1,196   0,000   1,196
15,96   0,00    0,000    1,196   0,000   1,196

15,97   0,00    1,196    1,196   0,007   1,081   0,005   0,001   0,095   0,002   0,000   0,007   0,000 15708290000
15,97   4,45  585,734
15,97   0,00    0,000    0,000
15,97   0,00    0,000  527,957
15,97   0,00    0,000    1,196   0,000   1,196
15,97   0,00    0,000    1,196   0,000   1,196

15,98   0,00    1,196    1,196   0,007   1,081   0,005   0,001   0,095   0,002   0,000   0,007   0,000 15718120000
15,98   4,45  585,689
15,98   0,00    0,000    0,000
15,98   0,00    0,000  527,903
15,98   0,00    0,000    1,196   0,000   1,196
15,98   0,00    0,000    1,196   0,000   1,196

15,99   0,00    1,196    1,196   0,007   1,081   0,005   0,001   0,095   0,002   0,000   0,007   0,000 15727960000
15,99   4,45  585,644
15,99   0,00    0,000    0,000
15,99   0,00    0,000  527,850
15,99   0,00    0,000    1,196   0,000   1,196
15,99   0,00    0,000    1,196   0,000   1,196

16,00   0,00    1,196    1,196   0,007   1,081   0,005   0,001   0,095   0,002   0,000   0,007   0,000 15737800000
16,00   4,45  585,598
16,00   0,00    0,000    0,000
16,00   0,00    0,000  527,796
16,00   0,00    0,000    1,196   0,000   1,196
16,00   0,00    0,000    1,196   0,000   1,196

16,01   0,00    1,196    1,196   0,007   1,081   0,005   0,001   0,095   0,002   0,000   0,007   0,000 15747630000
16,01   4,45  585,553
16,01   0,00    0,000    0,000
16,01   0,00    0,000  527,742
16,01   0,00    0,000    1,196   0,000   1,196
16,01   0,00    0,000    1,196   0,000   1,196

16,02   0,00    1,196    1,196   0,007   1,081   0,005   0,001   0,095   0,002   0,000   0,007   0,000 15757470000
16,02   4,45  585,508
16,02   0,00    0,000    0,000
16,02   0,00    0,000  527,688
16,02   0,00    0,000    1,196   0,000   1,196
16,02   0,00    0,000    1,196   0,000   1,196

16,03   0,00    1,196    1,196   0,007   1,081   0,005   0,001   0,095   0,002   0,000   0,007   0,000 15767310000
16,03   4,45  585,463
16,03   0,00    0,000    0,000
16,03   0,00    0,000  527,634
16,03   0,00    0,000    1,196   0,000   1,196
16,03   0,00    0,000    1,196   0,000   1,196

16,04   0,00    1,196    1,196   0,007   1,081   0,005   0,001   0,095   0,002   0,000   0,007   0,000 15777140000
16,04   4,45  585,418
16,04   0,00    0,000    0,000
16,04   0,00    0,000  527,580
16,04   0,00    0,000    1,196   0,000   1,196
16,04   0,00    0,000    1,196   0,000   1,196

16,05   0,00    1,196    1,196   0,007   1,081   0,005   0,001   0,095   0,002   0,000   0,007   0,000 15786980000
16,05   4,45  585,372
16,05   0,00    0,000    0,000
16,05   0,00    0,000  527,526
16,05   0,00    0,000    1,196   0,000   1,196
16,05   0,00    0,000    1,196   0,000   1,196

16,06   0,00    1,196    1,196   0,007   1,081   0,005   0,001   0,095   0,002   0,000   0,007   0,000 15796810000
16,06   4,45  585,327
16,06   0,00    0,000    0,000
16,06   0,00    0,000  527,472
16,06   0,00    0,000    1,196   0,000   1,196
16,06   0,00    0,000    1,196   0,000   1,196

16,07   0,00    1,196    1,196   0,007   1,081   0,005   0,001   0,095   0,002   0,000   0,007   0,000 15806650000
16,07   4,44  585,282
16,07   0,00    0,000    0,000
16,07   0,00    0,000  527,418
16,07   0,00    0,000    1,196   0,000   1,196
16,07   0,00    0,000    1,196   0,000   1,196

16,08   0,00    1,196    1,196   0,007   1,081   0,005   0,001   0,095   0,002   0,000   0,007   0,000 15816490000
16,08   4,44  585,237
16,08   0,00    0,000    0,000
16,08   0,00    0,000  527,364
16,08   0,00    0,000    1,196   0,000   1,196
16,08   0,00    0,000    1,196   0,000   1,196

16,09   0,00    1,196    1,196   0,007   1,081   0,005   0,001   0,095   0,002   0,000   0,007   0,000 15826320000
16,09   4,44  585,191
16,09   0,00    0,000    0,000
16,09   0,00    0,000  527,310
16,09   0,00    0,000    1,196   0,000   1,196
16,09   0,00    0,000    1,196   0,000   1,196

16,10   0,00    1,196    1,196   0,007   1,081   0,005   0,001   0,095   0,002   0,000   0,007   0,000 15836160000
16,10   4,44  585,146
16,10   0,00    0,000    0,000
16,10   0,00    0,000  527,256
16,10   0,00    0,000    1,196   0,000   1,196
16,10   0,00    0,000    1,196   0,000   1,196

16,11   0,00    1,196    1,196   0,007   1,081   0,005   0,001   0,095   0,002   0,000   0,007   0,000 15846000000
16,11   4,44  585,101
16,11   0,00    0,000    0,000
16,11   0,00    0,000  527,202
16,11   0,00    0,000    1,196   0,000   1,196
16,11   0,00    0,000    1,196   0,000   1,196

16,12   0,00    1,196    1,196   0,007   1,081   0,005   0,001   0,095   0,002   0,000   0,007   0,000 15855830000
16,12   4,44  585,056
16,12   0,00    0,000    0,000
16,12   0,00    0,000  527,148
16,12   0,00    0,000    1,196   0,000   1,196
16,12   0,00    0,000    1,196   0,000   1,196

16,13   0,00    1,196    1,196   0,007   1,081   0,005   0,001   0,095   0,002   0,000   0,007   0,000 15865670000
16,13   4,44  585,011
16,13   0,00    0,000    0,000
16,13   0,00    0,000  527,094
16,13   0,00    0,000    1,196   0,000   1,196
16,13   0,00    0,000    1,196   0,000   1,196

16,14   0,00    1,196    1,196   0,007   1,081   0,005   0,001   0,095   0,002   0,000   0,007   0,000 15875500000
16,14   4,44  584,965
16,14   0,00    0,000    0,000
16,14   0,00    0,000  527,040
16,14   0,00    0,000    1,196   0,000   1,196
16,14   0,00    0,000    1,196   0,000   1,196

16,15   0,00    1,196    1,196   0,007   1,081   0,005   0,001   0,095   0,002   0,000   0,007   0,000 15885340000
16,15   4,44  584,920
16,15   0,00    0,000    0,000
16,15   0,00    0,000  526,985
16,15   0,00    0,000    1,196   0,000   1,196
16,15   0,00    0,000    1,196   0,000   1,196

16,16   0,00    1,196    1,196   0,007   1,081   0,005   0,001   0,095   0,002   0,000   0,007   0,000 15895180000
16,16   4,44  584,875
16,16   0,00    0,000    0,000
16,16   0,00    0,000  526,931
16,16   0,00    0,000    1,196   0,000   1,196
16,16   0,00    0,000    1,196   0,000   1,196

16,17   0,00    1,196    1,196   0,007   1,081   0,005   0,001   0,095   0,002   0,000   0,007   0,000 15905010000
16,17   4,44  584,830
16,17   0,00    0,000    0,000
16,17   0,00    0,000  526,877
16,17   0,00    0,000    1,196   0,000   1,196
16,17   0,00    0,000    1,196   0,000   1,196

16,18   0,00    1,196    1,196   0,007   1,081   0,005   0,001   0,095   0,002   0,000   0,007   0,000 15914850000
16,18   4,44  584,784
16,18   0,00    0,000    0,000
16,18   0,00    0,000  526,823
16,18   0,00    0,000    1,196   0,000   1,196
16,18   0,00    0,000    1,196   0,000   1,196

16,19   0,00    1,196    1,196   0,007   1,081   0,005   0,001   0,095   0,002   0,000   0,007   0,000 15924680000
16,19   4,43  584,739
16,19   0,00    0,000    0,000
16,19   0,00    0,000  526,768
16,19   0,00    0,000    1,196   0,000   1,196
16,19   0,00    0,000    1,196   0,000   1,196

16,20   0,00    1,196    1,196   0,007   1,081   0,005   0,001   0,095   0,002   0,000   0,007   0,000 15934520000
16,20   4,43  584,694
16,20   0,00    0,000    0,000
16,20   0,00    0,000  526,714
16,20   0,00    0,000    1,196   0,000   1,196
16,20   0,00    0,000    1,196   0,000   1,196

16,21   0,00    1,196    1,196   0,007   1,081   0,005   0,001   0,095   0,002   0,000   0,007   0,000 15944350000
16,21   4,43  584,649
16,21   0,00    0,000    0,000
16,21   0,00    0,000  526,660
16,21   0,00    0,000    1,196   0,000   1,196
16,21   0,00    0,000    1,196   0,000   1,196

16,22   0,00    1,196    1,196   0,007   1,081   0,005   0,001   0,095   0,002   0,000   0,007   0,000 15954190000
16,22   4,43  584,604
16,22   0,00    0,000    0,000
16,22   0,00    0,000  526,605
16,22   0,00    0,000    1,196   0,000   1,196
16,22   0,00    0,000    1,196   0,000   1,196

16,23   0,00    1,196    1,196   0,007   1,081   0,005   0,001   0,095   0,002   0,000   0,007   0,000 15964030000
16,23   4,43  584,558
16,23   0,00    0,000    0,000
16,23   0,00    0,000  526,551
16,23   0,00    0,000    1,196   0,000   1,196
16,23   0,00    0,000    1,196   0,000   1,196

16,24   0,00    1,196    1,196   0,007   1,081   0,005   0,001   0,095   0,002   0,000   0,007   0,000 15973860000
16,24   4,43  584,513
16,24   0,00    0,000    0,000
16,24   0,00    0,000  526,497
16,24   0,00    0,000    1,196   0,000   1,196
16,24   0,00    0,000    1,196   0,000   1,196

16,25   0,00    1,196    1,196   0,007   1,081   0,005   0,001   0,095   0,002   0,000   0,007   0,000 15983700000
16,25   4,43  584,468
16,25   0,00    0,000    0,000
16,25   0,00    0,000  526,442
16,25   0,00    0,000    1,196   0,000   1,196
16,25   0,00    0,000    1,196   0,000   1,196

16,26   0,00    1,196    1,196   0,007   1,081   0,005   0,001   0,095   0,002   0,000   0,007   0,000 15993540000
16,26   4,43  584,423
16,26   0,00    0,000    0,000
16,26   0,00    0,000  526,388
16,26   0,00    0,000    1,196   0,000   1,196
16,26   0,00    0,000    1,196   0,000   1,196

16,27   0,00    1,196    1,196   0,007   1,081   0,005   0,001   0,095   0,002   0,000   0,007   0,000 16003370000
16,27   4,43  584,378
16,27   0,00    0,000    0,000
16,27   0,00    0,000  526,333
16,27   0,00    0,000    1,196   0,000   1,196
16,27   0,00    0,000    1,196   0,000   1,196

16,28   0,00    1,196    1,196   0,007   1,081   0,005   0,001   0,095   0,002   0,000   0,007   0,000 16013210000
16,28   4,43  584,332
16,28   0,00    0,000    0,000
16,28   0,00    0,000  526,279
16,28   0,00    0,000    1,196   0,000   1,196
16,28   0,00    0,000    1,196   0,000   1,196

16,29   0,00    1,196    1,196   0,007   1,081   0,005   0,001   0,095   0,002   0,000   0,007   0,000 16023050000
16,29   4,43  584,287
16,29   0,00    0,000    0,000
16,29   0,00    0,000  526,224
16,29   0,00    0,000    1,196   0,000   1,196
16,29   0,00    0,000    1,196   0,000   1,196

16,30   0,00    1,196    1,196   0,007   1,081   0,005   0,001   0,095   0,002   0,000   0,007   0,000 16032880000
16,30   4,42  584,242
16,30   0,00    0,000    0,000
16,30   0,00    0,000  526,170
16,30   0,00    0,000    1,196   0,000   1,196
16,30   0,00    0,000    1,196   0,000   1,196

16,31   0,00    1,196    1,196   0,007   1,081   0,005   0,001   0,095   0,002   0,000   0,007   0,000 16042720000
16,31   4,42  584,197
16,31   0,00    0,000    0,000
16,31   0,00    0,000  526,115
16,31   0,00    0,000    1,196   0,000   1,196
16,31   0,00    0,000    1,196   0,000   1,196

16,32   0,00    1,196    1,196   0,007   1,081   0,005   0,001   0,095   0,002   0,000   0,007   0,000 16052550000
16,32   4,42  584,151
16,32   0,00    0,000    0,000
16,32   0,00    0,000  526,061
16,32   0,00    0,000    1,196   0,000   1,196
16,32   0,00    0,000    1,196   0,000   1,196

16,33   0,00    1,196    1,196   0,007   1,081   0,005   0,001   0,095   0,002   0,000   0,007   0,000 16062390000
16,33   4,42  584,106
16,33   0,00    0,000    0,000
16,33   0,00    0,000  526,006
16,33   0,00    0,000    1,196   0,000   1,196
16,33   0,00    0,000    1,196   0,000   1,196

16,34   0,00    1,196    1,196   0,007   1,081   0,005   0,001   0,095   0,002   0,000   0,007   0,000 16072230000
16,34   4,42  584,061
16,34   0,00    0,000    0,000
16,34   0,00    0,000  525,952
16,34   0,00    0,000    1,196   0,000   1,196
16,34   0,00    0,000    1,196   0,000   1,196

16,35   0,00    1,196    1,196   0,007   1,081   0,005   0,001   0,095   0,002   0,000   0,007   0,000 16082060000
16,35   4,42  584,016
16,35   0,00    0,000    0,000
16,35   0,00    0,000  525,897
16,35   0,00    0,000    1,196   0,000   1,196
16,35   0,00    0,000    1,196   0,000   1,196

16,36   0,00    1,196    1,196   0,007   1,081   0,005   0,001   0,095   0,002   0,000   0,007   0,000 16091900000
16,36   4,42  583,971
16,36   0,00    0,000    0,000
16,36   0,00    0,000  525,842
16,36   0,00    0,000    1,196   0,000   1,196
16,36   0,00    0,000    1,196   0,000   1,196

16,37   0,00    1,196    1,196   0,007   1,081   0,005   0,001   0,095   0,002   0,000   0,007   0,000 16101740000
16,37   4,42  583,925
16,37   0,00    0,000    0,000
16,37   0,00    0,000  525,788
16,37   0,00    0,000    1,196   0,000   1,196
16,37   0,00    0,000    1,196   0,000   1,196

16,38   0,00    1,196    1,196   0,007   1,081   0,005   0,001   0,095   0,002   0,000   0,007   0,000 16111570000
16,38   4,42  583,880
16,38   0,00    0,000    0,000
16,38   0,00    0,000  525,733
16,38   0,00    0,000    1,196   0,000   1,196
16,38   0,00    0,000    1,196   0,000   1,196

16,39   0,00    1,196    1,196   0,007   1,081   0,005   0,001   0,095   0,002   0,000   0,007   0,000 16121410000
16,39   4,42  583,835
16,39   0,00    0,000    0,000
16,39   0,00    0,000  525,679
16,39   0,00    0,000    1,196   0,000   1,196
16,39   0,00    0,000    1,196   0,000   1,196

16,40   0,00    1,196    1,196   0,007   1,081   0,005   0,001   0,095   0,002   0,000   0,007   0,000 16131240000
16,40   4,42  583,790
16,40   0,00    0,000    0,000
16,40   0,00    0,000  525,624
16,40   0,00    0,000    1,196   0,000   1,196
16,40   0,00    0,000    1,196   0,000   1,196

16,41   0,00    1,196    1,196   0,007   1,081   0,005   0,001   0,095   0,002   0,000   0,007   0,000 16141080000
16,41   4,41  583,745
16,41   0,00    0,000    0,000
16,41   0,00    0,000  525,569
16,41   0,00    0,000    1,196   0,000   1,196
16,41   0,00    0,000    1,196   0,000   1,196

16,42   0,00    1,196    1,196   0,007   1,081   0,005   0,001   0,095   0,002   0,000   0,007   0,000 16150920000
16,42   4,41  583,699
16,42   0,00    0,000    0,000
16,42   0,00    0,000  525,514
16,42   0,00    0,000    1,196   0,000   1,196
16,42   0,00    0,000    1,196   0,000   1,196

16,43   0,00    1,196    1,196   0,007   1,081   0,005   0,001   0,095   0,002   0,000   0,007   0,000 16160750000
16,43   4,41  583,654
16,43   0,00    0,000    0,000
16,43   0,00    0,000  525,460
16,43   0,00    0,000    1,196   0,000   1,196
16,43   0,00    0,000    1,196   0,000   1,196

16,44   0,00    1,196    1,196   0,007   1,081   0,005   0,001   0,095   0,002   0,000   0,007   0,000 16170590000
16,44   4,41  583,609
16,44   0,00    0,000    0,000
16,44   0,00    0,000  525,405
16,44   0,00    0,000    1,196   0,000   1,196
16,44   0,00    0,000    1,196   0,000   1,196

16,45   0,00    1,196    1,196   0,007   1,081   0,005   0,001   0,095   0,002   0,000   0,007   0,000 16180420000
16,45   4,41  583,564
16,45   0,00    0,000    0,000
16,45   0,00    0,000  525,350
16,45   0,00    0,000    1,196   0,000   1,196
16,45   0,00    0,000    1,196   0,000   1,196

16,46   0,00    1,196    1,196   0,007   1,081   0,005   0,001   0,095   0,002   0,000   0,007   0,000 16190260000
16,46   4,41  583,519
16,46   0,00    0,000    0,000
16,46   0,00    0,000  525,295
16,46   0,00    0,000    1,196   0,000   1,196
16,46   0,00    0,000    1,196   0,000   1,196

16,47   0,00    1,196    1,196   0,007   1,081   0,005   0,001   0,095   0,002   0,000   0,007   0,000 16200090000
16,47   4,41  583,473
16,47   0,00    0,000    0,000
16,47   0,00    0,000  525,240
16,47   0,00    0,000    1,196   0,000   1,196
16,47   0,00    0,000    1,196   0,000   1,196

16,48   0,00    1,196    1,196   0,007   1,081   0,005   0,001   0,095   0,002   0,000   0,007   0,000 16209930000
16,48   4,41  583,428
16,48   0,00    0,000    0,000
16,48   0,00    0,000  525,185
16,48   0,00    0,000    1,196   0,000   1,196
16,48   0,00    0,000    1,196   0,000   1,196

16,49   0,00    1,196    1,196   0,007   1,081   0,005   0,001   0,095   0,002   0,000   0,007   0,000 16219770000
16,49   4,41  583,383
16,49   0,00    0,000    0,000
16,49   0,00    0,000  525,131
16,49   0,00    0,000    1,196   0,000   1,196
16,49   0,00    0,000    1,196   0,000   1,196

16,50   0,00    1,196    1,196   0,007   1,081   0,005   0,001   0,095   0,002   0,000   0,007   0,000 16229600000
16,50   4,41  583,338
16,50   0,00    0,000    0,000
16,50   0,00    0,000  525,076
16,50   0,00    0,000    1,196   0,000   1,196
16,50   0,00    0,000    1,196   0,000   1,196

16,51   0,00    1,196    1,196   0,007   1,081   0,005   0,001   0,095   0,002   0,000   0,007   0,000 16239440000
16,51   4,41  583,293
16,51   0,00    0,000    0,000
16,51   0,00    0,000  525,021
16,51   0,00    0,000    1,196   0,000   1,196
16,51   0,00    0,000    1,196   0,000   1,196

16,52   0,00    1,196    1,196   0,007   1,081   0,005   0,001   0,095   0,002   0,000   0,007   0,000 16249280000
16,52   4,40  583,247
16,52   0,00    0,000    0,000
16,52   0,00    0,000  524,966
16,52   0,00    0,000    1,196   0,000   1,196
16,52   0,00    0,000    1,196   0,000   1,196

16,53   0,00    1,196    1,196   0,007   1,081   0,005   0,001   0,095   0,002   0,000   0,007   0,000 16259110000
16,53   4,40  583,202
16,53   0,00    0,000    0,000
16,53   0,00    0,000  524,911
16,53   0,00    0,000    1,196   0,000   1,196
16,53   0,00    0,000    1,196   0,000   1,196

16,54   0,00    1,196    1,196   0,007   1,081   0,005   0,001   0,095   0,002   0,000   0,007   0,000 16268950000
16,54   4,40  583,157
16,54   0,00    0,000    0,000
16,54   0,00    0,000  524,856
16,54   0,00    0,000    1,196   0,000   1,196
16,54   0,00    0,000    1,196   0,000   1,196

16,55   0,00    1,196    1,196   0,007   1,081   0,005   0,001   0,095   0,002   0,000   0,007   0,000 16278780000
16,55   4,40  583,112
16,55   0,00    0,000    0,000
16,55   0,00    0,000  524,801
16,55   0,00    0,000    1,196   0,000   1,196
16,55   0,00    0,000    1,196   0,000   1,196

16,56   0,00    1,196    1,196   0,007   1,081   0,005   0,001   0,095   0,002   0,000   0,007   0,000 16288620000
16,56   4,40  583,067
16,56   0,00    0,000    0,000
16,56   0,00    0,000  524,746
16,56   0,00    0,000    1,196   0,000   1,196
16,56   0,00    0,000    1,196   0,000   1,196

16,57   0,00    1,196    1,196   0,007   1,081   0,005   0,001   0,095   0,002   0,000   0,007   0,000 16298460000
16,57   4,40  583,022
16,57   0,00    0,000    0,000
16,57   0,00    0,000  524,691
16,57   0,00    0,000    1,196   0,000   1,196
16,57   0,00    0,000    1,196   0,000   1,196

16,58   0,00    1,196    1,196   0,007   1,081   0,005   0,001   0,095   0,002   0,000   0,007   0,000 16308290000
16,58   4,40  582,976
16,58   0,00    0,000    0,000
16,58   0,00    0,000  524,636
16,58   0,00    0,000    1,196   0,000   1,196
16,58   0,00    0,000    1,196   0,000   1,196

16,59   0,00    1,196    1,196   0,007   1,081   0,005   0,001   0,095   0,002   0,000   0,007   0,000 16318130000
16,59   4,40  582,931
16,59   0,00    0,000    0,000
16,59   0,00    0,000  524,581
16,59   0,00    0,000    1,196   0,000   1,196
16,59   0,00    0,000    1,196   0,000   1,196

16,60   0,00    1,196    1,196   0,007   1,081   0,005   0,001   0,095   0,002   0,000   0,007   0,000 16327970000
16,60   4,40  582,886
16,60   0,00    0,000    0,000
16,60   0,00    0,000  524,526
16,60   0,00    0,000    1,196   0,000   1,196
16,60   0,00    0,000    1,196   0,000   1,196

16,61   0,00    1,196    1,196   0,007   1,081   0,005   0,001   0,095   0,002   0,000   0,007   0,000 16337800000
16,61   4,40  582,841
16,61   0,00    0,000    0,000
16,61   0,00    0,000  524,471
16,61   0,00    0,000    1,196   0,000   1,196
16,61   0,00    0,000    1,196   0,000   1,196

16,62   0,00    1,196    1,196   0,007   1,081   0,005   0,001   0,095   0,002   0,000   0,007   0,000 16347640000
16,62   4,40  582,796
16,62   0,00    0,000    0,000
16,62   0,00    0,000  524,416
16,62   0,00    0,000    1,196   0,000   1,196
16,62   0,00    0,000    1,196   0,000   1,196

16,63   0,00    1,196    1,196   0,007   1,081   0,005   0,001   0,095   0,002   0,000   0,007   0,000 16357470000
16,63   4,40  582,751
16,63   0,00    0,000    0,000
16,63   0,00    0,000  524,360
16,63   0,00    0,000    1,196   0,000   1,196
16,63   0,00    0,000    1,196   0,000   1,196

16,64   0,00    1,196    1,196   0,007   1,081   0,005   0,001   0,095   0,002   0,000   0,007   0,000 16367310000
16,64   4,39  582,705
16,64   0,00    0,000    0,000
16,64   0,00    0,000  524,305
16,64   0,00    0,000    1,196   0,000   1,196
16,64   0,00    0,000    1,196   0,000   1,196

16,65   0,00    1,196    1,196   0,007   1,081   0,005   0,001   0,095   0,002   0,000   0,007   0,000 16377150000
16,65   4,39  582,660
16,65   0,00    0,000    0,000
16,65   0,00    0,000  524,250
16,65   0,00    0,000    1,196   0,000   1,196
16,65   0,00    0,000    1,196   0,000   1,196

16,66   0,00    1,196    1,196   0,007   1,081   0,005   0,001   0,095   0,002   0,000   0,007   0,000 16386980000
16,66   4,39  582,615
16,66   0,00    0,000    0,000
16,66   0,00    0,000  524,195
16,66   0,00    0,000    1,196   0,000   1,196
16,66   0,00    0,000    1,196   0,000   1,196

16,67   0,00    1,196    1,196   0,007   1,081   0,005   0,001   0,095   0,002   0,000   0,007   0,000 16396820000
16,67   4,39  582,570
16,67   0,00    0,000    0,000
16,67   0,00    0,000  524,140
16,67   0,00    0,000    1,196   0,000   1,196
16,67   0,00    0,000    1,196   0,000   1,196

16,68   0,00    1,196    1,196   0,007   1,081   0,005   0,001   0,095   0,002   0,000   0,007   0,000 16406650000
16,68   4,39  582,525
16,68   0,00    0,000    0,000
16,68   0,00    0,000  524,084
16,68   0,00    0,000    1,196   0,000   1,196
16,68   0,00    0,000    1,196   0,000   1,196

16,69   0,00    1,196    1,196   0,007   1,081   0,005   0,001   0,095   0,002   0,000   0,007   0,000 16416490000
16,69   4,39  582,480
16,69   0,00    0,000    0,000
16,69   0,00    0,000  524,029
16,69   0,00    0,000    1,196   0,000   1,196
16,69   0,00    0,000    1,196   0,000   1,196

16,70   0,00    1,196    1,196   0,007   1,081   0,005   0,001   0,095   0,002   0,000   0,007   0,000 16426330000
16,70   4,39  582,435
16,70   0,00    0,000    0,000
16,70   0,00    0,000  523,974
16,70   0,00    0,000    1,196   0,000   1,196
16,70   0,00    0,000    1,196   0,000   1,196

16,71   0,00    1,196    1,196   0,007   1,081   0,005   0,001   0,095   0,002   0,000   0,007   0,000 16436160000
16,71   4,39  582,389
16,71   0,00    0,000    0,000
16,71   0,00    0,000  523,919
16,71   0,00    0,000    1,196   0,000   1,196
16,71   0,00    0,000    1,196   0,000   1,196

16,72   0,00    1,196    1,196   0,007   1,081   0,005   0,001   0,095   0,002   0,000   0,007   0,000 16446000000
16,72   4,39  582,344
16,72   0,00    0,000    0,000
16,72   0,00    0,000  523,863
16,72   0,00    0,000    1,196   0,000   1,196
16,72   0,00    0,000    1,196   0,000   1,196

16,73   0,00    1,196    1,196   0,007   1,081   0,005   0,001   0,095   0,002   0,000   0,007   0,000 16455830000
16,73   4,39  582,299
16,73   0,00    0,000    0,000
16,73   0,00    0,000  523,808
16,73   0,00    0,000    1,196   0,000   1,196
16,73   0,00    0,000    1,196   0,000   1,196

16,74   0,00    1,196    1,196   0,007   1,081   0,005   0,001   0,095   0,002   0,000   0,007   0,000 16465670000
16,74   4,39  582,254
16,74   0,00    0,000    0,000
16,74   0,00    0,000  523,753
16,74   0,00    0,000    1,196   0,000   1,196
16,74   0,00    0,000    1,196   0,000   1,196

16,75   0,00    1,196    1,196   0,007   1,081   0,005   0,001   0,095   0,002   0,000   0,007   0,000 16475510000
16,75   4,38  582,209
16,75   0,00    0,000    0,000
16,75   0,00    0,000  523,697
16,75   0,00    0,000    1,196   0,000   1,196
16,75   0,00    0,000    1,196   0,000   1,196

16,76   0,00    1,196    1,196   0,007   1,081   0,005   0,001   0,095   0,002   0,000   0,007   0,000 16485340000
16,76   4,38  582,164
16,76   0,00    0,000    0,000
16,76   0,00    0,000  523,642
16,76   0,00    0,000    1,196   0,000   1,196
16,76   0,00    0,000    1,196   0,000   1,196

16,77   0,00    1,196    1,196   0,007   1,081   0,005   0,001   0,095   0,002   0,000   0,007   0,000 16495180000
16,77   4,38  582,119
16,77   0,00    0,000    0,000
16,77   0,00    0,000  523,587
16,77   0,00    0,000    1,196   0,000   1,196
16,77   0,00    0,000    1,196   0,000   1,196

16,78   0,00    1,196    1,196   0,007   1,081   0,005   0,001   0,095   0,002   0,000   0,007   0,000 16505020000
16,78   4,38  582,073
16,78   0,00    0,000    0,000
16,78   0,00    0,000  523,531
16,78   0,00    0,000    1,196   0,000   1,196
16,78   0,00    0,000    1,196   0,000   1,196

16,79   0,00    1,196    1,196   0,007   1,081   0,005   0,001   0,095   0,002   0,000   0,007   0,000 16514850000
16,79   4,38  582,028
16,79   0,00    0,000    0,000
16,79   0,00    0,000  523,476
16,79   0,00    0,000    1,196   0,000   1,196
16,79   0,00    0,000    1,196   0,000   1,196

16,80   0,00    1,196    1,196   0,007   1,081   0,005   0,001   0,095   0,002   0,000   0,007   0,000 16524690000
16,80   4,38  581,983
16,80   0,00    0,000    0,000
16,80   0,00    0,000  523,421
16,80   0,00    0,000    1,196   0,000   1,196
16,80   0,00    0,000    1,196   0,000   1,196

16,81   0,00    1,196    1,196   0,007   1,081   0,005   0,001   0,095   0,002   0,000   0,007   0,000 16534520000
16,81   4,38  581,938
16,81   0,00    0,000    0,000
16,81   0,00    0,000  523,365
16,81   0,00    0,000    1,196   0,000   1,196
16,81   0,00    0,000    1,196   0,000   1,196

16,82   0,00    1,196    1,196   0,007   1,081   0,005   0,001   0,095   0,002   0,000   0,007   0,000 16544360000
16,82   4,38  581,893
16,82   0,00    0,000    0,000
16,82   0,00    0,000  523,310
16,82   0,00    0,000    1,196   0,000   1,196
16,82   0,00    0,000    1,196   0,000   1,196

16,83   0,00    1,196    1,196   0,007   1,081   0,005   0,001   0,095   0,002   0,000   0,007   0,000 16554200000
16,83   4,38  581,848
16,83   0,00    0,000    0,000
16,83   0,00    0,000  523,254
16,83   0,00    0,000    1,196   0,000   1,196
16,83   0,00    0,000    1,196   0,000   1,196

16,84   0,00    1,196    1,196   0,007   1,081   0,005   0,001   0,095   0,002   0,000   0,007   0,000 16564030000
16,84   4,38  581,803
16,84   0,00    0,000    0,000
16,84   0,00    0,000  523,199
16,84   0,00    0,000    1,196   0,000   1,196
16,84   0,00    0,000    1,196   0,000   1,196

16,85   0,00    1,196    1,196   0,007   1,081   0,005   0,001   0,095   0,002   0,000   0,007   0,000 16573870000
16,85   4,38  581,758
16,85   0,00    0,000    0,000
16,85   0,00    0,000  523,143
16,85   0,00    0,000    1,196   0,000   1,196
16,85   0,00    0,000    1,196   0,000   1,196

16,86   0,00    1,196    1,196   0,007   1,081   0,005   0,001   0,095   0,002   0,000   0,007   0,000 16583700000
16,86   4,38  581,713
16,86   0,00    0,000    0,000
16,86   0,00    0,000  523,088
16,86   0,00    0,000    1,196   0,000   1,196
16,86   0,00    0,000    1,196   0,000   1,196

16,87   0,00    1,196    1,196   0,007   1,081   0,005   0,001   0,095   0,002   0,000   0,007   0,000 16593540000
16,87   4,37  581,668
16,87   0,00    0,000    0,000
16,87   0,00    0,000  523,032
16,87   0,00    0,000    1,196   0,000   1,196
16,87   0,00    0,000    1,196   0,000   1,196

16,88   0,00    1,196    1,196   0,007   1,081   0,005   0,001   0,095   0,002   0,000   0,007   0,000 16603380000
16,88   4,37  581,622
16,88   0,00    0,000    0,000
16,88   0,00    0,000  522,977
16,88   0,00    0,000    1,196   0,000   1,196
16,88   0,00    0,000    1,196   0,000   1,196

16,89   0,00    1,196    1,196   0,007   1,081   0,005   0,001   0,095   0,002   0,000   0,007   0,000 16613210000
16,89   4,37  581,577
16,89   0,00    0,000    0,000
16,89   0,00    0,000  522,921
16,89   0,00    0,000    1,196   0,000   1,196
16,89   0,00    0,000    1,196   0,000   1,196

16,90   0,00    1,196    1,196   0,007   1,081   0,005   0,001   0,095   0,002   0,000   0,007   0,000 16623050000
16,90   4,37  581,532
16,90   0,00    0,000    0,000
16,90   0,00    0,000  522,866
16,90   0,00    0,000    1,196   0,000   1,196
16,90   0,00    0,000    1,196   0,000   1,196

16,91   0,00    1,196    1,196   0,007   1,081   0,005   0,001   0,095   0,002   0,000   0,007   0,000 16632880000
16,91   4,37  581,487
16,91   0,00    0,000    0,000
16,91   0,00    0,000  522,810
16,91   0,00    0,000    1,196   0,000   1,196
16,91   0,00    0,000    1,196   0,000   1,196

16,92   0,00    1,196    1,196   0,007   1,081   0,005   0,001   0,095   0,002   0,000   0,007   0,000 16642720000
16,92   4,37  581,442
16,92   0,00    0,000    0,000
16,92   0,00    0,000  522,755
16,92   0,00    0,000    1,196   0,000   1,196
16,92   0,00    0,000    1,196   0,000   1,196

16,93   0,00    1,196    1,196   0,007   1,081   0,005   0,001   0,095   0,002   0,000   0,007   0,000 16652560000
16,93   4,37  581,397
16,93   0,00    0,000    0,000
16,93   0,00    0,000  522,699
16,93   0,00    0,000    1,196   0,000   1,196
16,93   0,00    0,000    1,196   0,000   1,196

16,94   0,00    1,196    1,196   0,007   1,081   0,005   0,001   0,095   0,002   0,000   0,007   0,000 16662390000
16,94   4,37  581,352
16,94   0,00    0,000    0,000
16,94   0,00    0,000  522,643
16,94   0,00    0,000    1,196   0,000   1,196
16,94   0,00    0,000    1,196   0,000   1,196

16,95   0,00    1,196    1,196   0,007   1,081   0,005   0,001   0,095   0,002   0,000   0,007   0,000 16672230000
16,95   4,37  581,307
16,95   0,00    0,000    0,000
16,95   0,00    0,000  522,588
16,95   0,00    0,000    1,196   0,000   1,196
16,95   0,00    0,000    1,196   0,000   1,196

16,96   0,00    1,196    1,196   0,007   1,081   0,005   0,001   0,095   0,002   0,000   0,007   0,000 16682060000
16,96   4,37  581,262
16,96   0,00    0,000    0,000
16,96   0,00    0,000  522,532
16,96   0,00    0,000    1,196   0,000   1,196
16,96   0,00    0,000    1,196   0,000   1,196

16,97   0,00    1,196    1,196   0,007   1,081   0,004   0,001   0,095   0,002   0,000   0,007   0,000 16691900000
16,97   4,37  581,217
16,97   0,00    0,000    0,000
16,97   0,00    0,000  522,476
16,97   0,00    0,000    1,196   0,000   1,196
16,97   0,00    0,000    1,196   0,000   1,196

16,98   0,00    1,196    1,196   0,007   1,081   0,004   0,001   0,095   0,002   0,000   0,007   0,000 16701740000
16,98   4,37  581,172
16,98   0,00    0,000    0,000
16,98   0,00    0,000  522,421
16,98   0,00    0,000    1,196   0,000   1,196
16,98   0,00    0,000    1,196   0,000   1,196

16,99   0,00    1,196    1,196   0,007   1,081   0,004   0,001   0,095   0,002   0,000   0,007   0,000 16711570000
16,99   4,36  581,127
16,99   0,00    0,000    0,000
16,99   0,00    0,000  522,365
16,99   0,00    0,000    1,196   0,000   1,196
16,99   0,00    0,000    1,196   0,000   1,196

17,00   0,00    1,196    1,196   0,007   1,081   0,004   0,001   0,095   0,002   0,000   0,007   0,000 16721410000
17,00   4,36  581,082
17,00   0,00    0,000    0,000
17,00   0,00    0,000  522,309
17,00   0,00    0,000    1,196   0,000   1,196
17,00   0,00    0,000    1,196   0,000   1,196

17,01   0,00    1,196    1,196   0,007   1,081   0,004   0,001   0,095   0,002   0,000   0,007   0,000 16731250000
17,01   4,36  581,037
17,01   0,00    0,000    0,000
17,01   0,00    0,000  522,254
17,01   0,00    0,000    1,196   0,000   1,196
17,01   0,00    0,000    1,196   0,000   1,196

17,02   0,00    1,196    1,196   0,007   1,081   0,004   0,001   0,095   0,002   0,000   0,007   0,000 16741080000
17,02   4,36  580,991
17,02   0,00    0,000    0,000
17,02   0,00    0,000  522,198
17,02   0,00    0,000    1,196   0,000   1,196
17,02   0,00    0,000    1,196   0,000   1,196

17,03   0,00    1,196    1,196   0,007   1,081   0,004   0,001   0,095   0,002   0,000   0,007   0,000 16750920000
17,03   4,36  580,946
17,03   0,00    0,000    0,000
17,03   0,00    0,000  522,142
17,03   0,00    0,000    1,196   0,000   1,196
17,03   0,00    0,000    1,196   0,000   1,196

17,04   0,00    1,196    1,196   0,007   1,081   0,004   0,001   0,095   0,002   0,000   0,007   0,000 16760760000
17,04   4,36  580,901
17,04   0,00    0,000    0,000
17,04   0,00    0,000  522,086
17,04   0,00    0,000    1,196   0,000   1,196
17,04   0,00    0,000    1,196   0,000   1,196

17,05   0,00    1,196    1,196   0,007   1,081   0,004   0,001   0,095   0,002   0,000   0,007   0,000 16770590000
17,05   4,36  580,856
17,05   0,00    0,000    0,000
17,05   0,00    0,000  522,031
17,05   0,00    0,000    1,196   0,000   1,196
17,05   0,00    0,000    1,196   0,000   1,196

17,06   0,00    1,196    1,196   0,007   1,081   0,004   0,001   0,095   0,002   0,000   0,007   0,000 16780430000
17,06   4,36  580,811
17,06   0,00    0,000    0,000
17,06   0,00    0,000  521,975
17,06   0,00    0,000    1,196   0,000   1,196
17,06   0,00    0,000    1,196   0,000   1,196

17,07   0,00    1,196    1,196   0,007   1,081   0,004   0,001   0,095   0,002   0,000   0,007   0,000 16790260000
17,07   4,36  580,766
17,07   0,00    0,000    0,000
17,07   0,00    0,000  521,919
17,07   0,00    0,000    1,196   0,000   1,196
17,07   0,00    0,000    1,196   0,000   1,196

17,08   0,00    1,196    1,196   0,007   1,081   0,004   0,001   0,095   0,002   0,000   0,007   0,000 16800100000
17,08   4,36  580,721
17,08   0,00    0,000    0,000
17,08   0,00    0,000  521,863
17,08   0,00    0,000    1,196   0,000   1,196
17,08   0,00    0,000    1,196   0,000   1,196

17,09   0,00    1,196    1,196   0,007   1,081   0,004   0,001   0,095   0,002   0,000   0,007   0,000 16809930000
17,09   4,36  580,676
17,09   0,00    0,000    0,000
17,09   0,00    0,000  521,807
17,09   0,00    0,000    1,196   0,000   1,196
17,09   0,00    0,000    1,196   0,000   1,196

17,10   0,00    1,196    1,196   0,007   1,081   0,004   0,001   0,095   0,002   0,000   0,007   0,000 16819770000
17,10   4,35  580,631
17,10   0,00    0,000    0,000
17,10   0,00    0,000  521,751
17,10   0,00    0,000    1,196   0,000   1,196
17,10   0,00    0,000    1,196   0,000   1,196

17,11   0,00    1,196    1,196   0,007   1,081   0,004   0,001   0,095   0,002   0,000   0,007   0,000 16829610000
17,11   4,35  580,586
17,11   0,00    0,000    0,000
17,11   0,00    0,000  521,696
17,11   0,00    0,000    1,196   0,000   1,196
17,11   0,00    0,000    1,196   0,000   1,196

17,12   0,00    1,196    1,196   0,007   1,081   0,004   0,001   0,095   0,002   0,000   0,007   0,000 16839440000
17,12   4,35  580,541
17,12   0,00    0,000    0,000
17,12   0,00    0,000  521,640
17,12   0,00    0,000    1,196   0,000   1,196
17,12   0,00    0,000    1,196   0,000   1,196

17,13   0,00    1,196    1,196   0,007   1,081   0,004   0,001   0,095   0,002   0,000   0,007   0,000 16849280000
17,13   4,35  580,496
17,13   0,00    0,000    0,000
17,13   0,00    0,000  521,584
17,13   0,00    0,000    1,196   0,000   1,196
17,13   0,00    0,000    1,196   0,000   1,196

17,14   0,00    1,196    1,196   0,007   1,081   0,004   0,001   0,095   0,002   0,000   0,007   0,000 16859120000
17,14   4,35  580,451
17,14   0,00    0,000    0,000
17,14   0,00    0,000  521,528
17,14   0,00    0,000    1,196   0,000   1,196
17,14   0,00    0,000    1,196   0,000   1,196

17,15   0,00    1,196    1,196   0,007   1,081   0,004   0,001   0,095   0,002   0,000   0,007   0,000 16868950000
17,15   4,35  580,406
17,15   0,00    0,000    0,000
17,15   0,00    0,000  521,472
17,15   0,00    0,000    1,196   0,000   1,196
17,15   0,00    0,000    1,196   0,000   1,196

17,16   0,00    1,196    1,196   0,007   1,081   0,004   0,001   0,095   0,002   0,000   0,007   0,000 16878790000
17,16   4,35  580,361
17,16   0,00    0,000    0,000
17,16   0,00    0,000  521,416
17,16   0,00    0,000    1,196   0,000   1,196
17,16   0,00    0,000    1,196   0,000   1,196

17,17   0,00    1,196    1,196   0,007   1,081   0,004   0,001   0,095   0,002   0,000   0,007   0,000 16888620000
17,17   4,35  580,316
17,17   0,00    0,000    0,000
17,17   0,00    0,000  521,360
17,17   0,00    0,000    1,196   0,000   1,196
17,17   0,00    0,000    1,196   0,000   1,196

17,18   0,00    1,196    1,196   0,007   1,081   0,004   0,001   0,095   0,002   0,000   0,007   0,000 16898460000
17,18   4,35  580,271
17,18   0,00    0,000    0,000
17,18   0,00    0,000  521,304
17,18   0,00    0,000    1,196   0,000   1,196
17,18   0,00    0,000    1,196   0,000   1,196

17,19   0,00    1,196    1,196   0,007   1,081   0,004   0,001   0,095   0,002   0,000   0,007   0,000 16908300000
17,19   4,35  580,226
17,19   0,00    0,000    0,000
17,19   0,00    0,000  521,248
17,19   0,00    0,000    1,196   0,000   1,196
17,19   0,00    0,000    1,196   0,000   1,196

17,20   0,00    1,196    1,196   0,007   1,081   0,004   0,001   0,095   0,002   0,000   0,007   0,000 16918130000
17,20   4,35  580,181
17,20   0,00    0,000    0,000
17,20   0,00    0,000  521,192
17,20   0,00    0,000    1,196   0,000   1,196
17,20   0,00    0,000    1,196   0,000   1,196

17,21   0,00    1,196    1,196   0,007   1,081   0,004   0,001   0,095   0,002   0,000   0,007   0,000 16927970000
17,21   4,35  580,136
17,21   0,00    0,000    0,000
17,21   0,00    0,000  521,136
17,21   0,00    0,000    1,196   0,000   1,196
17,21   0,00    0,000    1,196   0,000   1,196

17,22   0,00    1,196    1,196   0,007   1,081   0,004   0,001   0,095   0,002   0,000   0,007   0,000 16937800000
17,22   4,34  580,091
17,22   0,00    0,000    0,000
17,22   0,00    0,000  521,080
17,22   0,00    0,000    1,196   0,000   1,196
17,22   0,00    0,000    1,196   0,000   1,196

17,23   0,00    1,196    1,196   0,007   1,081   0,004   0,001   0,095   0,002   0,000   0,007   0,000 16947640000
17,23   4,34  580,046
17,23   0,00    0,000    0,000
17,23   0,00    0,000  521,024
17,23   0,00    0,000    1,196   0,000   1,196
17,23   0,00    0,000    1,196   0,000   1,196

17,24   0,00    1,196    1,196   0,007   1,081   0,004   0,001   0,095   0,002   0,000   0,007   0,000 16957480000
17,24   4,34  580,002
17,24   0,00    0,000    0,000
17,24   0,00    0,000  520,968
17,24   0,00    0,000    1,196   0,000   1,196
17,24   0,00    0,000    1,196   0,000   1,196

17,25   0,00    1,196    1,196   0,007   1,081   0,004   0,001   0,095   0,002   0,000   0,007   0,000 16967310000
17,25   4,34  579,957
17,25   0,00    0,000    0,000
17,25   0,00    0,000  520,912
17,25   0,00    0,000    1,196   0,000   1,196
17,25   0,00    0,000    1,196   0,000   1,196

17,26   0,00    1,196    1,196   0,007   1,081   0,004   0,001   0,095   0,002   0,000   0,007   0,000 16977150000
17,26   4,34  579,912
17,26   0,00    0,000    0,000
17,26   0,00    0,000  520,856
17,26   0,00    0,000    1,196   0,000   1,196
17,26   0,00    0,000    1,196   0,000   1,196

17,27   0,00    1,196    1,196   0,007   1,081   0,004   0,001   0,095   0,002   0,000   0,007   0,000 16986990000
17,27   4,34  579,867
17,27   0,00    0,000    0,000
17,27   0,00    0,000  520,800
17,27   0,00    0,000    1,196   0,000   1,196
17,27   0,00    0,000    1,196   0,000   1,196

17,28   0,00    1,196    1,196   0,007   1,081   0,004   0,001   0,095   0,002   0,000   0,007   0,000 16996820000
17,28   4,34  579,822
17,28   0,00    0,000    0,000
17,28   0,00    0,000  520,744
17,28   0,00    0,000    1,196   0,000   1,196
17,28   0,00    0,000    1,196   0,000   1,196

17,29   0,00    1,196    1,196   0,007   1,081   0,004   0,001   0,095   0,002   0,000   0,007   0,000 17006660000
17,29   4,34  579,777
17,29   0,00    0,000    0,000
17,29   0,00    0,000  520,688
17,29   0,00    0,000    1,196   0,000   1,196
17,29   0,00    0,000    1,196   0,000   1,196

17,30   0,00    1,196    1,196   0,007   1,081   0,004   0,001   0,095   0,002   0,000   0,007   0,000 17016490000
17,30   4,34  579,732
17,30   0,00    0,000    0,000
17,30   0,00    0,000  520,632
17,30   0,00    0,000    1,196   0,000   1,196
17,30   0,00    0,000    1,196   0,000   1,196

17,31   0,00    1,196    1,196   0,007   1,081   0,004   0,001   0,095   0,002   0,000   0,007   0,000 17026330000
17,31   4,34  579,687
17,31   0,00    0,000    0,000
17,31   0,00    0,000  520,576
17,31   0,00    0,000    1,196   0,000   1,196
17,31   0,00    0,000    1,196   0,000   1,196

17,32   0,00    1,196    1,196   0,007   1,081   0,004   0,001   0,095   0,002   0,000   0,007   0,000 17036170000
17,32   4,34  579,642
17,32   0,00    0,000    0,000
17,32   0,00    0,000  520,520
17,32   0,00    0,000    1,196   0,000   1,196
17,32   0,00    0,000    1,196   0,000   1,196

17,33   0,00    1,196    1,196   0,007   1,081   0,004   0,001   0,095   0,002   0,000   0,007   0,000 17046000000
17,33   4,34  579,597
17,33   0,00    0,000    0,000
17,33   0,00    0,000  520,464
17,33   0,00    0,000    1,196   0,000   1,196
17,33   0,00    0,000    1,196   0,000   1,196

17,34   0,00    1,196    1,196   0,007   1,081   0,004   0,001   0,095   0,002   0,000   0,007   0,000 17055840000
17,34   4,33  579,552
17,34   0,00    0,000    0,000
17,34   0,00    0,000  520,407
17,34   0,00    0,000    1,196   0,000   1,196
17,34   0,00    0,000    1,196   0,000   1,196

17,35   0,00    1,196    1,196   0,007   1,081   0,004   0,001   0,095   0,002   0,000   0,007   0,000 17065670000
17,35   4,33  579,507
17,35   0,00    0,000    0,000
17,35   0,00    0,000  520,351
17,35   0,00    0,000    1,196   0,000   1,196
17,35   0,00    0,000    1,196   0,000   1,196

17,36   0,00    1,196    1,196   0,007   1,081   0,004   0,001   0,095   0,002   0,000   0,007   0,000 17075510000
17,36   4,33  579,463
17,36   0,00    0,000    0,000
17,36   0,00    0,000  520,295
17,36   0,00    0,000    1,196   0,000   1,196
17,36   0,00    0,000    1,196   0,000   1,196

17,37   0,00    1,196    1,196   0,007   1,081   0,004   0,001   0,095   0,002   0,000   0,007   0,000 17085350000
17,37   4,33  579,418
17,37   0,00    0,000    0,000
17,37   0,00    0,000  520,239
17,37   0,00    0,000    1,196   0,000   1,196
17,37   0,00    0,000    1,196   0,000   1,196

17,38   0,00    1,196    1,196   0,007   1,081   0,004   0,001   0,095   0,002   0,000   0,007   0,000 17095180000
17,38   4,33  579,373
17,38   0,00    0,000    0,000
17,38   0,00    0,000  520,183
17,38   0,00    0,000    1,196   0,000   1,196
17,38   0,00    0,000    1,196   0,000   1,196

17,39   0,00    1,196    1,196   0,007   1,081   0,004   0,001   0,095   0,002   0,000   0,007   0,000 17105020000
17,39   4,33  579,328
17,39   0,00    0,000    0,000
17,39   0,00    0,000  520,127
17,39   0,00    0,000    1,196   0,000   1,196
17,39   0,00    0,000    1,196   0,000   1,196

17,40   0,00    1,196    1,196   0,007   1,082   0,004   0,001   0,095   0,002   0,000   0,007   0,000 17114850000
17,40   4,33  579,283
17,40   0,00    0,000    0,000
17,40   0,00    0,000  520,070
17,40   0,00    0,000    1,196   0,000   1,196
17,40   0,00    0,000    1,196   0,000   1,196

17,41   0,00    1,196    1,196   0,007   1,082   0,004   0,001   0,095   0,002   0,000   0,007   0,000 17124690000
17,41   4,33  579,238
17,41   0,00    0,000    0,000
17,41   0,00    0,000  520,014
17,41   0,00    0,000    1,196   0,000   1,196
17,41   0,00    0,000    1,196   0,000   1,196

17,42   0,00    1,196    1,196   0,007   1,082   0,004   0,001   0,095   0,002   0,000   0,007   0,000 17134530000
17,42   4,33  579,193
17,42   0,00    0,000    0,000
17,42   0,00    0,000  519,958
17,42   0,00    0,000    1,196   0,000   1,196
17,42   0,00    0,000    1,196   0,000   1,196

17,43   0,00    1,196    1,196   0,007   1,082   0,004   0,001   0,095   0,002   0,000   0,007   0,000 17144360000
17,43   4,33  579,148
17,43   0,00    0,000    0,000
17,43   0,00    0,000  519,902
17,43   0,00    0,000    1,196   0,000   1,196
17,43   0,00    0,000    1,196   0,000   1,196

17,44   0,00    1,196    1,196   0,007   1,082   0,004   0,001   0,095   0,002   0,000   0,007   0,000 17154200000
17,44   4,33  579,104
17,44   0,00    0,000    0,000
17,44   0,00    0,000  519,845
17,44   0,00    0,000    1,196   0,000   1,196
17,44   0,00    0,000    1,196   0,000   1,196

17,45   0,00    1,196    1,196   0,007   1,082   0,004   0,001   0,095   0,002   0,000   0,007   0,000 17164040000
17,45   4,33  579,059
17,45   0,00    0,000    0,000
17,45   0,00    0,000  519,789
17,45   0,00    0,000    1,196   0,000   1,196
17,45   0,00    0,000    1,196   0,000   1,196

17,46   0,00    1,196    1,196   0,007   1,082   0,004   0,001   0,095   0,002   0,000   0,007   0,000 17173870000
17,46   4,32  579,014
17,46   0,00    0,000    0,000
17,46   0,00    0,000  519,733
17,46   0,00    0,000    1,196   0,000   1,196
17,46   0,00    0,000    1,196   0,000   1,196

17,47   0,00    1,196    1,196   0,007   1,082   0,004   0,001   0,095   0,002   0,000   0,007   0,000 17183710000
17,47   4,32  578,969
17,47   0,00    0,000    0,000
17,47   0,00    0,000  519,677
17,47   0,00    0,000    1,196   0,000   1,196
17,47   0,00    0,000    1,196   0,000   1,196

17,48   0,00    1,196    1,196   0,007   1,082   0,004   0,001   0,095   0,002   0,000   0,007   0,000 17193540000
17,48   4,32  578,924
17,48   0,00    0,000    0,000
17,48   0,00    0,000  519,620
17,48   0,00    0,000    1,196   0,000   1,196
17,48   0,00    0,000    1,196   0,000   1,196

17,49   0,00    1,196    1,196   0,007   1,082   0,004   0,001   0,095   0,002   0,000   0,007   0,000 17203380000
17,49   4,32  578,879
17,49   0,00    0,000    0,000
17,49   0,00    0,000  519,564
17,49   0,00    0,000    1,196   0,000   1,196
17,49   0,00    0,000    1,196   0,000   1,196

17,50   0,00    1,196    1,196   0,007   1,082   0,004   0,001   0,095   0,002   0,000   0,007   0,000 17213220000
17,50   4,32  578,835
17,50   0,00    0,000    0,000
17,50   0,00    0,000  519,508
17,50   0,00    0,000    1,196   0,000   1,196
17,50   0,00    0,000    1,196   0,000   1,196

17,51   0,00    1,196    1,196   0,007   1,082   0,004   0,001   0,095   0,002   0,000   0,007   0,000 17223050000
17,51   4,32  578,790
17,51   0,00    0,000    0,000
17,51   0,00    0,000  519,451
17,51   0,00    0,000    1,196   0,000   1,196
17,51   0,00    0,000    1,196   0,000   1,196

17,52   0,00    1,196    1,196   0,007   1,082   0,004   0,001   0,095   0,002   0,000   0,007   0,000 17232890000
17,52   4,32  578,745
17,52   0,00    0,000    0,000
17,52   0,00    0,000  519,395
17,52   0,00    0,000    1,196   0,000   1,196
17,52   0,00    0,000    1,196   0,000   1,196

17,53   0,00    1,196    1,196   0,007   1,082   0,004   0,001   0,095   0,002   0,000   0,007   0,000 17242720000
17,53   4,32  578,700
17,53   0,00    0,000    0,000
17,53   0,00    0,000  519,339
17,53   0,00    0,000    1,196   0,000   1,196
17,53   0,00    0,000    1,196   0,000   1,196

17,54   0,00    1,196    1,196   0,007   1,082   0,004   0,001   0,095   0,002   0,000   0,007   0,000 17252560000
17,54   4,32  578,655
17,54   0,00    0,000    0,000
17,54   0,00    0,000  519,282
17,54   0,00    0,000    1,196   0,000   1,196
17,54   0,00    0,000    1,196   0,000   1,196

17,55   0,00    1,196    1,196   0,007   1,082   0,004   0,001   0,095   0,002   0,000   0,007   0,000 17262400000
17,55   4,32  578,611
17,55   0,00    0,000    0,000
17,55   0,00    0,000  519,226
17,55   0,00    0,000    1,196   0,000   1,196
17,55   0,00    0,000    1,196   0,000   1,196

17,56   0,00    1,196    1,196   0,007   1,082   0,004   0,001   0,095   0,002   0,000   0,007   0,000 17272230000
17,56   4,32  578,566
17,56   0,00    0,000    0,000
17,56   0,00    0,000  519,170
17,56   0,00    0,000    1,196   0,000   1,196
17,56   0,00    0,000    1,196   0,000   1,196

17,57   0,00    1,196    1,196   0,007   1,082   0,004   0,001   0,095   0,002   0,000   0,007   0,000 17282070000
17,57   4,32  578,521
17,57   0,00    0,000    0,000
17,57   0,00    0,000  519,113
17,57   0,00    0,000    1,196   0,000   1,196
17,57   0,00    0,000    1,196   0,000   1,196

17,58   0,00    1,196    1,196   0,007   1,082   0,004   0,001   0,095   0,002   0,000   0,007   0,000 17291910000
17,58   4,31  578,476
17,58   0,00    0,000    0,000
17,58   0,00    0,000  519,057
17,58   0,00    0,000    1,196   0,000   1,196
17,58   0,00    0,000    1,196   0,000   1,196

17,59   0,00    1,196    1,196   0,007   1,082   0,004   0,001   0,095   0,002   0,000   0,007   0,000 17301740000
17,59   4,31  578,431
17,59   0,00    0,000    0,000
17,59   0,00    0,000  519,000
17,59   0,00    0,000    1,196   0,000   1,196
17,59   0,00    0,000    1,196   0,000   1,196

17,60   0,00    1,196    1,196   0,007   1,082   0,004   0,001   0,095   0,002   0,000   0,007   0,000 17311580000
17,60   4,31  578,387
17,60   0,00    0,000    0,000
17,60   0,00    0,000  518,944
17,60   0,00    0,000    1,196   0,000   1,196
17,60   0,00    0,000    1,196   0,000   1,196

17,61   0,00    1,196    1,196   0,007   1,082   0,004   0,001   0,095   0,002   0,000   0,007   0,000 17321410000
17,61   4,31  578,342
17,61   0,00    0,000    0,000
17,61   0,00    0,000  518,888
17,61   0,00    0,000    1,196   0,000   1,196
17,61   0,00    0,000    1,196   0,000   1,196

17,62   0,00    1,196    1,196   0,007   1,082   0,004   0,001   0,095   0,002   0,000   0,007   0,000 17331250000
17,62   4,31  578,297
17,62   0,00    0,000    0,000
17,62   0,00    0,000  518,831
17,62   0,00    0,000    1,196   0,000   1,196
17,62   0,00    0,000    1,196   0,000   1,196

17,63   0,00    1,196    1,196   0,007   1,082   0,004   0,001   0,095   0,002   0,000   0,007   0,000 17341090000
17,63   4,31  578,252
17,63   0,00    0,000    0,000
17,63   0,00    0,000  518,775
17,63   0,00    0,000    1,196   0,000   1,196
17,63   0,00    0,000    1,196   0,000   1,196

17,64   0,00    1,196    1,196   0,007   1,082   0,004   0,001   0,095   0,002   0,000   0,007   0,000 17350920000
17,64   4,31  578,208
17,64   0,00    0,000    0,000
17,64   0,00    0,000  518,718
17,64   0,00    0,000    1,196   0,000   1,196
17,64   0,00    0,000    1,196   0,000   1,196

17,65   0,00    1,196    1,196   0,007   1,082   0,004   0,001   0,095   0,002   0,000   0,007   0,000 17360760000
17,65   4,31  578,163
17,65   0,00    0,000    0,000
17,65   0,00    0,000  518,662
17,65   0,00    0,000    1,196   0,000   1,196
17,65   0,00    0,000    1,196   0,000   1,196

17,66   0,00    1,196    1,196   0,007   1,082   0,004   0,001   0,095   0,002   0,000   0,007   0,000 17370590000
17,66   4,31  578,118
17,66   0,00    0,000    0,000
17,66   0,00    0,000  518,605
17,66   0,00    0,000    1,196   0,000   1,196
17,66   0,00    0,000    1,196   0,000   1,196

17,67   0,00    1,196    1,196   0,007   1,082   0,004   0,001   0,095   0,002   0,000   0,007   0,000 17380430000
17,67   4,31  578,073
17,67   0,00    0,000    0,000
17,67   0,00    0,000  518,549
17,67   0,00    0,000    1,196   0,000   1,196
17,67   0,00    0,000    1,196   0,000   1,196

17,68   0,00    1,196    1,196   0,007   1,082   0,004   0,001   0,095   0,002   0,000   0,007   0,000 17390270000
17,68   4,31  578,029
17,68   0,00    0,000    0,000
17,68   0,00    0,000  518,492
17,68   0,00    0,000    1,196   0,000   1,196
17,68   0,00    0,000    1,196   0,000   1,196

17,69   0,00    1,196    1,196   0,007   1,082   0,004   0,001   0,095   0,002   0,000   0,007   0,000 17400100000
17,69   4,31  577,984
17,69   0,00    0,000    0,000
17,69   0,00    0,000  518,436
17,69   0,00    0,000    1,196   0,000   1,196
17,69   0,00    0,000    1,196   0,000   1,196

17,70   0,00    1,196    1,196   0,007   1,082   0,004   0,001   0,095   0,002   0,000   0,007   0,000 17409940000
17,70   4,30  577,939
17,70   0,00    0,000    0,000
17,70   0,00    0,000  518,379
17,70   0,00    0,000    1,196   0,000   1,196
17,70   0,00    0,000    1,196   0,000   1,196

17,71   0,00    1,196    1,196   0,007   1,082   0,004   0,001   0,095   0,002   0,000   0,007   0,000 17419770000
17,71   4,30  577,894
17,71   0,00    0,000    0,000
17,71   0,00    0,000  518,323
17,71   0,00    0,000    1,196   0,000   1,196
17,71   0,00    0,000    1,196   0,000   1,196

17,72   0,00    1,196    1,196   0,007   1,082   0,004   0,001   0,095   0,002   0,000   0,007   0,000 17429610000
17,72   4,30  577,850
17,72   0,00    0,000    0,000
17,72   0,00    0,000  518,266
17,72   0,00    0,000    1,196   0,000   1,196
17,72   0,00    0,000    1,196   0,000   1,196

17,73   0,00    1,196    1,196   0,007   1,082   0,004   0,001   0,095   0,002   0,000   0,007   0,000 17439450000
17,73   4,30  577,805
17,73   0,00    0,000    0,000
17,73   0,00    0,000  518,210
17,73   0,00    0,000    1,196   0,000   1,196
17,73   0,00    0,000    1,196   0,000   1,196

17,74   0,00    1,196    1,196   0,007   1,082   0,004   0,001   0,095   0,002   0,000   0,007   0,000 17449280000
17,74   4,30  577,760
17,74   0,00    0,000    0,000
17,74   0,00    0,000  518,153
17,74   0,00    0,000    1,196   0,000   1,196
17,74   0,00    0,000    1,196   0,000   1,196

17,75   0,00    1,196    1,196   0,007   1,082   0,004   0,001   0,095   0,002   0,000   0,007   0,000 17459120000
17,75   4,30  577,716
17,75   0,00    0,000    0,000
17,75   0,00    0,000  518,097
17,75   0,00    0,000    1,196   0,000   1,196
17,75   0,00    0,000    1,196   0,000   1,196

17,76   0,00    1,196    1,196   0,007   1,082   0,004   0,001   0,095   0,002   0,000   0,007   0,000 17468950000
17,76   4,30  577,671
17,76   0,00    0,000    0,000
17,76   0,00    0,000  518,040
17,76   0,00    0,000    1,196   0,000   1,196
17,76   0,00    0,000    1,196   0,000   1,196

17,77   0,00    1,196    1,196   0,007   1,082   0,004   0,001   0,095   0,002   0,000   0,007   0,000 17478790000
17,77   4,30  577,626
17,77   0,00    0,000    0,000
17,77   0,00    0,000  517,984
17,77   0,00    0,000    1,196   0,000   1,196
17,77   0,00    0,000    1,196   0,000   1,196

17,78   0,00    1,196    1,196   0,007   1,082   0,004   0,001   0,095   0,002   0,000   0,007   0,000 17488630000
17,78   4,30  577,582
17,78   0,00    0,000    0,000
17,78   0,00    0,000  517,927
17,78   0,00    0,000    1,196   0,000   1,196
17,78   0,00    0,000    1,196   0,000   1,196

17,79   0,00    1,196    1,196   0,007   1,082   0,004   0,001   0,095   0,002   0,000   0,007   0,000 17498460000
17,79   4,30  577,537
17,79   0,00    0,000    0,000
17,79   0,00    0,000  517,870
17,79   0,00    0,000    1,196   0,000   1,196
17,79   0,00    0,000    1,196   0,000   1,196

17,80   0,00    1,196    1,196   0,007   1,082   0,004   0,001   0,095   0,002   0,000   0,007   0,000 17508300000
17,80   4,30  577,492
17,80   0,00    0,000    0,000
17,80   0,00    0,000  517,814
17,80   0,00    0,000    1,196   0,000   1,196
17,80   0,00    0,000    1,196   0,000   1,196

17,81   0,00    1,196    1,196   0,007   1,082   0,004   0,001   0,095   0,002   0,000   0,007   0,000 17518140000
17,81   4,30  577,448
17,81   0,00    0,000    0,000
17,81   0,00    0,000  517,757
17,81   0,00    0,000    1,196   0,000   1,196
17,81   0,00    0,000    1,196   0,000   1,196

17,82   0,00    1,196    1,196   0,007   1,082   0,004   0,001   0,095   0,002   0,000   0,007   0,000 17527970000
17,82   4,29  577,403
17,82   0,00    0,000    0,000
17,82   0,00    0,000  517,701
17,82   0,00    0,000    1,196   0,000   1,196
17,82   0,00    0,000    1,196   0,000   1,196

17,83   0,00    1,196    1,196   0,007   1,082   0,004   0,001   0,095   0,002   0,000   0,007   0,000 17537810000
17,83   4,29  577,358
17,83   0,00    0,000    0,000
17,83   0,00    0,000  517,644
17,83   0,00    0,000    1,196   0,000   1,196
17,83   0,00    0,000    1,196   0,000   1,196

17,84   0,00    1,196    1,196   0,007   1,082   0,004   0,001   0,095   0,002   0,000   0,007   0,000 17547640000
17,84   4,29  577,314
17,84   0,00    0,000    0,000
17,84   0,00    0,000  517,587
17,84   0,00    0,000    1,196   0,000   1,196
17,84   0,00    0,000    1,196   0,000   1,196

17,85   0,00    1,196    1,196   0,007   1,082   0,004   0,001   0,095   0,002   0,000   0,007   0,000 17557480000
17,85   4,29  577,269
17,85   0,00    0,000    0,000
17,85   0,00    0,000  517,531
17,85   0,00    0,000    1,196   0,000   1,196
17,85   0,00    0,000    1,196   0,000   1,196

17,86   0,00    1,196    1,196   0,007   1,082   0,004   0,001   0,095   0,002   0,000   0,007   0,000 17567320000
17,86   4,29  577,224
17,86   0,00    0,000    0,000
17,86   0,00    0,000  517,474
17,86   0,00    0,000    1,196   0,000   1,196
17,86   0,00    0,000    1,196   0,000   1,196

17,87   0,00    1,196    1,196   0,007   1,082   0,004   0,001   0,095   0,002   0,000   0,007   0,000 17577150000
17,87   4,29  577,180
17,87   0,00    0,000    0,000
17,87   0,00    0,000  517,417
17,87   0,00    0,000    1,196   0,000   1,196
17,87   0,00    0,000    1,196   0,000   1,196

17,88   0,00    1,196    1,196   0,007   1,082   0,004   0,001   0,095   0,002   0,000   0,007   0,000 17586990000
17,88   4,29  577,135
17,88   0,00    0,000    0,000
17,88   0,00    0,000  517,361
17,88   0,00    0,000    1,196   0,000   1,196
17,88   0,00    0,000    1,196   0,000   1,196

17,89   0,00    1,196    1,196   0,007   1,082   0,004   0,001   0,095   0,002   0,000   0,007   0,000 17596820000
17,89   4,29  577,091
17,89   0,00    0,000    0,000
17,89   0,00    0,000  517,304
17,89   0,00    0,000    1,196   0,000   1,196
17,89   0,00    0,000    1,196   0,000   1,196

17,90   0,00    1,196    1,196   0,007   1,082   0,004   0,001   0,095   0,002   0,000   0,007   0,000 17606660000
17,90   4,29  577,046
17,90   0,00    0,000    0,000
17,90   0,00    0,000  517,247
17,90   0,00    0,000    1,196   0,000   1,196
17,90   0,00    0,000    1,196   0,000   1,196

17,91   0,00    1,196    1,196   0,007   1,082   0,004   0,001   0,095   0,002   0,000   0,007   0,000 17616500000
17,91   4,29  577,001
17,91   0,00    0,000    0,000
17,91   0,00    0,000  517,191
17,91   0,00    0,000    1,196   0,000   1,196
17,91   0,00    0,000    1,196   0,000   1,196

17,92   0,00    1,196    1,196   0,007   1,082   0,004   0,001   0,095   0,002   0,000   0,007   0,000 17626330000
17,92   4,29  576,957
17,92   0,00    0,000    0,000
17,92   0,00    0,000  517,134
17,92   0,00    0,000    1,196   0,000   1,196
17,92   0,00    0,000    1,196   0,000   1,196

17,93   0,00    1,196    1,196   0,007   1,082   0,004   0,001   0,095   0,002   0,000   0,007   0,000 17636170000
17,93   4,29  576,912
17,93   0,00    0,000    0,000
17,93   0,00    0,000  517,077
17,93   0,00    0,000    1,196   0,000   1,196
17,93   0,00    0,000    1,196   0,000   1,196

17,94   0,00    1,196    1,196   0,007   1,082   0,004   0,001   0,095   0,002   0,000   0,007   0,000 17646010000
17,94   4,29  576,868
17,94   0,00    0,000    0,000
17,94   0,00    0,000  517,021
17,94   0,00    0,000    1,196   0,000   1,196
17,94   0,00    0,000    1,196   0,000   1,196

17,95   0,00    1,196    1,196   0,007   1,082   0,004   0,001   0,095   0,002   0,000   0,007   0,000 17655840000
17,95   4,28  576,823
17,95   0,00    0,000    0,000
17,95   0,00    0,000  516,964
17,95   0,00    0,000    1,196   0,000   1,196
17,95   0,00    0,000    1,196   0,000   1,196

17,96   0,00    1,196    1,196   0,007   1,082   0,004   0,001   0,095   0,002   0,000   0,007   0,000 17665680000
17,96   4,28  576,779
17,96   0,00    0,000    0,000
17,96   0,00    0,000  516,907
17,96   0,00    0,000    1,196   0,000   1,196
17,96   0,00    0,000    1,196   0,000   1,196

17,97   0,00    1,196    1,196   0,007   1,082   0,004   0,001   0,095   0,002   0,000   0,007   0,000 17675510000
17,97   4,28  576,734
17,97   0,00    0,000    0,000
17,97   0,00    0,000  516,850
17,97   0,00    0,000    1,196   0,000   1,196
17,97   0,00    0,000    1,196   0,000   1,196

17,98   0,00    1,196    1,196   0,007   1,082   0,004   0,001   0,095   0,002   0,000   0,007   0,000 17685350000
17,98   4,28  576,689
17,98   0,00    0,000    0,000
17,98   0,00    0,000  516,794
17,98   0,00    0,000    1,196   0,000   1,196
17,98   0,00    0,000    1,196   0,000   1,196

17,99   0,00    1,196    1,196   0,007   1,082   0,004   0,001   0,095   0,002   0,000   0,007   0,000 17695190000
17,99   4,28  576,645
17,99   0,00    0,000    0,000
17,99   0,00    0,000  516,737
17,99   0,00    0,000    1,196   0,000   1,196
17,99   0,00    0,000    1,196   0,000   1,196

18,00   0,00    1,196    1,196   0,007   1,082   0,004   0,001   0,095   0,002   0,000   0,007   0,000 17705020000
18,00   4,28  576,600
18,00   0,00    0,000    0,000
18,00   0,00    0,000  516,680
18,00   0,00    0,000    1,196   0,000   1,196
18,00   0,00    0,000    1,196   0,000   1,196

18,01   0,00    1,196    1,196   0,007   1,082   0,004   0,001   0,095   0,002   0,000   0,006   0,000 17714860000
18,01   4,28  576,556
18,01   0,00    0,000    0,000
18,01   0,00    0,000  516,623
18,01   0,00    0,000    1,196   0,000   1,196
18,01   0,00    0,000    1,196   0,000   1,196

18,02   0,00    1,196    1,196   0,007   1,082   0,004   0,001   0,095   0,002   0,000   0,006   0,000 17724690000
18,02   4,28  576,528
18,02   0,00    0,000    0,000
18,02   0,00    0,000  516,591
18,02   0,00    0,000    1,196   0,000   1,196
18,02   0,00    0,000    1,196   0,000   1,196

18,03   0,00    1,196    1,196   0,007   1,082   0,004   0,001   0,095   0,002   0,000   0,006   0,000 17734530000
18,03   4,28  576,486
18,03   0,00    0,000    0,000
18,03   0,00    0,000  516,538
18,03   0,00    0,000    1,196   0,000   1,196
18,03   0,00    0,000    1,196   0,000   1,196

18,04   0,00    1,196    1,196   0,007   1,082   0,004   0,001   0,095   0,002   0,000   0,006   0,000 17744370000
18,04   4,28  576,444
18,04   0,00    0,000    0,000
18,04   0,00    0,000  516,486
18,04   0,00    0,000    1,196   0,000   1,196
18,04   0,00    0,000    1,196   0,000   1,196

18,05   0,00    1,196    1,196   0,007   1,082   0,004   0,001   0,095   0,002   0,000   0,006   0,000 17754200000
18,05   4,28  576,403
18,05   0,00    0,000    0,000
18,05   0,00    0,000  516,433
18,05   0,00    0,000    1,196   0,000   1,196
18,05   0,00    0,000    1,196   0,000   1,196

18,06   0,00    1,196    1,196   0,007   1,082   0,004   0,001   0,095   0,002   0,000   0,006   0,000 17764040000
18,06   4,28  576,361
18,06   0,00    0,000    0,000
18,06   0,00    0,000  516,380
18,06   0,00    0,000    1,196   0,000   1,196
18,06   0,00    0,000    1,196   0,000   1,196

18,07   0,00    1,196    1,196   0,007   1,082   0,004   0,001   0,095   0,002   0,000   0,006   0,000 17773880000
18,07   4,27  576,319
18,07   0,00    0,000    0,000
18,07   0,00    0,000  516,328
18,07   0,00    0,000    1,196   0,000   1,196
18,07   0,00    0,000    1,196   0,000   1,196

18,08   0,00    1,196    1,196   0,007   1,082   0,004   0,001   0,095   0,002   0,000   0,006   0,000 17783710000
18,08   4,27  576,278
18,08   0,00    0,000    0,000
18,08   0,00    0,000  516,275
18,08   0,00    0,000    1,196   0,000   1,196
18,08   0,00    0,000    1,196   0,000   1,196

18,09   0,00    1,196    1,196   0,007   1,082   0,004   0,001   0,095   0,002   0,000   0,006   0,000 17793550000
18,09   4,27  576,236
18,09   0,00    0,000    0,000
18,09   0,00    0,000  516,222
18,09   0,00    0,000    1,196   0,000   1,196
18,09   0,00    0,000    1,196   0,000   1,196

18,10   0,00    1,196    1,196   0,007   1,082   0,004   0,001   0,095   0,002   0,000   0,006   0,000 17803380000
18,10   4,27  576,194
18,10   0,00    0,000    0,000
18,10   0,00    0,000  516,170
18,10   0,00    0,000    1,196   0,000   1,196
18,10   0,00    0,000    1,196   0,000   1,196

18,11   0,00    1,196    1,196   0,007   1,082   0,004   0,001   0,095   0,002   0,000   0,006   0,000 17813220000
18,11   4,27  576,153
18,11   0,00    0,000    0,000
18,11   0,00    0,000  516,117
18,11   0,00    0,000    1,196   0,000   1,196
18,11   0,00    0,000    1,196   0,000   1,196

18,12   0,00    1,196    1,196   0,007   1,082   0,004   0,001   0,095   0,002   0,000   0,006   0,000 17823060000
18,12   4,27  576,111
18,12   0,00    0,000    0,000
18,12   0,00    0,000  516,065
18,12   0,00    0,000    1,196   0,000   1,196
18,12   0,00    0,000    1,196   0,000   1,196

18,13   0,00    1,196    1,196   0,007   1,082   0,004   0,001   0,095   0,002   0,000   0,006   0,000 17832890000
18,13   4,27  576,070
18,13   0,00    0,000    0,000
18,13   0,00    0,000  516,012
18,13   0,00    0,000    1,196   0,000   1,196
18,13   0,00    0,000    1,196   0,000   1,196

18,14   0,00    1,196    1,196   0,007   1,082   0,004   0,001   0,095   0,002   0,000   0,006   0,000 17842730000
18,14   4,27  576,029
18,14   0,00    0,000    0,000
18,14   0,00    0,000  515,960
18,14   0,00    0,000    1,196   0,000   1,196
18,14   0,00    0,000    1,196   0,000   1,196

18,15   0,00    1,196    1,196   0,007   1,082   0,004   0,001   0,095   0,002   0,000   0,006   0,000 17852560000
18,15   4,27  575,987
18,15   0,00    0,000    0,000
18,15   0,00    0,000  515,908
18,15   0,00    0,000    1,196   0,000   1,196
18,15   0,00    0,000    1,196   0,000   1,196

18,16   0,00    1,196    1,196   0,007   1,082   0,004   0,001   0,095   0,002   0,000   0,006   0,000 17862400000
18,16   4,27  575,946
18,16   0,00    0,000    0,000
18,16   0,00    0,000  515,855
18,16   0,00    0,000    1,196   0,000   1,196
18,16   0,00    0,000    1,196   0,000   1,196

18,17   0,00    1,196    1,196   0,007   1,082   0,004   0,001   0,095   0,002   0,000   0,006   0,000 17872240000
18,17   4,27  575,904
18,17   0,00    0,000    0,000
18,17   0,00    0,000  515,803
18,17   0,00    0,000    1,196   0,000   1,196
18,17   0,00    0,000    1,196   0,000   1,196

18,18   0,00    1,196    1,196   0,007   1,082   0,004   0,001   0,095   0,002   0,000   0,006   0,000 17882070000
18,18   4,27  575,863
18,18   0,00    0,000    0,000
18,18   0,00    0,000  515,751
18,18   0,00    0,000    1,196   0,000   1,196
18,18   0,00    0,000    1,196   0,000   1,196

18,19   0,00    1,196    1,196   0,007   1,082   0,004   0,001   0,095   0,002   0,000   0,006   0,000 17891910000
18,19   4,27  575,822
18,19   0,00    0,000    0,000
18,19   0,00    0,000  515,699
18,19   0,00    0,000    1,196   0,000   1,196
18,19   0,00    0,000    1,196   0,000   1,196

18,20   0,00    1,196    1,196   0,007   1,082   0,004   0,001   0,095   0,002   0,000   0,006   0,000 17901750000
18,20   4,27  575,781
18,20   0,00    0,000    0,000
18,20   0,00    0,000  515,646
18,20   0,00    0,000    1,196   0,000   1,196
18,20   0,00    0,000    1,196   0,000   1,196

18,21   0,00    1,196    1,196   0,007   1,082   0,004   0,001   0,095   0,002   0,000   0,006   0,000 17911580000
18,21   4,26  575,740
18,21   0,00    0,000    0,000
18,21   0,00    0,000  515,594
18,21   0,00    0,000    1,196   0,000   1,196
18,21   0,00    0,000    1,196   0,000   1,196

18,22   0,00    1,196    1,196   0,007   1,082   0,004   0,001   0,095   0,002   0,000   0,006   0,000 17921420000
18,22   4,26  575,698
18,22   0,00    0,000    0,000
18,22   0,00    0,000  515,542
18,22   0,00    0,000    1,196   0,000   1,196
18,22   0,00    0,000    1,196   0,000   1,196

18,23   0,00    1,196    1,196   0,007   1,082   0,004   0,001   0,095   0,002   0,000   0,006   0,000 17931250000
18,23   4,26  575,657
18,23   0,00    0,000    0,000
18,23   0,00    0,000  515,490
18,23   0,00    0,000    1,196   0,000   1,196
18,23   0,00    0,000    1,196   0,000   1,196

18,24   0,00    1,196    1,196   0,007   1,082   0,004   0,001   0,095   0,002   0,000   0,006   0,000 17941090000
18,24   4,26  575,616
18,24   0,00    0,000    0,000
18,24   0,00    0,000  515,438
18,24   0,00    0,000    1,196   0,000   1,196
18,24   0,00    0,000    1,196   0,000   1,196

18,25   0,00    1,196    1,196   0,007   1,082   0,004   0,001   0,095   0,002   0,000   0,006   0,000 17950920000
18,25   4,26  575,575
18,25   0,00    0,000    0,000
18,25   0,00    0,000  515,386
18,25   0,00    0,000    1,196   0,000   1,196
18,25   0,00    0,000    1,196   0,000   1,196

18,26   0,00    1,196    1,196   0,007   1,082   0,004   0,001   0,095   0,002   0,000   0,006   0,000 17960760000
18,26   4,26  575,534
18,26   0,00    0,000    0,000
18,26   0,00    0,000  515,334
18,26   0,00    0,000    1,196   0,000   1,196
18,26   0,00    0,000    1,196   0,000   1,196

18,27   0,00    1,196    1,196   0,007   1,082   0,004   0,001   0,095   0,002   0,000   0,006   0,000 17970600000
18,27   4,26  575,493
18,27   0,00    0,000    0,000
18,27   0,00    0,000  515,282
18,27   0,00    0,000    1,196   0,000   1,196
18,27   0,00    0,000    1,196   0,000   1,196

18,28   0,00    1,196    1,196   0,007   1,082   0,004   0,001   0,095   0,002   0,000   0,006   0,000 17980430000
18,28   4,26  575,452
18,28   0,00    0,000    0,000
18,28   0,00    0,000  515,230
18,28   0,00    0,000    1,196   0,000   1,196
18,28   0,00    0,000    1,196   0,000   1,196

18,29   0,00    1,196    1,196   0,007   1,082   0,004   0,001   0,095   0,002   0,000   0,006   0,000 17990270000
18,29   4,26  575,412
18,29   0,00    0,000    0,000
18,29   0,00    0,000  515,179
18,29   0,00    0,000    1,196   0,000   1,196
18,29   0,00    0,000    1,196   0,000   1,196

18,30   0,00    1,196    1,196   0,007   1,082   0,004   0,001   0,095   0,002   0,000   0,006   0,000 18000110000
18,30   4,26  575,371
18,30   0,00    0,000    0,000
18,30   0,00    0,000  515,127
18,30   0,00    0,000    1,196   0,000   1,196
18,30   0,00    0,000    1,196   0,000   1,196

18,31   0,00    1,196    1,196   0,007   1,082   0,004   0,001   0,095   0,002   0,000   0,006   0,000 18009940000
18,31   4,26  575,330
18,31   0,00    0,000    0,000
18,31   0,00    0,000  515,075
18,31   0,00    0,000    1,196   0,000   1,196
18,31   0,00    0,000    1,196   0,000   1,196

18,32   0,00    1,196    1,196   0,007   1,082   0,004   0,001   0,095   0,002   0,000   0,006   0,000 18019780000
18,32   4,26  575,289
18,32   0,00    0,000    0,000
18,32   0,00    0,000  515,023
18,32   0,00    0,000    1,196   0,000   1,196
18,32   0,00    0,000    1,196   0,000   1,196

18,33   0,00    1,196    1,196   0,007   1,082   0,004   0,001   0,095   0,002   0,000   0,006   0,000 18029620000
18,33   4,26  575,248
18,33   0,00    0,000    0,000
18,33   0,00    0,000  514,972
18,33   0,00    0,000    1,196   0,000   1,196
18,33   0,00    0,000    1,196   0,000   1,196

18,34   0,00    1,196    1,196   0,007   1,082   0,004   0,001   0,095   0,002   0,000   0,006   0,000 18039450000
18,34   4,25  575,208
18,34   0,00    0,000    0,000
18,34   0,00    0,000  514,920
18,34   0,00    0,000    1,196   0,000   1,196
18,34   0,00    0,000    1,196   0,000   1,196

18,35   0,00    1,196    1,196   0,007   1,082   0,004   0,001   0,095   0,002   0,000   0,006   0,000 18049290000
18,35   4,25  575,167
18,35   0,00    0,000    0,000
18,35   0,00    0,000  514,868
18,35   0,00    0,000    1,196   0,000   1,196
18,35   0,00    0,000    1,196   0,000   1,196

18,36   0,00    1,196    1,196   0,007   1,082   0,004   0,001   0,095   0,002   0,000   0,006   0,000 18059120000
18,36   4,25  575,126
18,36   0,00    0,000    0,000
18,36   0,00    0,000  514,817
18,36   0,00    0,000    1,196   0,000   1,196
18,36   0,00    0,000    1,196   0,000   1,196

18,37   0,00    1,196    1,196   0,007   1,082   0,004   0,001   0,095   0,002   0,000   0,006   0,000 18068960000
18,37   4,25  575,086
18,37   0,00    0,000    0,000
18,37   0,00    0,000  514,765
18,37   0,00    0,000    1,196   0,000   1,196
18,37   0,00    0,000    1,196   0,000   1,196

18,38   0,00    1,196    1,196   0,007   1,082   0,004   0,001   0,095   0,002   0,000   0,006   0,000 18078790000
18,38   4,25  575,045
18,38   0,00    0,000    0,000
18,38   0,00    0,000  514,714
18,38   0,00    0,000    1,196   0,000   1,196
18,38   0,00    0,000    1,196   0,000   1,196

18,39   0,00    1,196    1,196   0,007   1,082   0,004   0,001   0,095   0,002   0,000   0,006   0,000 18088630000
18,39   4,25  575,005
18,39   0,00    0,000    0,000
18,39   0,00    0,000  514,662
18,39   0,00    0,000    1,196   0,000   1,196
18,39   0,00    0,000    1,196   0,000   1,196

18,40   0,00    1,196    1,196   0,007   1,082   0,004   0,001   0,095   0,002   0,000   0,006   0,000 18098470000
18,40   4,25  574,964
18,40   0,00    0,000    0,000
18,40   0,00    0,000  514,611
18,40   0,00    0,000    1,196   0,000   1,196
18,40   0,00    0,000    1,196   0,000   1,196

18,41   0,00    1,196    1,196   0,007   1,082   0,004   0,001   0,095   0,002   0,000   0,006   0,000 18108300000
18,41   4,25  574,924
18,41   0,00    0,000    0,000
18,41   0,00    0,000  514,560
18,41   0,00    0,000    1,196   0,000   1,196
18,41   0,00    0,000    1,196   0,000   1,196

18,42   0,00    1,196    1,196   0,007   1,082   0,004   0,001   0,095   0,002   0,000   0,006   0,000 18118140000
18,42   4,25  574,883
18,42   0,00    0,000    0,000
18,42   0,00    0,000  514,508
18,42   0,00    0,000    1,196   0,000   1,196
18,42   0,00    0,000    1,196   0,000   1,196

18,43   0,00    1,196    1,196   0,007   1,082   0,004   0,001   0,095   0,002   0,000   0,006   0,000 18127980000
18,43   4,25  574,843
18,43   0,00    0,000    0,000
18,43   0,00    0,000  514,457
18,43   0,00    0,000    1,196   0,000   1,196
18,43   0,00    0,000    1,196   0,000   1,196

18,44   0,00    1,196    1,196   0,007   1,082   0,004   0,001   0,095   0,002   0,000   0,006   0,000 18137810000
18,44   4,25  574,803
18,44   0,00    0,000    0,000
18,44   0,00    0,000  514,406
18,44   0,00    0,000    1,196   0,000   1,196
18,44   0,00    0,000    1,196   0,000   1,196

18,45   0,00    1,196    1,196   0,007   1,082   0,004   0,001   0,095   0,002   0,000   0,006   0,000 18147650000
18,45   4,25  574,762
18,45   0,00    0,000    0,000
18,45   0,00    0,000  514,355
18,45   0,00    0,000    1,196   0,000   1,196
18,45   0,00    0,000    1,196   0,000   1,196

18,46   0,00    1,196    1,196   0,007   1,082   0,004   0,001   0,095   0,002   0,000   0,006   0,000 18157480000
18,46   4,25  574,722
18,46   0,00    0,000    0,000
18,46   0,00    0,000  514,303
18,46   0,00    0,000    1,196   0,000   1,196
18,46   0,00    0,000    1,196   0,000   1,196

18,47   0,00    1,196    1,196   0,007   1,082   0,004   0,001   0,095   0,002   0,000   0,006   0,000 18167320000
18,47   4,25  574,682
18,47   0,00    0,000    0,000
18,47   0,00    0,000  514,252
18,47   0,00    0,000    1,196   0,000   1,196
18,47   0,00    0,000    1,196   0,000   1,196

18,48   0,00    1,196    1,196   0,007   1,082   0,004   0,001   0,095   0,002   0,000   0,006   0,000 18177160000
18,48   4,24  574,642
18,48   0,00    0,000    0,000
18,48   0,00    0,000  514,201
18,48   0,00    0,000    1,196   0,000   1,196
18,48   0,00    0,000    1,196   0,000   1,196

18,49   0,00    1,196    1,196   0,007   1,082   0,004   0,001   0,095   0,002   0,000   0,006   0,000 18186990000
18,49   4,24  574,601
18,49   0,00    0,000    0,000
18,49   0,00    0,000  514,150
18,49   0,00    0,000    1,196   0,000   1,196
18,49   0,00    0,000    1,196   0,000   1,196

18,50   0,00    1,196    1,196   0,007   1,082   0,004   0,001   0,095   0,002   0,000   0,006   0,000 18196830000
18,50   4,24  574,561
18,50   0,00    0,000    0,000
18,50   0,00    0,000  514,099
18,50   0,00    0,000    1,196   0,000   1,196
18,50   0,00    0,000    1,196   0,000   1,196

18,51   0,00    1,196    1,196   0,007   1,082   0,004   0,001   0,095   0,002   0,000   0,006   0,000 18206660000
18,51   4,24  574,521
18,51   0,00    0,000    0,000
18,51   0,00    0,000  514,048
18,51   0,00    0,000    1,196   0,000   1,196
18,51   0,00    0,000    1,196   0,000   1,196

18,52   0,00    1,196    1,196   0,007   1,082   0,004   0,001   0,095   0,002   0,000   0,006   0,000 18216500000
18,52   4,24  574,481
18,52   0,00    0,000    0,000
18,52   0,00    0,000  513,997
18,52   0,00    0,000    1,196   0,000   1,196
18,52   0,00    0,000    1,196   0,000   1,196

18,53   0,00    1,196    1,196   0,007   1,082   0,004   0,001   0,095   0,002   0,000   0,006   0,000 18226340000
18,53   4,24  574,441
18,53   0,00    0,000    0,000
18,53   0,00    0,000  513,946
18,53   0,00    0,000    1,196   0,000   1,196
18,53   0,00    0,000    1,196   0,000   1,196

18,54   0,00    1,196    1,196   0,007   1,082   0,004   0,001   0,095   0,002   0,000   0,006   0,000 18236170000
18,54   4,24  574,401
18,54   0,00    0,000    0,000
18,54   0,00    0,000  513,895
18,54   0,00    0,000    1,196   0,000   1,196
18,54   0,00    0,000    1,196   0,000   1,196

18,55   0,00    1,196    1,196   0,007   1,082   0,004   0,001   0,095   0,002   0,000   0,006   0,000 18246010000
18,55   4,24  574,361
18,55   0,00    0,000    0,000
18,55   0,00    0,000  513,844
18,55   0,00    0,000    1,196   0,000   1,196
18,55   0,00    0,000    1,196   0,000   1,196

18,56   0,00    1,196    1,196   0,007   1,082   0,004   0,001   0,095   0,002   0,000   0,006   0,000 18255850000
18,56   4,24  574,321
18,56   0,00    0,000    0,000
18,56   0,00    0,000  513,794
18,56   0,00    0,000    1,196   0,000   1,196
18,56   0,00    0,000    1,196   0,000   1,196

18,57   0,00    1,196    1,196   0,007   1,082   0,004   0,001   0,095   0,002   0,000   0,006   0,000 18265680000
18,57   4,24  574,281
18,57   0,00    0,000    0,000
18,57   0,00    0,000  513,743
18,57   0,00    0,000    1,196   0,000   1,196
18,57   0,00    0,000    1,196   0,000   1,196

18,58   0,00    1,196    1,196   0,007   1,082   0,004   0,001   0,095   0,002   0,000   0,006   0,000 18275520000
18,58   4,24  574,241
18,58   0,00    0,000    0,000
18,58   0,00    0,000  513,692
18,58   0,00    0,000    1,196   0,000   1,196
18,58   0,00    0,000    1,196   0,000   1,196

18,59   0,00    1,196    1,196   0,007   1,082   0,004   0,001   0,095   0,002   0,000   0,006   0,000 18285350000
18,59   4,24  574,201
18,59   0,00    0,000    0,000
18,59   0,00    0,000  513,641
18,59   0,00    0,000    1,196   0,000   1,196
18,59   0,00    0,000    1,196   0,000   1,196

18,60   0,00    1,196    1,196   0,007   1,082   0,004   0,001   0,095   0,002   0,000   0,006   0,000 18295190000
18,60   4,24  574,162
18,60   0,00    0,000    0,000
18,60   0,00    0,000  513,591
18,60   0,00    0,000    1,196   0,000   1,196
18,60   0,00    0,000    1,196   0,000   1,196

18,61   0,00    1,196    1,196   0,007   1,082   0,004   0,001   0,095   0,002   0,000   0,006   0,000 18305030000
18,61   4,24  574,122
18,61   0,00    0,000    0,000
18,61   0,00    0,000  513,540
18,61   0,00    0,000    1,196   0,000   1,196
18,61   0,00    0,000    1,196   0,000   1,196

18,62   0,00    1,196    1,196   0,007   1,082   0,004   0,001   0,095   0,002   0,000   0,006   0,000 18314860000
18,62   4,23  574,082
18,62   0,00    0,000    0,000
18,62   0,00    0,000  513,490
18,62   0,00    0,000    1,196   0,000   1,196
18,62   0,00    0,000    1,196   0,000   1,196

18,63   0,00    1,196    1,196   0,007   1,082   0,004   0,001   0,095   0,002   0,000   0,006   0,000 18324700000
18,63   4,23  574,043
18,63   0,00    0,000    0,000
18,63   0,00    0,000  513,439
18,63   0,00    0,000    1,196   0,000   1,196
18,63   0,00    0,000    1,196   0,000   1,196

18,64   0,00    1,196    1,196   0,007   1,082   0,004   0,001   0,095   0,002   0,000   0,006   0,000 18334530000
18,64   4,23  574,003
18,64   0,00    0,000    0,000
18,64   0,00    0,000  513,388
18,64   0,00    0,000    1,196   0,000   1,196
18,64   0,00    0,000    1,196   0,000   1,196

18,65   0,00    1,196    1,196   0,007   1,082   0,004   0,001   0,095   0,002   0,000   0,006   0,000 18344370000
18,65   4,23  573,963
18,65   0,00    0,000    0,000
18,65   0,00    0,000  513,338
18,65   0,00    0,000    1,196   0,000   1,196
18,65   0,00    0,000    1,196   0,000   1,196

18,66   0,00    1,196    1,196   0,007   1,082   0,004   0,001   0,095   0,002   0,000   0,006   0,000 18354210000
18,66   4,23  573,924
18,66   0,00    0,000    0,000
18,66   0,00    0,000  513,288
18,66   0,00    0,000    1,196   0,000   1,196
18,66   0,00    0,000    1,196   0,000   1,196

18,67   0,00    1,196    1,196   0,007   1,082   0,004   0,001   0,095   0,002   0,000   0,006   0,000 18364040000
18,67   4,23  573,884
18,67   0,00    0,000    0,000
18,67   0,00    0,000  513,237
18,67   0,00    0,000    1,196   0,000   1,196
18,67   0,00    0,000    1,196   0,000   1,196

18,68   0,00    1,196    1,196   0,007   1,082   0,004   0,001   0,095   0,002   0,000   0,006   0,000 18373880000
18,68   4,23  573,845
18,68   0,00    0,000    0,000
18,68   0,00    0,000  513,187
18,68   0,00    0,000    1,196   0,000   1,196
18,68   0,00    0,000    1,196   0,000   1,196

18,69   0,00    1,196    1,196   0,007   1,082   0,004   0,001   0,095   0,002   0,000   0,006   0,000 18383710000
18,69   4,23  573,805
18,69   0,00    0,000    0,000
18,69   0,00    0,000  513,136
18,69   0,00    0,000    1,196   0,000   1,196
18,69   0,00    0,000    1,196   0,000   1,196

18,70   0,00    1,196    1,196   0,007   1,082   0,004   0,001   0,095   0,002   0,000   0,006   0,000 18393550000
18,70   4,23  573,766
18,70   0,00    0,000    0,000
18,70   0,00    0,000  513,086
18,70   0,00    0,000    1,196   0,000   1,196
18,70   0,00    0,000    1,196   0,000   1,196

18,71   0,00    1,196    1,196   0,007   1,082   0,004   0,001   0,095   0,002   0,000   0,006   0,000 18403390000
18,71   4,23  573,726
18,71   0,00    0,000    0,000
18,71   0,00    0,000  513,036
18,71   0,00    0,000    1,196   0,000   1,196
18,71   0,00    0,000    1,196   0,000   1,196

18,72   0,00    1,196    1,196   0,007   1,082   0,004   0,001   0,095   0,002   0,000   0,006   0,000 18413220000
18,72   4,23  573,687
18,72   0,00    0,000    0,000
18,72   0,00    0,000  512,986
18,72   0,00    0,000    1,196   0,000   1,196
18,72   0,00    0,000    1,196   0,000   1,196

18,73   0,00    1,196    1,196   0,007   1,082   0,004   0,001   0,095   0,002   0,000   0,006   0,000 18423060000
18,73   4,23  573,647
18,73   0,00    0,000    0,000
18,73   0,00    0,000  512,935
18,73   0,00    0,000    1,196   0,000   1,196
18,73   0,00    0,000    1,196   0,000   1,196

18,74   0,00    1,196    1,196   0,007   1,082   0,004   0,001   0,095   0,002   0,000   0,006   0,000 18432890000
18,74   4,23  573,608
18,74   0,00    0,000    0,000
18,74   0,00    0,000  512,885
18,74   0,00    0,000    1,196   0,000   1,196
18,74   0,00    0,000    1,196   0,000   1,196

18,75   0,00    1,196    1,196   0,007   1,082   0,004   0,001   0,095   0,002   0,000   0,006   0,000 18442730000
18,75   4,23  573,569
18,75   0,00    0,000    0,000
18,75   0,00    0,000  512,835
18,75   0,00    0,000    1,196   0,000   1,196
18,75   0,00    0,000    1,196   0,000   1,196

18,76   0,00    1,196    1,196   0,007   1,082   0,004   0,001   0,095   0,002   0,000   0,006   0,000 18452570000
18,76   4,22  573,530
18,76   0,00    0,000    0,000
18,76   0,00    0,000  512,785
18,76   0,00    0,000    1,196   0,000   1,196
18,76   0,00    0,000    1,196   0,000   1,196

18,77   0,00    1,196    1,196   0,007   1,082   0,004   0,001   0,095   0,002   0,000   0,006   0,000 18462400000
18,77   4,22  573,490
18,77   0,00    0,000    0,000
18,77   0,00    0,000  512,735
18,77   0,00    0,000    1,196   0,000   1,196
18,77   0,00    0,000    1,196   0,000   1,196

18,78   0,00    1,196    1,196   0,007   1,082   0,004   0,001   0,095   0,002   0,000   0,006   0,000 18472240000
18,78   4,22  573,451
18,78   0,00    0,000    0,000
18,78   0,00    0,000  512,685
18,78   0,00    0,000    1,196   0,000   1,196
18,78   0,00    0,000    1,196   0,000   1,196

18,79   0,00    1,196    1,196   0,007   1,082   0,004   0,001   0,095   0,002   0,000   0,006   0,000 18482080000
18,79   4,22  573,412
18,79   0,00    0,000    0,000
18,79   0,00    0,000  512,635
18,79   0,00    0,000    1,196   0,000   1,196
18,79   0,00    0,000    1,196   0,000   1,196

18,80   0,00    1,196    1,196   0,007   1,082   0,004   0,001   0,095   0,002   0,000   0,006   0,000 18491910000
18,80   4,22  573,373
18,80   0,00    0,000    0,000
18,80   0,00    0,000  512,585
18,80   0,00    0,000    1,196   0,000   1,196
18,80   0,00    0,000    1,196   0,000   1,196

18,81   0,00    1,196    1,196   0,007   1,082   0,004   0,001   0,095   0,002   0,000   0,006   0,000 18501750000
18,81   4,22  573,334
18,81   0,00    0,000    0,000
18,81   0,00    0,000  512,535
18,81   0,00    0,000    1,196   0,000   1,196
18,81   0,00    0,000    1,196   0,000   1,196

18,82   0,00    1,196    1,196   0,007   1,082   0,004   0,001   0,095   0,002   0,000   0,006   0,000 18511580000
18,82   4,22  573,295
18,82   0,00    0,000    0,000
18,82   0,00    0,000  512,485
18,82   0,00    0,000    1,196   0,000   1,196
18,82   0,00    0,000    1,196   0,000   1,196

18,83   0,00    1,196    1,196   0,007   1,082   0,004   0,001   0,095   0,002   0,000   0,006   0,000 18521420000
18,83   4,22  573,256
18,83   0,00    0,000    0,000
18,83   0,00    0,000  512,435
18,83   0,00    0,000    1,196   0,000   1,196
18,83   0,00    0,000    1,196   0,000   1,196

18,84   0,00    1,196    1,196   0,007   1,082   0,004   0,001   0,095   0,002   0,000   0,006   0,000 18531260000
18,84   4,22  573,217
18,84   0,00    0,000    0,000
18,84   0,00    0,000  512,386
18,84   0,00    0,000    1,196   0,000   1,196
18,84   0,00    0,000    1,196   0,000   1,196

18,85   0,00    1,196    1,196   0,007   1,082   0,004   0,001   0,095   0,002   0,000   0,006   0,000 18541090000
18,85   4,22  573,178
18,85   0,00    0,000    0,000
18,85   0,00    0,000  512,336
18,85   0,00    0,000    1,196   0,000   1,196
18,85   0,00    0,000    1,196   0,000   1,196

18,86   0,00    1,196    1,196   0,007   1,082   0,004   0,001   0,095   0,002   0,000   0,006   0,000 18550930000
18,86   4,22  573,139
18,86   0,00    0,000    0,000
18,86   0,00    0,000  512,286
18,86   0,00    0,000    1,196   0,000   1,196
18,86   0,00    0,000    1,196   0,000   1,196

18,87   0,00    1,196    1,196   0,007   1,082   0,004   0,001   0,095   0,002   0,000   0,006   0,000 18560770000
18,87   4,22  573,100
18,87   0,00    0,000    0,000
18,87   0,00    0,000  512,237
18,87   0,00    0,000    1,196   0,000   1,196
18,87   0,00    0,000    1,196   0,000   1,196

18,88   0,00    1,196    1,196   0,007   1,082   0,004   0,001   0,095   0,002   0,000   0,006   0,000 18570600000
18,88   4,22  573,061
18,88   0,00    0,000    0,000
18,88   0,00    0,000  512,187
18,88   0,00    0,000    1,196   0,000   1,196
18,88   0,00    0,000    1,196   0,000   1,196

18,89   0,00    1,196    1,196   0,007   1,082   0,004   0,001   0,095   0,002   0,000   0,006   0,000 18580440000
18,89   4,22  573,022
18,89   0,00    0,000    0,000
18,89   0,00    0,000  512,137
18,89   0,00    0,000    1,196   0,000   1,196
18,89   0,00    0,000    1,196   0,000   1,196

18,90   0,00    1,196    1,196   0,007   1,082   0,004   0,001   0,095   0,002   0,000   0,006   0,000 18590270000
18,90   4,21  572,983
18,90   0,00    0,000    0,000
18,90   0,00    0,000  512,088
18,90   0,00    0,000    1,196   0,000   1,196
18,90   0,00    0,000    1,196   0,000   1,196

18,91   0,00    1,196    1,196   0,007   1,082   0,004   0,001   0,095   0,002   0,000   0,006   0,000 18600110000
18,91   4,21  572,945
18,91   0,00    0,000    0,000
18,91   0,00    0,000  512,038
18,91   0,00    0,000    1,196   0,000   1,196
18,91   0,00    0,000    1,196   0,000   1,196

18,92   0,00    1,196    1,196   0,007   1,082   0,004   0,001   0,095   0,002   0,000   0,006   0,000 18609950000
18,92   4,21  572,906
18,92   0,00    0,000    0,000
18,92   0,00    0,000  511,989
18,92   0,00    0,000    1,196   0,000   1,196
18,92   0,00    0,000    1,196   0,000   1,196

18,93   0,00    1,196    1,196   0,007   1,082   0,004   0,001   0,095   0,002   0,000   0,006   0,000 18619780000
18,93   4,21  572,867
18,93   0,00    0,000    0,000
18,93   0,00    0,000  511,939
18,93   0,00    0,000    1,196   0,000   1,196
18,93   0,00    0,000    1,196   0,000   1,196

18,94   0,00    1,196    1,196   0,007   1,082   0,004   0,001   0,095   0,002   0,000   0,006   0,000 18629620000
18,94   4,21  572,828
18,94   0,00    0,000    0,000
18,94   0,00    0,000  511,890
18,94   0,00    0,000    1,196   0,000   1,196
18,94   0,00    0,000    1,196   0,000   1,196

18,95   0,00    1,196    1,196   0,007   1,082   0,004   0,001   0,095   0,002   0,000   0,006   0,000 18639450000
18,95   4,21  572,790
18,95   0,00    0,000    0,000
18,95   0,00    0,000  511,840
18,95   0,00    0,000    1,196   0,000   1,196
18,95   0,00    0,000    1,196   0,000   1,196

18,96   0,00    1,196    1,196   0,007   1,082   0,004   0,001   0,095   0,002   0,000   0,006   0,000 18649290000
18,96   4,21  572,751
18,96   0,00    0,000    0,000
18,96   0,00    0,000  511,791
18,96   0,00    0,000    1,196   0,000   1,196
18,96   0,00    0,000    1,196   0,000   1,196

18,97   0,00    1,196    1,196   0,007   1,082   0,004   0,001   0,095   0,002   0,000   0,006   0,000 18659130000
18,97   4,21  572,713
18,97   0,00    0,000    0,000
18,97   0,00    0,000  511,742
18,97   0,00    0,000    1,196   0,000   1,196
18,97   0,00    0,000    1,196   0,000   1,196

18,98   0,00    1,196    1,196   0,007   1,082   0,004   0,001   0,095   0,002   0,000   0,006   0,000 18668960000
18,98   4,21  572,674
18,98   0,00    0,000    0,000
18,98   0,00    0,000  511,692
18,98   0,00    0,000    1,196   0,000   1,196
18,98   0,00    0,000    1,196   0,000   1,196

18,99   0,00    1,196    1,196   0,007   1,082   0,004   0,001   0,095   0,002   0,000   0,006   0,000 18678800000
18,99   4,21  572,636
18,99   0,00    0,000    0,000
18,99   0,00    0,000  511,643
18,99   0,00    0,000    1,196   0,000   1,196
18,99   0,00    0,000    1,196   0,000   1,196

19,00   0,00    1,196    1,196   0,007   1,082   0,004   0,001   0,095   0,002   0,000   0,006   0,000 18688630000
19,00   4,21  572,597
19,00   0,00    0,000    0,000
19,00   0,00    0,000  511,594
19,00   0,00    0,000    1,196   0,000   1,196
19,00   0,00    0,000    1,196   0,000   1,196

19,01   0,00    1,196    1,196   0,007   1,082   0,004   0,001   0,095   0,002   0,000   0,006   0,000 18698470000
19,01   4,21  572,559
19,01   0,00    0,000    0,000
19,01   0,00    0,000  511,545
19,01   0,00    0,000    1,196   0,000   1,196
19,01   0,00    0,000    1,196   0,000   1,196

19,02   0,00    1,196    1,196   0,007   1,082   0,004   0,001   0,095   0,002   0,000   0,006   0,000 18708310000
19,02   4,21  572,520
19,02   0,00    0,000    0,000
19,02   0,00    0,000  511,495
19,02   0,00    0,000    1,196   0,000   1,196
19,02   0,00    0,000    1,196   0,000   1,196

19,03   0,00    1,196    1,196   0,007   1,082   0,004   0,001   0,095   0,002   0,000   0,006   0,000 18718140000
19,03   4,21  572,482
19,03   0,00    0,000    0,000
19,03   0,00    0,000  511,446
19,03   0,00    0,000    1,196   0,000   1,196
19,03   0,00    0,000    1,196   0,000   1,196

19,04   0,00    1,196    1,196   0,007   1,082   0,004   0,001   0,095   0,002   0,000   0,006   0,000 18727980000
19,04   4,21  572,443
19,04   0,00    0,000    0,000
19,04   0,00    0,000  511,397
19,04   0,00    0,000    1,196   0,000   1,196
19,04   0,00    0,000    1,196   0,000   1,196

19,05   0,00    1,196    1,196   0,007   1,082   0,004   0,001   0,095   0,002   0,000   0,006   0,000 18737810000
19,05   4,20  572,405
19,05   0,00    0,000    0,000
19,05   0,00    0,000  511,348
19,05   0,00    0,000    1,196   0,000   1,196
19,05   0,00    0,000    1,196   0,000   1,196

19,06   0,00    1,196    1,196   0,007   1,082   0,004   0,001   0,095   0,002   0,000   0,006   0,000 18747650000
19,06   4,20  572,367
19,06   0,00    0,000    0,000
19,06   0,00    0,000  511,299
19,06   0,00    0,000    1,196   0,000   1,196
19,06   0,00    0,000    1,196   0,000   1,196

19,07   0,00    1,196    1,196   0,007   1,082   0,004   0,001   0,095   0,002   0,000   0,006   0,000 18757490000
19,07   4,20  572,329
19,07   0,00    0,000    0,000
19,07   0,00    0,000  511,250
19,07   0,00    0,000    1,196   0,000   1,196
19,07   0,00    0,000    1,196   0,000   1,196

19,08   0,00    1,196    1,196   0,007   1,082   0,004   0,001   0,095   0,002   0,000   0,006   0,000 18767320000
19,08   4,20  572,290
19,08   0,00    0,000    0,000
19,08   0,00    0,000  511,201
19,08   0,00    0,000    1,196   0,000   1,196
19,08   0,00    0,000    1,196   0,000   1,196

19,09   0,00    1,196    1,196   0,007   1,082   0,004   0,001   0,095   0,002   0,000   0,006   0,000 18777160000
19,09   4,20  572,252
19,09   0,00    0,000    0,000
19,09   0,00    0,000  511,152
19,09   0,00    0,000    1,196   0,000   1,196
19,09   0,00    0,000    1,196   0,000   1,196

19,10   0,00    1,196    1,196   0,007   1,082   0,004   0,001   0,095   0,002   0,000   0,006   0,000 18787000000
19,10   4,20  572,214
19,10   0,00    0,000    0,000
19,10   0,00    0,000  511,103
19,10   0,00    0,000    1,196   0,000   1,196
19,10   0,00    0,000    1,196   0,000   1,196

19,11   0,00    1,196    1,196   0,007   1,082   0,004   0,001   0,095   0,002   0,000   0,006   0,000 18796830000
19,11   4,20  572,176
19,11   0,00    0,000    0,000
19,11   0,00    0,000  511,055
19,11   0,00    0,000    1,196   0,000   1,196
19,11   0,00    0,000    1,196   0,000   1,196

19,12   0,00    1,196    1,196   0,007   1,082   0,004   0,001   0,095   0,002   0,000   0,006   0,000 18806670000
19,12   4,20  572,138
19,12   0,00    0,000    0,000
19,12   0,00    0,000  511,006
19,12   0,00    0,000    1,196   0,000   1,196
19,12   0,00    0,000    1,196   0,000   1,196

19,13   0,00    1,196    1,196   0,007   1,082   0,004   0,001   0,095   0,002   0,000   0,006   0,000 18816500000
19,13   4,20  572,100
19,13   0,00    0,000    0,000
19,13   0,00    0,000  510,957
19,13   0,00    0,000    1,196   0,000   1,196
19,13   0,00    0,000    1,196   0,000   1,196

19,14   0,00    1,196    1,196   0,007   1,082   0,004   0,001   0,095   0,002   0,000   0,006   0,000 18826340000
19,14   4,20  572,062
19,14   0,00    0,000    0,000
19,14   0,00    0,000  510,908
19,14   0,00    0,000    1,196   0,000   1,196
19,14   0,00    0,000    1,196   0,000   1,196

19,15   0,00    1,196    1,196   0,007   1,082   0,004   0,001   0,095   0,002   0,000   0,006   0,000 18836180000
19,15   4,20  572,024
19,15   0,00    0,000    0,000
19,15   0,00    0,000  510,860
19,15   0,00    0,000    1,196   0,000   1,196
19,15   0,00    0,000    1,196   0,000   1,196

19,16   0,00    1,196    1,196   0,007   1,082   0,004   0,001   0,095   0,002   0,000   0,006   0,000 18846010000
19,16   4,20  571,986
19,16   0,00    0,000    0,000
19,16   0,00    0,000  510,811
19,16   0,00    0,000    1,196   0,000   1,196
19,16   0,00    0,000    1,196   0,000   1,196

19,17   0,00    1,196    1,196   0,007   1,082   0,004   0,001   0,095   0,002   0,000   0,006   0,000 18855850000
19,17   4,20  571,948
19,17   0,00    0,000    0,000
19,17   0,00    0,000  510,762
19,17   0,00    0,000    1,196   0,000   1,196
19,17   0,00    0,000    1,196   0,000   1,196

19,18   0,00    1,196    1,196   0,007   1,082   0,004   0,001   0,095   0,002   0,000   0,006   0,000 18865680000
19,18   4,20  571,910
19,18   0,00    0,000    0,000
19,18   0,00    0,000  510,714
19,18   0,00    0,000    1,196   0,000   1,196
19,18   0,00    0,000    1,196   0,000   1,196

19,19   0,00    1,196    1,196   0,007   1,082   0,004   0,001   0,095   0,002   0,000   0,006   0,000 18875520000
19,19   4,20  571,872
19,19   0,00    0,000    0,000
19,19   0,00    0,000  510,665
19,19   0,00    0,000    1,196   0,000   1,196
19,19   0,00    0,000    1,196   0,000   1,196

19,20   0,00    1,196    1,196   0,007   1,082   0,004   0,001   0,095   0,002   0,000   0,006   0,000 18885360000
19,20   4,19  571,834
19,20   0,00    0,000    0,000
19,20   0,00    0,000  510,617
19,20   0,00    0,000    1,196   0,000   1,196
19,20   0,00    0,000    1,196   0,000   1,196

19,21   0,00    1,196    1,196   0,007   1,082   0,004   0,001   0,095   0,002   0,000   0,006   0,000 18895190000
19,21   4,19  571,796
19,21   0,00    0,000    0,000
19,21   0,00    0,000  510,568
19,21   0,00    0,000    1,196   0,000   1,196
19,21   0,00    0,000    1,196   0,000   1,196

19,22   0,00    1,196    1,196   0,007   1,082   0,004   0,001   0,095   0,002   0,000   0,006   0,000 18905030000
19,22   4,19  571,758
19,22   0,00    0,000    0,000
19,22   0,00    0,000  510,520
19,22   0,00    0,000    1,196   0,000   1,196
19,22   0,00    0,000    1,196   0,000   1,196

19,23   0,00    1,196    1,196   0,007   1,082   0,004   0,001   0,095   0,002   0,000   0,006   0,000 18914870000
19,23   4,19  571,721
19,23   0,00    0,000    0,000
19,23   0,00    0,000  510,471
19,23   0,00    0,000    1,196   0,000   1,196
19,23   0,00    0,000    1,196   0,000   1,196

19,24   0,00    1,196    1,196   0,007   1,082   0,004   0,001   0,095   0,002   0,000   0,006   0,000 18924700000
19,24   4,19  571,683
19,24   0,00    0,000    0,000
19,24   0,00    0,000  510,423
19,24   0,00    0,000    1,196   0,000   1,196
19,24   0,00    0,000    1,196   0,000   1,196

19,25   0,00    1,196    1,196   0,007   1,082   0,004   0,001   0,095   0,002   0,000   0,006   0,000 18934540000
19,25   4,19  571,645
19,25   0,00    0,000    0,000
19,25   0,00    0,000  510,374
19,25   0,00    0,000    1,196   0,000   1,196
19,25   0,00    0,000    1,196   0,000   1,196

19,26   0,00    1,196    1,196   0,007   1,082   0,004   0,001   0,095   0,002   0,000   0,006   0,000 18944370000
19,26   4,19  571,607
19,26   0,00    0,000    0,000
19,26   0,00    0,000  510,326
19,26   0,00    0,000    1,196   0,000   1,196
19,26   0,00    0,000    1,196   0,000   1,196

19,27   0,00    1,196    1,196   0,007   1,082   0,004   0,001   0,095   0,002   0,000   0,006   0,000 18954210000
19,27   4,19  571,570
19,27   0,00    0,000    0,000
19,27   0,00    0,000  510,278
19,27   0,00    0,000    1,196   0,000   1,196
19,27   0,00    0,000    1,196   0,000   1,196

19,28   0,00    1,196    1,196   0,007   1,082   0,004   0,001   0,095   0,002   0,000   0,006   0,000 18964050000
19,28   4,19  571,532
19,28   0,00    0,000    0,000
19,28   0,00    0,000  510,229
19,28   0,00    0,000    1,196   0,000   1,196
19,28   0,00    0,000    1,196   0,000   1,196

19,29   0,00    1,196    1,196   0,007   1,083   0,004   0,001   0,095   0,002   0,000   0,006   0,000 18973880000
19,29   4,19  571,495
19,29   0,00    0,000    0,000
19,29   0,00    0,000  510,181
19,29   0,00    0,000    1,196   0,000   1,196
19,29   0,00    0,000    1,196   0,000   1,196

19,30   0,00    1,196    1,196   0,007   1,083   0,004   0,001   0,095   0,002   0,000   0,006   0,000 18983720000
19,30   4,19  571,457
19,30   0,00    0,000    0,000
19,30   0,00    0,000  510,133
19,30   0,00    0,000    1,196   0,000   1,196
19,30   0,00    0,000    1,196   0,000   1,196

19,31   0,00    1,196    1,196   0,007   1,083   0,004   0,001   0,095   0,002   0,000   0,006   0,000 18993550000
19,31   4,19  571,419
19,31   0,00    0,000    0,000
19,31   0,00    0,000  510,085
19,31   0,00    0,000    1,196   0,000   1,196
19,31   0,00    0,000    1,196   0,000   1,196

19,32   0,00    1,196    1,196   0,007   1,083   0,004   0,001   0,095   0,002   0,000   0,006   0,000 19003390000
19,32   4,19  571,382
19,32   0,00    0,000    0,000
19,32   0,00    0,000  510,037
19,32   0,00    0,000    1,196   0,000   1,196
19,32   0,00    0,000    1,196   0,000   1,196

19,33   0,00    1,196    1,196   0,007   1,083   0,004   0,001   0,095   0,002   0,000   0,006   0,000 19013230000
19,33   4,19  571,344
19,33   0,00    0,000    0,000
19,33   0,00    0,000  509,989
19,33   0,00    0,000    1,196   0,000   1,196
19,33   0,00    0,000    1,196   0,000   1,196

19,34   0,00    1,196    1,196   0,007   1,083   0,003   0,001   0,095   0,002   0,000   0,006   0,000 19023060000
19,34   4,19  571,307
19,34   0,00    0,000    0,000
19,34   0,00    0,000  509,941
19,34   0,00    0,000    1,196   0,000   1,196
19,34   0,00    0,000    1,196   0,000   1,196

19,35   0,00    1,196    1,196   0,007   1,083   0,003   0,001   0,095   0,002   0,000   0,006   0,000 19032900000
19,35   4,18  571,270
19,35   0,00    0,000    0,000
19,35   0,00    0,000  509,893
19,35   0,00    0,000    1,196   0,000   1,196
19,35   0,00    0,000    1,196   0,000   1,196

19,36   0,00    1,196    1,196   0,007   1,083   0,003   0,001   0,095   0,002   0,000   0,006   0,000 19042740000
19,36   4,18  571,232
19,36   0,00    0,000    0,000
19,36   0,00    0,000  509,845
19,36   0,00    0,000    1,196   0,000   1,196
19,36   0,00    0,000    1,196   0,000   1,196

19,37   0,00    1,196    1,196   0,007   1,083   0,003   0,001   0,095   0,002   0,000   0,006   0,000 19052570000
19,37   4,18  571,195
19,37   0,00    0,000    0,000
19,37   0,00    0,000  509,797
19,37   0,00    0,000    1,196   0,000   1,196
19,37   0,00    0,000    1,196   0,000   1,196

19,38   0,00    1,196    1,196   0,007   1,083   0,003   0,001   0,095   0,002   0,000   0,006   0,000 19062410000
19,38   4,18  571,157
19,38   0,00    0,000    0,000
19,38   0,00    0,000  509,749
19,38   0,00    0,000    1,196   0,000   1,196
19,38   0,00    0,000    1,196   0,000   1,196

19,39   0,00    1,196    1,196   0,007   1,083   0,003   0,001   0,095   0,002   0,000   0,006   0,000 19072240000
19,39   4,18  571,120
19,39   0,00    0,000    0,000
19,39   0,00    0,000  509,701
19,39   0,00    0,000    1,196   0,000   1,196
19,39   0,00    0,000    1,196   0,000   1,196

19,40   0,00    1,196    1,196   0,007   1,083   0,003   0,001   0,095   0,002   0,000   0,006   0,000 19082080000
19,40   4,18  571,083
19,40   0,00    0,000    0,000
19,40   0,00    0,000  509,653
19,40   0,00    0,000    1,196   0,000   1,196
19,40   0,00    0,000    1,196   0,000   1,196

19,41   0,00    1,196    1,196   0,007   1,083   0,003   0,001   0,095   0,002   0,000   0,006   0,000 19091910000
19,41   4,18  571,046
19,41   0,00    0,000    0,000
19,41   0,00    0,000  509,605
19,41   0,00    0,000    1,196   0,000   1,196
19,41   0,00    0,000    1,196   0,000   1,196

19,42   0,00    1,196    1,196   0,007   1,083   0,003   0,001   0,095   0,002   0,000   0,006   0,000 19101750000
19,42   4,18  571,008
19,42   0,00    0,000    0,000
19,42   0,00    0,000  509,558
19,42   0,00    0,000    1,196   0,000   1,196
19,42   0,00    0,000    1,196   0,000   1,196

19,43   0,00    1,196    1,196   0,007   1,083   0,003   0,001   0,095   0,002   0,000   0,006   0,000 19111590000
19,43   4,18  570,971
19,43   0,00    0,000    0,000
19,43   0,00    0,000  509,510
19,43   0,00    0,000    1,196   0,000   1,196
19,43   0,00    0,000    1,196   0,000   1,196

19,44   0,00    1,196    1,196   0,007   1,083   0,003   0,001   0,095   0,002   0,000   0,006   0,000 19121420000
19,44   4,18  570,934
19,44   0,00    0,000    0,000
19,44   0,00    0,000  509,462
19,44   0,00    0,000    1,196   0,000   1,196
19,44   0,00    0,000    1,196   0,000   1,196

19,45   0,00    1,196    1,196   0,007   1,083   0,003   0,001   0,095   0,002   0,000   0,006   0,000 19131260000
19,45   4,18  570,897
19,45   0,00    0,000    0,000
19,45   0,00    0,000  509,414
19,45   0,00    0,000    1,196   0,000   1,196
19,45   0,00    0,000    1,196   0,000   1,196

19,46   0,00    1,196    1,196   0,007   1,083   0,003   0,001   0,095   0,002   0,000   0,006   0,000 19141100000
19,46   4,18  570,860
19,46   0,00    0,000    0,000
19,46   0,00    0,000  509,367
19,46   0,00    0,000    1,196   0,000   1,196
19,46   0,00    0,000    1,196   0,000   1,196

19,47   0,00    1,196    1,196   0,007   1,083   0,003   0,001   0,095   0,002   0,000   0,006   0,000 19150930000
19,47   4,18  570,823
19,47   0,00    0,000    0,000
19,47   0,00    0,000  509,319
19,47   0,00    0,000    1,196   0,000   1,196
19,47   0,00    0,000    1,196   0,000   1,196

19,48   0,00    1,196    1,196   0,007   1,083   0,003   0,001   0,095   0,002   0,000   0,006   0,000 19160770000
19,48   4,18  570,786
19,48   0,00    0,000    0,000
19,48   0,00    0,000  509,271
19,48   0,00    0,000    1,196   0,000   1,196
19,48   0,00    0,000    1,196   0,000   1,196

19,49   0,00    1,196    1,196   0,007   1,083   0,003   0,001   0,095   0,002   0,000   0,006   0,000 19170610000
19,49   4,18  570,749
19,49   0,00    0,000    0,000
19,49   0,00    0,000  509,224
19,49   0,00    0,000    1,196   0,000   1,196
19,49   0,00    0,000    1,196   0,000   1,196

19,50   0,00    1,196    1,196   0,007   1,083   0,003   0,001   0,095   0,002   0,000   0,006   0,000 19180440000
19,50   4,17  570,712
19,50   0,00    0,000    0,000
19,50   0,00    0,000  509,176
19,50   0,00    0,000    1,196   0,000   1,196
19,50   0,00    0,000    1,196   0,000   1,196

19,51   0,00    1,196    1,196   0,007   1,083   0,003   0,001   0,095   0,002   0,000   0,006   0,000 19190280000
19,51   4,17  570,675
19,51   0,00    0,000    0,000
19,51   0,00    0,000  509,129
19,51   0,00    0,000    1,196   0,000   1,196
19,51   0,00    0,000    1,196   0,000   1,196

19,52   0,00    1,196    1,196   0,007   1,083   0,003   0,001   0,095   0,002   0,000   0,006   0,000 19200110000
19,52   4,17  570,638
19,52   0,00    0,000    0,000
19,52   0,00    0,000  509,081
19,52   0,00    0,000    1,196   0,000   1,196
19,52   0,00    0,000    1,196   0,000   1,196

19,53   0,00    1,196    1,196   0,007   1,083   0,003   0,001   0,095   0,002   0,000   0,006   0,000 19209950000
19,53   4,17  570,601
19,53   0,00    0,000    0,000
19,53   0,00    0,000  509,034
19,53   0,00    0,000    1,196   0,000   1,196
19,53   0,00    0,000    1,196   0,000   1,196

19,54   0,00    1,196    1,196   0,007   1,083   0,003   0,001   0,095   0,002   0,000   0,006   0,000 19219790000
19,54   4,17  570,564
19,54   0,00    0,000    0,000
19,54   0,00    0,000  508,987
19,54   0,00    0,000    1,196   0,000   1,196
19,54   0,00    0,000    1,196   0,000   1,196

19,55   0,00    1,196    1,196   0,007   1,083   0,003   0,001   0,095   0,002   0,000   0,006   0,000 19229620000
19,55   4,17  570,527
19,55   0,00    0,000    0,000
19,55   0,00    0,000  508,939
19,55   0,00    0,000    1,196   0,000   1,196
19,55   0,00    0,000    1,196   0,000   1,196

19,56   0,00    1,196    1,196   0,007   1,083   0,003   0,001   0,095   0,002   0,000   0,006   0,000 19239460000
19,56   4,17  570,491
19,56   0,00    0,000    0,000
19,56   0,00    0,000  508,892
19,56   0,00    0,000    1,196   0,000   1,196
19,56   0,00    0,000    1,196   0,000   1,196

19,57   0,00    1,196    1,196   0,007   1,083   0,003   0,001   0,095   0,002   0,000   0,006   0,000 19249290000
19,57   4,17  570,454
19,57   0,00    0,000    0,000
19,57   0,00    0,000  508,845
19,57   0,00    0,000    1,196   0,000   1,196
19,57   0,00    0,000    1,196   0,000   1,196

19,58   0,00    1,196    1,196   0,007   1,083   0,003   0,001   0,095   0,002   0,000   0,006   0,000 19259130000
19,58   4,17  570,417
19,58   0,00    0,000    0,000
19,58   0,00    0,000  508,797
19,58   0,00    0,000    1,196   0,000   1,196
19,58   0,00    0,000    1,196   0,000   1,196

19,59   0,00    1,196    1,196   0,007   1,083   0,003   0,001   0,095   0,002   0,000   0,006   0,000 19268970000
19,59   4,17  570,380
19,59   0,00    0,000    0,000
19,59   0,00    0,000  508,750
19,59   0,00    0,000    1,196   0,000   1,196
19,59   0,00    0,000    1,196   0,000   1,196

19,60   0,00    1,196    1,196   0,007   1,083   0,003   0,001   0,095   0,002   0,000   0,006   0,000 19278800000
19,60   4,17  570,344
19,60   0,00    0,000    0,000
19,60   0,00    0,000  508,703
19,60   0,00    0,000    1,196   0,000   1,196
19,60   0,00    0,000    1,196   0,000   1,196

19,61   0,00    1,196    1,196   0,007   1,083   0,003   0,001   0,095   0,002   0,000   0,006   0,000 19288640000
19,61   4,17  570,307
19,61   0,00    0,000    0,000
19,61   0,00    0,000  508,656
19,61   0,00    0,000    1,196   0,000   1,196
19,61   0,00    0,000    1,196   0,000   1,196

19,62   0,00    1,196    1,196   0,007   1,083   0,003   0,001   0,095   0,002   0,000   0,006   0,000 19298480000
19,62   4,17  570,270
19,62   0,00    0,000    0,000
19,62   0,00    0,000  508,609
19,62   0,00    0,000    1,196   0,000   1,196
19,62   0,00    0,000    1,196   0,000   1,196

19,63   0,00    1,196    1,196   0,007   1,083   0,003   0,001   0,095   0,002   0,000   0,006   0,000 19308310000
19,63   4,17  570,234
19,63   0,00    0,000    0,000
19,63   0,00    0,000  508,562
19,63   0,00    0,000    1,196   0,000   1,196
19,63   0,00    0,000    1,196   0,000   1,196

19,64   0,00    1,196    1,196   0,007   1,083   0,003   0,001   0,095   0,002   0,000   0,006   0,000 19318150000
19,64   4,17  570,197
19,64   0,00    0,000    0,000
19,64   0,00    0,000  508,515
19,64   0,00    0,000    1,196   0,000   1,196
19,64   0,00    0,000    1,196   0,000   1,196

19,65   0,00    1,196    1,196   0,007   1,083   0,003   0,001   0,095   0,002   0,000   0,006   0,000 19327980000
19,65   4,17  570,160
19,65   0,00    0,000    0,000
19,65   0,00    0,000  508,468
19,65   0,00    0,000    1,196   0,000   1,196
19,65   0,00    0,000    1,196   0,000   1,196

19,66   0,00    1,196    1,196   0,007   1,083   0,003   0,001   0,095   0,002   0,000   0,006   0,000 19337820000
19,66   4,16  570,124
19,66   0,00    0,000    0,000
19,66   0,00    0,000  508,421
19,66   0,00    0,000    1,196   0,000   1,196
19,66   0,00    0,000    1,196   0,000   1,196

19,67   0,00    1,196    1,196   0,007   1,083   0,003   0,001   0,095   0,002   0,000   0,006   0,000 19347650000
19,67   4,16  570,087
19,67   0,00    0,000    0,000
19,67   0,00    0,000  508,374
19,67   0,00    0,000    1,196   0,000   1,196
19,67   0,00    0,000    1,196   0,000   1,196

19,68   0,00    1,196    1,196   0,007   1,083   0,003   0,001   0,095   0,002   0,000   0,006   0,000 19357490000
19,68   4,16  570,051
19,68   0,00    0,000    0,000
19,68   0,00    0,000  508,327
19,68   0,00    0,000    1,196   0,000   1,196
19,68   0,00    0,000    1,196   0,000   1,196

19,69   0,00    1,196    1,196   0,007   1,083   0,003   0,001   0,095   0,002   0,000   0,006   0,000 19367330000
19,69   4,16  570,014
19,69   0,00    0,000    0,000
19,69   0,00    0,000  508,280
19,69   0,00    0,000    1,196   0,000   1,196
19,69   0,00    0,000    1,196   0,000   1,196

19,70   0,00    1,196    1,196   0,007   1,083   0,003   0,001   0,095   0,002   0,000   0,006   0,000 19377160000
19,70   4,16  569,978
19,70   0,00    0,000    0,000
19,70   0,00    0,000  508,233
19,70   0,00    0,000    1,196   0,000   1,196
19,70   0,00    0,000    1,196   0,000   1,196

19,71   0,00    1,196    1,196   0,007   1,083   0,003   0,001   0,095   0,002   0,000   0,006   0,000 19387000000
19,71   4,16  569,942
19,71   0,00    0,000    0,000
19,71   0,00    0,000  508,186
19,71   0,00    0,000    1,196   0,000   1,196
19,71   0,00    0,000    1,196   0,000   1,196

19,72   0,00    1,196    1,196   0,007   1,083   0,003   0,001   0,095   0,002   0,000   0,006   0,000 19396840000
19,72   4,16  569,905
19,72   0,00    0,000    0,000
19,72   0,00    0,000  508,139
19,72   0,00    0,000    1,196   0,000   1,196
19,72   0,00    0,000    1,196   0,000   1,196

19,73   0,00    1,196    1,196   0,007   1,083   0,003   0,001   0,095   0,002   0,000   0,006   0,000 19406670000
19,73   4,16  569,869
19,73   0,00    0,000    0,000
19,73   0,00    0,000  508,093
19,73   0,00    0,000    1,196   0,000   1,196
19,73   0,00    0,000    1,196   0,000   1,196

19,74   0,00    1,196    1,196   0,007   1,083   0,003   0,001   0,095   0,002   0,000   0,006   0,000 19416510000
19,74   4,16  569,833
19,74   0,00    0,000    0,000
19,74   0,00    0,000  508,046
19,74   0,00    0,000    1,196   0,000   1,196
19,74   0,00    0,000    1,196   0,000   1,196

19,75   0,00    1,196    1,196   0,007   1,083   0,003   0,001   0,095   0,002   0,000   0,006   0,000 19426340000
19,75   4,16  569,796
19,75   0,00    0,000    0,000
19,75   0,00    0,000  507,999
19,75   0,00    0,000    1,196   0,000   1,196
19,75   0,00    0,000    1,196   0,000   1,196

19,76   0,00    1,196    1,196   0,007   1,083   0,003   0,001   0,095   0,002   0,000   0,006   0,000 19436180000
19,76   4,16  569,760
19,76   0,00    0,000    0,000
19,76   0,00    0,000  507,953
19,76   0,00    0,000    1,196   0,000   1,196
19,76   0,00    0,000    1,196   0,000   1,196

19,77   0,00    1,196    1,196   0,007   1,083   0,003   0,001   0,095   0,002   0,000   0,006   0,000 19446020000
19,77   4,16  569,724
19,77   0,00    0,000    0,000
19,77   0,00    0,000  507,906
19,77   0,00    0,000    1,196   0,000   1,196
19,77   0,00    0,000    1,196   0,000   1,196

19,78   0,00    1,196    1,196   0,007   1,083   0,003   0,001   0,095   0,002   0,000   0,006   0,000 19455850000
19,78   4,16  569,688
19,78   0,00    0,000    0,000
19,78   0,00    0,000  507,859
19,78   0,00    0,000    1,196   0,000   1,196
19,78   0,00    0,000    1,196   0,000   1,196

19,79   0,00    1,196    1,196   0,007   1,083   0,003   0,001   0,095   0,002   0,000   0,006   0,000 19465690000
19,79   4,16  569,651
19,79   0,00    0,000    0,000
19,79   0,00    0,000  507,813
19,79   0,00    0,000    1,196   0,000   1,196
19,79   0,00    0,000    1,196   0,000   1,196

19,80   0,00    1,196    1,196   0,007   1,083   0,003   0,001   0,095   0,002   0,000   0,006   0,000 19475520000
19,80   4,16  569,615
19,80   0,00    0,000    0,000
19,80   0,00    0,000  507,766
19,80   0,00    0,000    1,196   0,000   1,196
19,80   0,00    0,000    1,196   0,000   1,196

19,81   0,00    1,196    1,196   0,007   1,083   0,003   0,001   0,095   0,002   0,000   0,006   0,000 19485360000
19,81   4,16  569,579
19,81   0,00    0,000    0,000
19,81   0,00    0,000  507,720
19,81   0,00    0,000    1,196   0,000   1,196
19,81   0,00    0,000    1,196   0,000   1,196

19,82   0,00    1,196    1,196   0,007   1,083   0,003   0,001   0,095   0,002   0,000   0,006   0,000 19495200000
19,82   4,15  569,543
19,82   0,00    0,000    0,000
19,82   0,00    0,000  507,673
19,82   0,00    0,000    1,196   0,000   1,196
19,82   0,00    0,000    1,196   0,000   1,196

19,83   0,00    1,196    1,196   0,007   1,083   0,003   0,001   0,095   0,002   0,000   0,006   0,000 19505030000
19,83   4,15  569,507
19,83   0,00    0,000    0,000
19,83   0,00    0,000  507,627
19,83   0,00    0,000    1,196   0,000   1,196
19,83   0,00    0,000    1,196   0,000   1,196

19,84   0,00    1,196    1,196   0,007   1,083   0,003   0,001   0,095   0,002   0,000   0,006   0,000 19514870000
19,84   4,15  569,471
19,84   0,00    0,000    0,000
19,84   0,00    0,000  507,580
19,84   0,00    0,000    1,196   0,000   1,196
19,84   0,00    0,000    1,196   0,000   1,196

19,85   0,00    1,196    1,196   0,007   1,083   0,003   0,001   0,095   0,002   0,000   0,006   0,000 19524710000
19,85   4,15  569,435
19,85   0,00    0,000    0,000
19,85   0,00    0,000  507,534
19,85   0,00    0,000    1,196   0,000   1,196
19,85   0,00    0,000    1,196   0,000   1,196

19,86   0,00    1,196    1,196   0,007   1,083   0,003   0,001   0,095   0,002   0,000   0,006   0,000 19534540000
19,86   4,15  569,399
19,86   0,00    0,000    0,000
19,86   0,00    0,000  507,488
19,86   0,00    0,000    1,196   0,000   1,196
19,86   0,00    0,000    1,196   0,000   1,196

19,87   0,00    1,196    1,196   0,007   1,083   0,003   0,001   0,095   0,002   0,000   0,006   0,000 19544380000
19,87   4,15  569,363
19,87   0,00    0,000    0,000
19,87   0,00    0,000  507,441
19,87   0,00    0,000    1,196   0,000   1,196
19,87   0,00    0,000    1,196   0,000   1,196

19,88   0,00    1,196    1,196   0,007   1,083   0,003   0,001   0,095   0,002   0,000   0,006   0,000 19554210000
19,88   4,15  569,327
19,88   0,00    0,000    0,000
19,88   0,00    0,000  507,395
19,88   0,00    0,000    1,196   0,000   1,196
19,88   0,00    0,000    1,196   0,000   1,196

19,89   0,00    1,196    1,196   0,007   1,083   0,003   0,001   0,095   0,002   0,000   0,006   0,000 19564050000
19,89   4,15  569,291
19,89   0,00    0,000    0,000
19,89   0,00    0,000  507,349
19,89   0,00    0,000    1,196   0,000   1,196
19,89   0,00    0,000    1,196   0,000   1,196

19,90   0,00    1,196    1,196   0,007   1,083   0,003   0,001   0,095   0,002   0,000   0,006   0,000 19573880000
19,90   4,15  569,255
19,90   0,00    0,000    0,000
19,90   0,00    0,000  507,303
19,90   0,00    0,000    1,196   0,000   1,196
19,90   0,00    0,000    1,196   0,000   1,196

19,91   0,00    1,196    1,196   0,007   1,083   0,003   0,001   0,095   0,002   0,000   0,006   0,000 19583720000
19,91   4,15  569,219
19,91   0,00    0,000    0,000
19,91   0,00    0,000  507,257
19,91   0,00    0,000    1,196   0,000   1,196
19,91   0,00    0,000    1,196   0,000   1,196

19,92   0,00    1,196    1,196   0,007   1,083   0,003   0,001   0,095   0,002   0,000   0,006   0,000 19593560000
19,92   4,15  569,183
19,92   0,00    0,000    0,000
19,92   0,00    0,000  507,210
19,92   0,00    0,000    1,196   0,000   1,196
19,92   0,00    0,000    1,196   0,000   1,196

19,93   0,00    1,196    1,196   0,007   1,083   0,003   0,001   0,095   0,002   0,000   0,006   0,000 19603390000
19,93   4,15  569,148
19,93   0,00    0,000    0,000
19,93   0,00    0,000  507,164
19,93   0,00    0,000    1,196   0,000   1,196
19,93   0,00    0,000    1,196   0,000   1,196

19,94   0,00    1,196    1,196   0,007   1,083   0,003   0,001   0,095   0,002   0,000   0,006   0,000 19613230000
19,94   4,15  569,112
19,94   0,00    0,000    0,000
19,94   0,00    0,000  507,118
19,94   0,00    0,000    1,196   0,000   1,196
19,94   0,00    0,000    1,196   0,000   1,196

19,95   0,00    1,196    1,196   0,007   1,083   0,003   0,001   0,095   0,002   0,000   0,006   0,000 19623070000
19,95   4,15  569,076
19,95   0,00    0,000    0,000
19,95   0,00    0,000  507,072
19,95   0,00    0,000    1,196   0,000   1,196
19,95   0,00    0,000    1,196   0,000   1,196

19,96   0,00    1,196    1,196   0,007   1,083   0,003   0,001   0,095   0,002   0,000   0,006   0,000 19632900000
19,96   4,15  569,040
19,96   0,00    0,000    0,000
19,96   0,00    0,000  507,026
19,96   0,00    0,000    1,196   0,000   1,196
19,96   0,00    0,000    1,196   0,000   1,196

19,97   0,00    1,196    1,196   0,007   1,083   0,003   0,001   0,095   0,002   0,000   0,006   0,000 19642740000
19,97   4,15  569,005
19,97   0,00    0,000    0,000
19,97   0,00    0,000  506,980
19,97   0,00    0,000    1,196   0,000   1,196
19,97   0,00    0,000    1,196   0,000   1,196

19,98   0,00    1,196    1,196   0,007   1,083   0,003   0,001   0,095   0,002   0,000   0,006   0,000 19652580000
19,98   4,14  568,969
19,98   0,00    0,000    0,000
19,98   0,00    0,000  506,934
19,98   0,00    0,000    1,196   0,000   1,196
19,98   0,00    0,000    1,196   0,000   1,196

19,99   0,00    1,196    1,196   0,007   1,083   0,003   0,001   0,095   0,002   0,000   0,006   0,000 19662410000
19,99   4,14  568,933
19,99   0,00    0,000    0,000
19,99   0,00    0,000  506,888
19,99   0,00    0,000    1,196   0,000   1,196
19,99   0,00    0,000    1,196   0,000   1,196

20,00   0,00    1,196    1,196   0,007   1,083   0,003   0,001   0,095   0,002   0,000   0,006   0,000 19672250000
20,00   4,14  568,898
20,00   0,00    0,000    0,000
20,00   0,00    0,000  506,842
20,00   0,00    0,000    1,196   0,000   1,196
20,00   0,00    0,000    1,196   0,000   1,196

20,01   0,00    1,196    1,196   0,007   1,083   0,003   0,001   0,095   0,002   0,000   0,006   0,000 19682080000
20,01   4,14  568,862
20,01   0,00    0,000    0,000
20,01   0,00    0,000  506,796
20,01   0,00    0,000    1,196   0,000   1,196
20,01   0,00    0,000    1,196   0,000   1,196

20,02   0,00    1,196    1,196   0,007   1,083   0,003   0,001   0,095   0,002   0,000   0,006   0,000 19691920000
20,02   4,14  568,826
20,02   0,00    0,000    0,000
20,02   0,00    0,000  506,751
20,02   0,00    0,000    1,196   0,000   1,196
20,02   0,00    0,000    1,196   0,000   1,196

20,03   0,00    1,196    1,196   0,007   1,083   0,003   0,001   0,095   0,002   0,000   0,006   0,000 19701760000
20,03   4,14  568,791
20,03   0,00    0,000    0,000
20,03   0,00    0,000  506,705
20,03   0,00    0,000    1,196   0,000   1,196
20,03   0,00    0,000    1,196   0,000   1,196

20,04   0,00    1,196    1,196   0,007   1,083   0,003   0,001   0,095   0,002   0,000   0,006   0,000 19711590000
20,04   4,14  568,755
20,04   0,00    0,000    0,000
20,04   0,00    0,000  506,659
20,04   0,00    0,000    1,196   0,000   1,196
20,04   0,00    0,000    1,196   0,000   1,196

20,05   0,00    1,196    1,196   0,007   1,083   0,003   0,001   0,095   0,002   0,000   0,006   0,000 19721430000
20,05   4,14  568,720
20,05   0,00    0,000    0,000
20,05   0,00    0,000  506,613
20,05   0,00    0,000    1,196   0,000   1,196
20,05   0,00    0,000    1,196   0,000   1,196

20,06   0,00    1,196    1,196   0,007   1,083   0,003   0,001   0,095   0,002   0,000   0,006   0,000 19731260000
20,06   4,14  568,684
20,06   0,00    0,000    0,000
20,06   0,00    0,000  506,568
20,06   0,00    0,000    1,196   0,000   1,196
20,06   0,00    0,000    1,196   0,000   1,196

20,07   0,00    1,196    1,196   0,007   1,083   0,003   0,001   0,095   0,002   0,000   0,006   0,000 19741100000
20,07   4,14  568,649
20,07   0,00    0,000    0,000
20,07   0,00    0,000  506,522
20,07   0,00    0,000    1,196   0,000   1,196
20,07   0,00    0,000    1,196   0,000   1,196

20,08   0,00    1,196    1,196   0,007   1,083   0,003   0,001   0,095   0,002   0,000   0,006   0,000 19750940000
20,08   4,14  568,613
20,08   0,00    0,000    0,000
20,08   0,00    0,000  506,476
20,08   0,00    0,000    1,196   0,000   1,196
20,08   0,00    0,000    1,196   0,000   1,196

20,09   0,00    1,196    1,196   0,007   1,083   0,003   0,001   0,095   0,002   0,000   0,006   0,000 19760770000
20,09   4,14  568,578
20,09   0,00    0,000    0,000
20,09   0,00    0,000  506,431
20,09   0,00    0,000    1,196   0,000   1,196
20,09   0,00    0,000    1,196   0,000   1,196

20,10   0,00    1,196    1,196   0,007   1,083   0,003   0,001   0,095   0,002   0,000   0,006   0,000 19770610000
20,10   4,14  568,543
20,10   0,00    0,000    0,000
20,10   0,00    0,000  506,385
20,10   0,00    0,000    1,196   0,000   1,196
20,10   0,00    0,000    1,196   0,000   1,196

20,11   0,00    1,196    1,196   0,007   1,083   0,003   0,001   0,095   0,002   0,000   0,006   0,000 19780440000
20,11   4,14  568,507
20,11   0,00    0,000    0,000
20,11   0,00    0,000  506,340
20,11   0,00    0,000    1,196   0,000   1,196
20,11   0,00    0,000    1,196   0,000   1,196

20,12   0,00    1,196    1,196   0,007   1,083   0,003   0,001   0,095   0,002   0,000   0,006   0,000 19790280000
20,12   4,14  568,472
20,12   0,00    0,000    0,000
20,12   0,00    0,000  506,294
20,12   0,00    0,000    1,196   0,000   1,196
20,12   0,00    0,000    1,196   0,000   1,196

20,13   0,00    1,196    1,196   0,007   1,083   0,003   0,001   0,095   0,002   0,000   0,006   0,000 19800120000
20,13   4,14  568,437
20,13   0,00    0,000    0,000
20,13   0,00    0,000  506,249
20,13   0,00    0,000    1,196   0,000   1,196
20,13   0,00    0,000    1,196   0,000   1,196

20,14   0,00    1,196    1,196   0,007   1,083   0,003   0,001   0,095   0,002   0,000   0,006   0,000 19809950000
20,14   4,13  568,401
20,14   0,00    0,000    0,000
20,14   0,00    0,000  506,203
20,14   0,00    0,000    1,196   0,000   1,196
20,14   0,00    0,000    1,196   0,000   1,196

20,15   0,00    1,196    1,196   0,007   1,083   0,003   0,001   0,095   0,002   0,000   0,006   0,000 19819790000
20,15   4,13  568,366
20,15   0,00    0,000    0,000
20,15   0,00    0,000  506,158
20,15   0,00    0,000    1,196   0,000   1,196
20,15   0,00    0,000    1,196   0,000   1,196

20,16   0,00    1,196    1,196   0,007   1,083   0,003   0,001   0,095   0,002   0,000   0,006   0,000 19829620000
20,16   4,13  568,331
20,16   0,00    0,000    0,000
20,16   0,00    0,000  506,112
20,16   0,00    0,000    1,196   0,000   1,196
20,16   0,00    0,000    1,196   0,000   1,196

20,17   0,00    1,196    1,196   0,007   1,083   0,003   0,001   0,095   0,002   0,000   0,006   0,000 19839460000
20,17   4,13  568,296
20,17   0,00    0,000    0,000
20,17   0,00    0,000  506,067
20,17   0,00    0,000    1,196   0,000   1,196
20,17   0,00    0,000    1,196   0,000   1,196

20,18   0,00    1,196    1,196   0,007   1,083   0,003   0,001   0,095   0,002   0,000   0,006   0,000 19849300000
20,18   4,13  568,260
20,18   0,00    0,000    0,000
20,18   0,00    0,000  506,022
20,18   0,00    0,000    1,196   0,000   1,196
20,18   0,00    0,000    1,196   0,000   1,196

20,19   0,00    1,196    1,196   0,007   1,083   0,003   0,001   0,095   0,002   0,000   0,006   0,000 19859130000
20,19   4,13  568,225
20,19   0,00    0,000    0,000
20,19   0,00    0,000  505,976
20,19   0,00    0,000    1,196   0,000   1,196
20,19   0,00    0,000    1,196   0,000   1,196

20,20   0,00    1,196    1,196   0,007   1,083   0,003   0,001   0,095   0,002   0,000   0,006   0,000 19868970000
20,20   4,13  568,190
20,20   0,00    0,000    0,000
20,20   0,00    0,000  505,931
20,20   0,00    0,000    1,196   0,000   1,196
20,20   0,00    0,000    1,196   0,000   1,196

20,21   0,00    1,196    1,196   0,007   1,083   0,003   0,001   0,095   0,002   0,000   0,006   0,000 19878810000
20,21   4,13  568,155
20,21   0,00    0,000    0,000
20,21   0,00    0,000  505,886
20,21   0,00    0,000    1,196   0,000   1,196
20,21   0,00    0,000    1,196   0,000   1,196

20,22   0,00    1,196    1,196   0,007   1,083   0,003   0,001   0,095   0,002   0,000   0,006   0,000 19888640000
20,22   4,13  568,120
20,22   0,00    0,000    0,000
20,22   0,00    0,000  505,841
20,22   0,00    0,000    1,196   0,000   1,196
20,22   0,00    0,000    1,196   0,000   1,196

20,23   0,00    1,196    1,196   0,007   1,083   0,003   0,001   0,095   0,002   0,000   0,006   0,000 19898480000
20,23   4,13  568,085
20,23   0,00    0,000    0,000
20,23   0,00    0,000  505,796
20,23   0,00    0,000    1,196   0,000   1,196
20,23   0,00    0,000    1,196   0,000   1,196

20,24   0,00    1,196    1,196   0,007   1,083   0,003   0,001   0,095   0,002   0,000   0,006   0,000 19908310000
20,24   4,13  568,050
20,24   0,00    0,000    0,000
20,24   0,00    0,000  505,750
20,24   0,00    0,000    1,196   0,000   1,196
20,24   0,00    0,000    1,196   0,000   1,196

20,25   0,00    1,196    1,196   0,007   1,083   0,003   0,001   0,095   0,002   0,000   0,006   0,000 19918150000
20,25   4,13  568,015
20,25   0,00    0,000    0,000
20,25   0,00    0,000  505,705
20,25   0,00    0,000    1,196   0,000   1,196
20,25   0,00    0,000    1,196   0,000   1,196

20,26   0,00    1,196    1,196   0,007   1,083   0,003   0,001   0,095   0,002   0,000   0,006   0,000 19927990000
20,26   4,13  567,980
20,26   0,00    0,000    0,000
20,26   0,00    0,000  505,660
20,26   0,00    0,000    1,196   0,000   1,196
20,26   0,00    0,000    1,196   0,000   1,196

20,27   0,00    1,196    1,196   0,007   1,083   0,003   0,001   0,095   0,002   0,000   0,006   0,000 19937820000
20,27   4,13  567,945
20,27   0,00    0,000    0,000
20,27   0,00    0,000  505,615
20,27   0,00    0,000    1,196   0,000   1,196
20,27   0,00    0,000    1,196   0,000   1,196

20,28   0,00    1,196    1,196   0,007   1,083   0,003   0,001   0,095   0,002   0,000   0,006   0,000 19947660000
20,28   4,13  567,910
20,28   0,00    0,000    0,000
20,28   0,00    0,000  505,570
20,28   0,00    0,000    1,196   0,000   1,196
20,28   0,00    0,000    1,196   0,000   1,196

20,29   0,00    1,196    1,196   0,007   1,083   0,003   0,001   0,095   0,002   0,000   0,006   0,000 19957500000
20,29   4,13  567,875
20,29   0,00    0,000    0,000
20,29   0,00    0,000  505,525
20,29   0,00    0,000    1,196   0,000   1,196
20,29   0,00    0,000    1,196   0,000   1,196

20,30   0,00    1,196    1,196   0,007   1,083   0,003   0,001   0,095   0,002   0,000   0,006   0,000 19967330000
20,30   4,13  567,840
20,30   0,00    0,000    0,000
20,30   0,00    0,000  505,480
20,30   0,00    0,000    1,196   0,000   1,196
20,30   0,00    0,000    1,196   0,000   1,196

20,31   0,00    1,196    1,196   0,007   1,083   0,003   0,001   0,095   0,002   0,000   0,006   0,000 19977170000
20,31   4,12  567,805
20,31   0,00    0,000    0,000
20,31   0,00    0,000  505,435
20,31   0,00    0,000    1,196   0,000   1,196
20,31   0,00    0,000    1,196   0,000   1,196

20,32   0,00    1,196    1,196   0,007   1,083   0,003   0,001   0,095   0,002   0,000   0,006   0,000 19987000000
20,32   4,12  567,770
20,32   0,00    0,000    0,000
20,32   0,00    0,000  505,390
20,32   0,00    0,000    1,196   0,000   1,196
20,32   0,00    0,000    1,196   0,000   1,196

20,33   0,00    1,196    1,196   0,007   1,083   0,003   0,001   0,095   0,002   0,000   0,006   0,000 19996840000
20,33   4,12  567,735
20,33   0,00    0,000    0,000
20,33   0,00    0,000  505,345
20,33   0,00    0,000    1,196   0,000   1,196
20,33   0,00    0,000    1,196   0,000   1,196

20,34   0,00    1,196    1,196   0,007   1,083   0,003   0,001   0,095   0,002   0,000   0,006   0,000 20006670000
20,34   4,12  567,701
20,34   0,00    0,000    0,000
20,34   0,00    0,000  505,301
20,34   0,00    0,000    1,196   0,000   1,196
20,34   0,00    0,000    1,196   0,000   1,196

20,35   0,00    1,196    1,196   0,007   1,083   0,003   0,001   0,095   0,002   0,000   0,006   0,000 20016510000
20,35   4,12  567,666
20,35   0,00    0,000    0,000
20,35   0,00    0,000  505,256
20,35   0,00    0,000    1,196   0,000   1,196
20,35   0,00    0,000    1,196   0,000   1,196

20,36   0,00    1,196    1,196   0,007   1,083   0,003   0,001   0,095   0,002   0,000   0,006   0,000 20026350000
20,36   4,12  567,631
20,36   0,00    0,000    0,000
20,36   0,00    0,000  505,211
20,36   0,00    0,000    1,196   0,000   1,196
20,36   0,00    0,000    1,196   0,000   1,196

20,37   0,00    1,196    1,196   0,007   1,083   0,003   0,001   0,095   0,002   0,000   0,006   0,000 20036180000
20,37   4,12  567,596
20,37   0,00    0,000    0,000
20,37   0,00    0,000  505,166
20,37   0,00    0,000    1,196   0,000   1,196
20,37   0,00    0,000    1,196   0,000   1,196

20,38   0,00    1,196    1,196   0,007   1,083   0,003   0,001   0,095   0,002   0,000   0,006   0,000 20046020000
20,38   4,12  567,562
20,38   0,00    0,000    0,000
20,38   0,00    0,000  505,122
20,38   0,00    0,000    1,196   0,000   1,196
20,38   0,00    0,000    1,196   0,000   1,196

20,39   0,00    1,196    1,196   0,007   1,083   0,003   0,001   0,095   0,002   0,000   0,006   0,000 20055860000
20,39   4,12  567,527
20,39   0,00    0,000    0,000
20,39   0,00    0,000  505,077
20,39   0,00    0,000    1,196   0,000   1,196
20,39   0,00    0,000    1,196   0,000   1,196

20,40   0,00    1,196    1,196   0,007   1,083   0,003   0,001   0,095   0,002   0,000   0,006   0,000 20065690000
20,40   4,12  567,492
20,40   0,00    0,000    0,000
20,40   0,00    0,000  505,032
20,40   0,00    0,000    1,196   0,000   1,196
20,40   0,00    0,000    1,196   0,000   1,196

20,41   0,00    1,196    1,196   0,007   1,083   0,003   0,001   0,095   0,002   0,000   0,006   0,000 20075530000
20,41   4,12  567,458
20,41   0,00    0,000    0,000
20,41   0,00    0,000  504,988
20,41   0,00    0,000    1,196   0,000   1,196
20,41   0,00    0,000    1,196   0,000   1,196

20,42   0,00    1,196    1,196   0,007   1,083   0,003   0,001   0,095   0,002   0,000   0,006   0,000 20085360000
20,42   4,12  567,423
20,42   0,00    0,000    0,000
20,42   0,00    0,000  504,943
20,42   0,00    0,000    1,196   0,000   1,196
20,42   0,00    0,000    1,196   0,000   1,196

20,43   0,00    1,196    1,196   0,007   1,083   0,003   0,001   0,095   0,002   0,000   0,006   0,000 20095200000
20,43   4,12  567,388
20,43   0,00    0,000    0,000
20,43   0,00    0,000  504,898
20,43   0,00    0,000    1,196   0,000   1,196
20,43   0,00    0,000    1,196   0,000   1,196

20,44   0,00    1,196    1,196   0,007   1,083   0,003   0,001   0,095   0,002   0,000   0,006   0,000 20105040000
20,44   4,12  567,354
20,44   0,00    0,000    0,000
20,44   0,00    0,000  504,854
20,44   0,00    0,000    1,196   0,000   1,196
20,44   0,00    0,000    1,196   0,000   1,196

20,45   0,00    1,196    1,196   0,007   1,083   0,003   0,001   0,095   0,002   0,000   0,006   0,000 20114870000
20,45   4,12  567,319
20,45   0,00    0,000    0,000
20,45   0,00    0,000  504,809
20,45   0,00    0,000    1,196   0,000   1,196
20,45   0,00    0,000    1,196   0,000   1,196

20,46   0,00    1,196    1,196   0,007   1,083   0,003   0,001   0,095   0,002   0,000   0,006   0,000 20124710000
20,46   4,12  567,285
20,46   0,00    0,000    0,000
20,46   0,00    0,000  504,765
20,46   0,00    0,000    1,196   0,000   1,196
20,46   0,00    0,000    1,196   0,000   1,196

20,47   0,00    1,196    1,196   0,007   1,083   0,003   0,001   0,095   0,002   0,000   0,006   0,000 20134540000
20,47   4,12  567,250
20,47   0,00    0,000    0,000
20,47   0,00    0,000  504,721
20,47   0,00    0,000    1,196   0,000   1,196
20,47   0,00    0,000    1,196   0,000   1,196

20,48   0,00    1,196    1,196   0,007   1,083   0,003   0,001   0,095   0,002   0,000   0,006   0,000 20144380000
20,48   4,11  567,216
20,48   0,00    0,000    0,000
20,48   0,00    0,000  504,676
20,48   0,00    0,000    1,196   0,000   1,196
20,48   0,00    0,000    1,196   0,000   1,196

20,49   0,00    1,196    1,196   0,007   1,083   0,003   0,001   0,095   0,002   0,000   0,006   0,000 20154220000
20,49   4,11  567,181
20,49   0,00    0,000    0,000
20,49   0,00    0,000  504,632
20,49   0,00    0,000    1,196   0,000   1,196
20,49   0,00    0,000    1,196   0,000   1,196

20,50   0,00    1,196    1,196   0,007   1,083   0,003   0,001   0,095   0,002   0,000   0,006   0,000 20164050000
20,50   4,11  567,147
20,50   0,00    0,000    0,000
20,50   0,00    0,000  504,587
20,50   0,00    0,000    1,196   0,000   1,196
20,50   0,00    0,000    1,196   0,000   1,196

20,51   0,00    1,196    1,196   0,007   1,083   0,003   0,001   0,095   0,002   0,000   0,006   0,000 20173890000
20,51   4,11  567,112
20,51   0,00    0,000    0,000
20,51   0,00    0,000  504,543
20,51   0,00    0,000    1,196   0,000   1,196
20,51   0,00    0,000    1,196   0,000   1,196

20,52   0,00    1,196    1,196   0,007   1,083   0,003   0,001   0,095   0,002   0,000   0,006   0,000 20183730000
20,52   4,11  567,078
20,52   0,00    0,000    0,000
20,52   0,00    0,000  504,499
20,52   0,00    0,000    1,196   0,000   1,196
20,52   0,00    0,000    1,196   0,000   1,196

20,53   0,00    1,196    1,196   0,007   1,083   0,003   0,001   0,095   0,002   0,000   0,006   0,000 20193560000
20,53   4,11  567,044
20,53   0,00    0,000    0,000
20,53   0,00    0,000  504,455
20,53   0,00    0,000    1,196   0,000   1,196
20,53   0,00    0,000    1,196   0,000   1,196

20,54   0,00    1,196    1,196   0,007   1,083   0,003   0,001   0,095   0,002   0,000   0,006   0,000 20203400000
20,54   4,11  567,009
20,54   0,00    0,000    0,000
20,54   0,00    0,000  504,410
20,54   0,00    0,000    1,196   0,000   1,196
20,54   0,00    0,000    1,196   0,000   1,196

20,55   0,00    1,196    1,196   0,007   1,083   0,003   0,001   0,095   0,002   0,000   0,006   0,000 20213230000
20,55   4,11  566,975
20,55   0,00    0,000    0,000
20,55   0,00    0,000  504,366
20,55   0,00    0,000    1,196   0,000   1,196
20,55   0,00    0,000    1,196   0,000   1,196

20,56   0,00    1,196    1,196   0,007   1,083   0,003   0,001   0,095   0,002   0,000   0,006   0,000 20223070000
20,56   4,11  566,940
20,56   0,00    0,000    0,000
20,56   0,00    0,000  504,322
20,56   0,00    0,000    1,196   0,000   1,196
20,56   0,00    0,000    1,196   0,000   1,196

20,57   0,00    1,196    1,196   0,007   1,083   0,003   0,001   0,095   0,002   0,000   0,006   0,000 20232900000
20,57   4,11  566,906
20,57   0,00    0,000    0,000
20,57   0,00    0,000  504,278
20,57   0,00    0,000    1,196   0,000   1,196
20,57   0,00    0,000    1,196   0,000   1,196

20,58   0,00    1,196    1,196   0,007   1,083   0,003   0,001   0,095   0,002   0,000   0,006   0,000 20242740000
20,58   4,11  566,872
20,58   0,00    0,000    0,000
20,58   0,00    0,000  504,234
20,58   0,00    0,000    1,196   0,000   1,196
20,58   0,00    0,000    1,196   0,000   1,196

20,59   0,00    1,196    1,196   0,007   1,083   0,003   0,001   0,095   0,002   0,000   0,006   0,000 20252580000
20,59   4,11  566,520
20,59   0,00    0,000    0,000
20,59   0,00    0,000  503,854
20,59   0,00    0,000    1,196   0,000   1,196
20,59   0,00    0,000    1,196   0,000   1,196

20,60   0,00    1,196    1,196   0,007   1,083   0,003   0,001   0,095   0,002   0,000   0,006   0,000 20262410000
20,60   4,11  566,486
20,60   0,00    0,000    0,000
20,60   0,00    0,000  503,811
20,60   0,00    0,000    1,196   0,000   1,196
20,60   0,00    0,000    1,196   0,000   1,196

20,61   0,00    1,196    1,196   0,007   1,083   0,003   0,001   0,095   0,002   0,000   0,006   0,000 20272250000
20,61   4,11  566,452
20,61   0,00    0,000    0,000
20,61   0,00    0,000  503,768
20,61   0,00    0,000    1,196   0,000   1,196
20,61   0,00    0,000    1,196   0,000   1,196

20,62   0,00    1,196    1,196   0,007   1,083   0,003   0,001   0,095   0,002   0,000   0,006   0,000 20282090000
20,62   4,11  566,419
20,62   0,00    0,000    0,000
20,62   0,00    0,000  503,726
20,62   0,00    0,000    1,196   0,000   1,196
20,62   0,00    0,000    1,196   0,000   1,196

20,63   0,00    1,196    1,196   0,007   1,083   0,003   0,001   0,095   0,002   0,000   0,006   0,000 20291920000
20,63   4,11  566,385
20,63   0,00    0,000    0,000
20,63   0,00    0,000  503,683
20,63   0,00    0,000    1,196   0,000   1,196
20,63   0,00    0,000    1,196   0,000   1,196

20,64   0,00    1,196    1,196   0,007   1,083   0,003   0,001   0,095   0,002   0,000   0,006   0,000 20301760000
20,64   4,11  566,351
20,64   0,00    0,000    0,000
20,64   0,00    0,000  503,640
20,64   0,00    0,000    1,196   0,000   1,196
20,64   0,00    0,000    1,196   0,000   1,196

20,65   0,00    1,196    1,196   0,007   1,083   0,003   0,001   0,095   0,002   0,000   0,006   0,000 20311600000
20,65   4,11  566,317
20,65   0,00    0,000    0,000
20,65   0,00    0,000  503,598
20,65   0,00    0,000    1,196   0,000   1,196
20,65   0,00    0,000    1,196   0,000   1,196

20,66   0,00    1,196    1,196   0,007   1,083   0,003   0,001   0,095   0,002   0,000   0,006   0,000 20321430000
20,66   4,11  566,283
20,66   0,00    0,000    0,000
20,66   0,00    0,000  503,555
20,66   0,00    0,000    1,196   0,000   1,196
20,66   0,00    0,000    1,196   0,000   1,196

20,67   0,00    1,196    1,196   0,007   1,083   0,003   0,001   0,095   0,002   0,000   0,006   0,000 20331270000
20,67   4,11  566,249
20,67   0,00    0,000    0,000
20,67   0,00    0,000  503,512
20,67   0,00    0,000    1,196   0,000   1,196
20,67   0,00    0,000    1,196   0,000   1,196

20,68   0,00    1,196    1,196   0,007   1,083   0,003   0,001   0,095   0,002   0,000   0,006   0,000 20341100000
20,68   4,11  566,215
20,68   0,00    0,000    0,000
20,68   0,00    0,000  503,470
20,68   0,00    0,000    1,196   0,000   1,196
20,68   0,00    0,000    1,196   0,000   1,196

20,69   0,00    1,196    1,196   0,007   1,083   0,003   0,001   0,095   0,002   0,000   0,006   0,000 20350940000
20,69   4,11  566,182
20,69   0,00    0,000    0,000
20,69   0,00    0,000  503,427
20,69   0,00    0,000    1,196   0,000   1,196
20,69   0,00    0,000    1,196   0,000   1,196

20,70   0,00    1,196    1,196   0,007   1,083   0,003   0,001   0,095   0,002   0,000   0,006   0,000 20360780000
20,70   4,10  566,148
20,70   0,00    0,000    0,000
20,70   0,00    0,000  503,385
20,70   0,00    0,000    1,196   0,000   1,196
20,70   0,00    0,000    1,196   0,000   1,196

20,71   0,00    1,196    1,196   0,007   1,083   0,003   0,001   0,095   0,002   0,000   0,006   0,000 20370610000
20,71   4,10  566,114
20,71   0,00    0,000    0,000
20,71   0,00    0,000  503,342
20,71   0,00    0,000    1,196   0,000   1,196
20,71   0,00    0,000    1,196   0,000   1,196

20,72   0,00    1,196    1,196   0,007   1,083   0,003   0,001   0,095   0,002   0,000   0,006   0,000 20380450000
20,72   4,10  566,081
20,72   0,00    0,000    0,000
20,72   0,00    0,000  503,300
20,72   0,00    0,000    1,196   0,000   1,196
20,72   0,00    0,000    1,196   0,000   1,196

20,73   0,00    1,196    1,196   0,007   1,083   0,003   0,001   0,095   0,002   0,000   0,006   0,000 20390280000
20,73   4,10  566,047
20,73   0,00    0,000    0,000
20,73   0,00    0,000  503,257
20,73   0,00    0,000    1,196   0,000   1,196
20,73   0,00    0,000    1,196   0,000   1,196

20,74   0,00    1,196    1,196   0,007   1,083   0,003   0,001   0,095   0,002   0,000   0,006   0,000 20400120000
20,74   4,10  566,013
20,74   0,00    0,000    0,000
20,74   0,00    0,000  503,215
20,74   0,00    0,000    1,196   0,000   1,196
20,74   0,00    0,000    1,196   0,000   1,196

20,75   0,00    1,196    1,196   0,007   1,083   0,003   0,001   0,095   0,002   0,000   0,006   0,000 20409960000
20,75   4,10  565,979
20,75   0,00    0,000    0,000
20,75   0,00    0,000  503,173
20,75   0,00    0,000    1,196   0,000   1,196
20,75   0,00    0,000    1,196   0,000   1,196

20,76   0,00    1,196    1,196   0,007   1,083   0,003   0,001   0,095   0,002   0,000   0,006   0,000 20419790000
20,76   4,10  565,946
20,76   0,00    0,000    0,000
20,76   0,00    0,000  503,130
20,76   0,00    0,000    1,196   0,000   1,196
20,76   0,00    0,000    1,196   0,000   1,196

20,77   0,00    1,196    1,196   0,007   1,083   0,003   0,001   0,095   0,002   0,000   0,006   0,000 20429630000
20,77   4,10  565,912
20,77   0,00    0,000    0,000
20,77   0,00    0,000  503,088
20,77   0,00    0,000    1,196   0,000   1,196
20,77   0,00    0,000    1,196   0,000   1,196

20,78   0,00    1,196    1,196   0,007   1,083   0,003   0,001   0,095   0,002   0,000   0,006   0,000 20439470000
20,78   4,10  565,879
20,78   0,00    0,000    0,000
20,78   0,00    0,000  503,046
20,78   0,00    0,000    1,196   0,000   1,196
20,78   0,00    0,000    1,196   0,000   1,196

20,79   0,00    1,196    1,196   0,007   1,083   0,003   0,001   0,095   0,002   0,000   0,006   0,000 20449300000
20,79   4,10  565,845
20,79   0,00    0,000    0,000
20,79   0,00    0,000  503,004
20,79   0,00    0,000    1,196   0,000   1,196
20,79   0,00    0,000    1,196   0,000   1,196

20,80   0,00    1,196    1,196   0,007   1,083   0,003   0,001   0,095   0,002   0,000   0,006   0,000 20459140000
20,80   4,10  565,812
20,80   0,00    0,000    0,000
20,80   0,00    0,000  502,962
20,80   0,00    0,000    1,196   0,000   1,196
20,80   0,00    0,000    1,196   0,000   1,196

20,81   0,00    1,196    1,196   0,007   1,083   0,003   0,001   0,095   0,002   0,000   0,006   0,000 20468970000
20,81   4,10  565,778
20,81   0,00    0,000    0,000
20,81   0,00    0,000  502,919
20,81   0,00    0,000    1,196   0,000   1,196
20,81   0,00    0,000    1,196   0,000   1,196

20,82   0,00    1,196    1,196   0,007   1,083   0,003   0,001   0,095   0,002   0,000   0,006   0,000 20478810000
20,82   4,10  565,745
20,82   0,00    0,000    0,000
20,82   0,00    0,000  502,877
20,82   0,00    0,000    1,196   0,000   1,196
20,82   0,00    0,000    1,196   0,000   1,196

20,83   0,00    1,196    1,196   0,007   1,083   0,003   0,001   0,095   0,002   0,000   0,006   0,000 20488640000
20,83   4,10  565,711
20,83   0,00    0,000    0,000
20,83   0,00    0,000  502,835
20,83   0,00    0,000    1,196   0,000   1,196
20,83   0,00    0,000    1,196   0,000   1,196

20,84   0,00    1,196    1,196   0,007   1,083   0,003   0,001   0,095   0,002   0,000   0,006   0,000 20498480000
20,84   4,10  565,678
20,84   0,00    0,000    0,000
20,84   0,00    0,000  502,793
20,84   0,00    0,000    1,196   0,000   1,196
20,84   0,00    0,000    1,196   0,000   1,196

20,85   0,00    1,196    1,196   0,007   1,083   0,003   0,001   0,095   0,002   0,000   0,006   0,000 20508320000
20,85   4,10  565,644
20,85   0,00    0,000    0,000
20,85   0,00    0,000  502,751
20,85   0,00    0,000    1,196   0,000   1,196
20,85   0,00    0,000    1,196   0,000   1,196

20,86   0,00    1,196    1,196   0,007   1,083   0,003   0,001   0,095   0,002   0,000   0,006   0,000 20518150000
20,86   4,10  565,611
20,86   0,00    0,000    0,000
20,86   0,00    0,000  502,709
20,86   0,00    0,000    1,196   0,000   1,196
20,86   0,00    0,000    1,196   0,000   1,196

20,87   0,00    1,196    1,196   0,007   1,083   0,003   0,001   0,095   0,002   0,000   0,006   0,000 20527990000
20,87   4,10  565,577
20,87   0,00    0,000    0,000
20,87   0,00    0,000  502,667
20,87   0,00    0,000    1,196   0,000   1,196
20,87   0,00    0,000    1,196   0,000   1,196

20,88   0,00    1,196    1,196   0,007   1,083   0,003   0,001   0,095   0,002   0,000   0,006   0,000 20537830000
20,88   4,10  565,544
20,88   0,00    0,000    0,000
20,88   0,00    0,000  502,625
20,88   0,00    0,000    1,196   0,000   1,196
20,88   0,00    0,000    1,196   0,000   1,196

20,89   0,00    1,196    1,196   0,007   1,083   0,003   0,001   0,095   0,002   0,000   0,006   0,000 20547660000
20,89   4,09  565,511
20,89   0,00    0,000    0,000
20,89   0,00    0,000  502,583
20,89   0,00    0,000    1,196   0,000   1,196
20,89   0,00    0,000    1,196   0,000   1,196

20,90   0,00    1,196    1,196   0,007   1,083   0,003   0,001   0,095   0,002   0,000   0,006   0,000 20557500000
20,90   4,09  565,477
20,90   0,00    0,000    0,000
20,90   0,00    0,000  502,541
20,90   0,00    0,000    1,196   0,000   1,196
20,90   0,00    0,000    1,196   0,000   1,196

20,91   0,00    1,196    1,196   0,007   1,083   0,003   0,001   0,095   0,002   0,000   0,006   0,000 20567330000
20,91   4,09  565,444
20,91   0,00    0,000    0,000
20,91   0,00    0,000  502,499
20,91   0,00    0,000    1,196   0,000   1,196
20,91   0,00    0,000    1,196   0,000   1,196

20,92   0,00    1,196    1,196   0,007   1,083   0,003   0,001   0,095   0,002   0,000   0,006   0,000 20577170000
20,92   4,09  565,411
20,92   0,00    0,000    0,000
20,92   0,00    0,000  502,457
20,92   0,00    0,000    1,196   0,000   1,196
20,92   0,00    0,000    1,196   0,000   1,196

20,93   0,00    1,196    1,196   0,007   1,083   0,003   0,001   0,095   0,002   0,000   0,006   0,000 20587010000
20,93   4,09  565,378
20,93   0,00    0,000    0,000
20,93   0,00    0,000  502,416
20,93   0,00    0,000    1,196   0,000   1,196
20,93   0,00    0,000    1,196   0,000   1,196

20,94   0,00    1,196    1,196   0,007   1,083   0,003   0,001   0,095   0,002   0,000   0,006   0,000 20596840000
20,94   4,09  565,344
20,94   0,00    0,000    0,000
20,94   0,00    0,000  502,374
20,94   0,00    0,000    1,196   0,000   1,196
20,94   0,00    0,000    1,196   0,000   1,196

20,95   0,00    1,196    1,196   0,007   1,083   0,003   0,001   0,095   0,002   0,000   0,006   0,000 20606680000
20,95   4,09  565,311
20,95   0,00    0,000    0,000
20,95   0,00    0,000  502,332
20,95   0,00    0,000    1,196   0,000   1,196
20,95   0,00    0,000    1,196   0,000   1,196

20,96   0,00    1,196    1,196   0,007   1,083   0,003   0,001   0,095   0,002   0,000   0,006   0,000 20616510000
20,96   4,09  565,278
20,96   0,00    0,000    0,000
20,96   0,00    0,000  502,290
20,96   0,00    0,000    1,196   0,000   1,196
20,96   0,00    0,000    1,196   0,000   1,196

20,97   0,00    1,196    1,196   0,007   1,083   0,003   0,001   0,095   0,002   0,000   0,006   0,000 20626350000
20,97   4,09  565,245
20,97   0,00    0,000    0,000
20,97   0,00    0,000  502,249
20,97   0,00    0,000    1,196   0,000   1,196
20,97   0,00    0,000    1,196   0,000   1,196

20,98   0,00    1,196    1,196   0,007   1,083   0,003   0,001   0,095   0,002   0,000   0,006   0,000 20636190000
20,98   4,09  565,212
20,98   0,00    0,000    0,000
20,98   0,00    0,000  502,207
20,98   0,00    0,000    1,196   0,000   1,196
20,98   0,00    0,000    1,196   0,000   1,196

20,99   0,00    1,196    1,196   0,007   1,083   0,003   0,001   0,095   0,002   0,000   0,006   0,000 20646020000
20,99   4,09  565,178
20,99   0,00    0,000    0,000
20,99   0,00    0,000  502,165
20,99   0,00    0,000    1,196   0,000   1,196
20,99   0,00    0,000    1,196   0,000   1,196

21,00   0,00    1,196    1,196   0,007   1,083   0,003   0,001   0,095   0,002   0,000   0,006   0,000 20655860000
21,00   4,09  565,145
21,00   0,00    0,000    0,000
21,00   0,00    0,000  502,124
21,00   0,00    0,000    1,196   0,000   1,196
21,00   0,00    0,000    1,196   0,000   1,196

21,01   0,00    1,196    1,196   0,007   1,083   0,003   0,001   0,095   0,002   0,000   0,006   0,000 20665700000
21,01   4,09  565,112
21,01   0,00    0,000    0,000
21,01   0,00    0,000  502,082
21,01   0,00    0,000    1,196   0,000   1,196
21,01   0,00    0,000    1,196   0,000   1,196

21,02   0,00    1,196    1,196   0,007   1,083   0,003   0,001   0,095   0,002   0,000   0,006   0,000 20675530000
21,02   4,09  565,079
21,02   0,00    0,000    0,000
21,02   0,00    0,000  502,041
21,02   0,00    0,000    1,196   0,000   1,196
21,02   0,00    0,000    1,196   0,000   1,196

21,03   0,00    1,196    1,196   0,007   1,083   0,003   0,001   0,095   0,002   0,000   0,006   0,000 20685370000
21,03   4,09  565,046
21,03   0,00    0,000    0,000
21,03   0,00    0,000  501,999
21,03   0,00    0,000    1,196   0,000   1,196
21,03   0,00    0,000    1,196   0,000   1,196

21,04   0,00    1,196    1,196   0,007   1,083   0,003   0,001   0,095   0,002   0,000   0,006   0,000 20695200000
21,04   4,09  565,013
21,04   0,00    0,000    0,000
21,04   0,00    0,000  501,957
21,04   0,00    0,000    1,196   0,000   1,196
21,04   0,00    0,000    1,196   0,000   1,196

21,05   0,00    1,196    1,196   0,007   1,083   0,003   0,001   0,095   0,002   0,000   0,006   0,000 20705040000
21,05   4,09  564,980
21,05   0,00    0,000    0,000
21,05   0,00    0,000  501,916
21,05   0,00    0,000    1,196   0,000   1,196
21,05   0,00    0,000    1,196   0,000   1,196

21,06   0,00    1,196    1,196   0,007   1,083   0,003   0,001   0,095   0,002   0,000   0,006   0,000 20714870000
21,06   4,09  564,947
21,06   0,00    0,000    0,000
21,06   0,00    0,000  501,875
21,06   0,00    0,000    1,196   0,000   1,196
21,06   0,00    0,000    1,196   0,000   1,196

21,07   0,00    1,196    1,196   0,007   1,083   0,003   0,001   0,095   0,002   0,000   0,006   0,000 20724710000
21,07   4,09  564,914
21,07   0,00    0,000    0,000
21,07   0,00    0,000  501,833
21,07   0,00    0,000    1,196   0,000   1,196
21,07   0,00    0,000    1,196   0,000   1,196

21,08   0,00    1,196    1,196   0,007   1,083   0,003   0,001   0,095   0,002   0,000   0,006   0,000 20734550000
21,08   4,09  564,881
21,08   0,00    0,000    0,000
21,08   0,00    0,000  501,792
21,08   0,00    0,000    1,196   0,000   1,196
21,08   0,00    0,000    1,196   0,000   1,196

21,09   0,00    1,196    1,196   0,007   1,083   0,003   0,001   0,095   0,002   0,000   0,006   0,000 20744380000
21,09   4,08  564,848
21,09   0,00    0,000    0,000
21,09   0,00    0,000  501,750
21,09   0,00    0,000    1,196   0,000   1,196
21,09   0,00    0,000    1,196   0,000   1,196

21,10   0,00    1,196    1,196   0,007   1,083   0,003   0,001   0,095   0,002   0,000   0,006   0,000 20754220000
21,10   4,08  564,815
21,10   0,00    0,000    0,000
21,10   0,00    0,000  501,709
21,10   0,00    0,000    1,196   0,000   1,196
21,10   0,00    0,000    1,196   0,000   1,196

21,11   0,00    1,196    1,196   0,007   1,083   0,003   0,001   0,095   0,002   0,000   0,006   0,000 20764060000
21,11   4,08  564,782
21,11   0,00    0,000    0,000
21,11   0,00    0,000  501,668
21,11   0,00    0,000    1,196   0,000   1,196
21,11   0,00    0,000    1,196   0,000   1,196

21,12   0,00    1,196    1,196   0,007   1,083   0,003   0,001   0,095   0,002   0,000   0,006   0,000 20773890000
21,12   4,08  564,749
21,12   0,00    0,000    0,000
21,12   0,00    0,000  501,627
21,12   0,00    0,000    1,196   0,000   1,196
21,12   0,00    0,000    1,196   0,000   1,196

21,13   0,00    1,196    1,196   0,007   1,083   0,003   0,001   0,095   0,002   0,000   0,006   0,000 20783730000
21,13   4,08  564,716
21,13   0,00    0,000    0,000
21,13   0,00    0,000  501,585
21,13   0,00    0,000    1,196   0,000   1,196
21,13   0,00    0,000    1,196   0,000   1,196

21,14   0,00    1,196    1,196   0,007   1,083   0,003   0,001   0,095   0,002   0,000   0,006   0,000 20793570000
21,14   4,08  564,683
21,14   0,00    0,000    0,000
21,14   0,00    0,000  501,544
21,14   0,00    0,000    1,196   0,000   1,196
21,14   0,00    0,000    1,196   0,000   1,196

21,15   0,00    1,196    1,196   0,007   1,083   0,003   0,001   0,095   0,002   0,000   0,006   0,000 20803400000
21,15   4,08  564,651
21,15   0,00    0,000    0,000
21,15   0,00    0,000  501,503
21,15   0,00    0,000    1,196   0,000   1,196
21,15   0,00    0,000    1,196   0,000   1,196

21,16   0,00    1,196    1,196   0,007   1,083   0,003   0,001   0,095   0,002   0,000   0,006   0,000 20813240000
21,16   4,08  564,618
21,16   0,00    0,000    0,000
21,16   0,00    0,000  501,462
21,16   0,00    0,000    1,196   0,000   1,196
21,16   0,00    0,000    1,196   0,000   1,196

21,17   0,00    1,196    1,196   0,007   1,083   0,003   0,001   0,095   0,002   0,000   0,006   0,000 20823070000
21,17   4,08  564,585
21,17   0,00    0,000    0,000
21,17   0,00    0,000  501,421
21,17   0,00    0,000    1,196   0,000   1,196
21,17   0,00    0,000    1,196   0,000   1,196

21,18   0,00    1,196    1,196   0,007   1,083   0,003   0,001   0,095   0,002   0,000   0,006   0,000 20832910000
21,18   4,08  564,552
21,18   0,00    0,000    0,000
21,18   0,00    0,000  501,380
21,18   0,00    0,000    1,196   0,000   1,196
21,18   0,00    0,000    1,196   0,000   1,196

21,19   0,00    1,196    1,196   0,007   1,083   0,003   0,001   0,095   0,002   0,000   0,006   0,000 20842750000
21,19   4,08  564,519
21,19   0,00    0,000    0,000
21,19   0,00    0,000  501,339
21,19   0,00    0,000    1,196   0,000   1,196
21,19   0,00    0,000    1,196   0,000   1,196

21,20   0,00    1,196    1,196   0,007   1,083   0,003   0,001   0,095   0,002   0,000   0,006   0,000 20852580000
21,20   4,08  564,487
21,20   0,00    0,000    0,000
21,20   0,00    0,000  501,297
21,20   0,00    0,000    1,196   0,000   1,196
21,20   0,00    0,000    1,196   0,000   1,196

21,21   0,00    1,196    1,196   0,007   1,083   0,003   0,001   0,095   0,002   0,000   0,006   0,000 20862420000
21,21   4,08  564,454
21,21   0,00    0,000    0,000
21,21   0,00    0,000  501,256
21,21   0,00    0,000    1,196   0,000   1,196
21,21   0,00    0,000    1,196   0,000   1,196

21,22   0,00    1,196    1,196   0,007   1,083   0,003   0,001   0,095   0,002   0,000   0,006   0,000 20872250000
21,22   4,08  564,421
21,22   0,00    0,000    0,000
21,22   0,00    0,000  501,216
21,22   0,00    0,000    1,196   0,000   1,196
21,22   0,00    0,000    1,196   0,000   1,196

21,23   0,00    1,196    1,196   0,007   1,083   0,003   0,001   0,095   0,002   0,000   0,006   0,000 20882090000
21,23   4,08  564,389
21,23   0,00    0,000    0,000
21,23   0,00    0,000  501,175
21,23   0,00    0,000    1,196   0,000   1,196
21,23   0,00    0,000    1,196   0,000   1,196

21,24   0,00    1,196    1,196   0,007   1,083   0,003   0,001   0,095   0,002   0,000   0,006   0,000 20891930000
21,24   4,08  564,356
21,24   0,00    0,000    0,000
21,24   0,00    0,000  501,134
21,24   0,00    0,000    1,196   0,000   1,196
21,24   0,00    0,000    1,196   0,000   1,196

21,25   0,00    1,196    1,196   0,007   1,083   0,003   0,001   0,095   0,002   0,000   0,006   0,000 20901760000
21,25   4,08  564,323
21,25   0,00    0,000    0,000
21,25   0,00    0,000  501,093
21,25   0,00    0,000    1,196   0,000   1,196
21,25   0,00    0,000    1,196   0,000   1,196

21,26   0,00    1,196    1,196   0,007   1,083   0,003   0,001   0,095   0,002   0,000   0,006   0,000 20911600000
21,26   4,08  564,291
21,26   0,00    0,000    0,000
21,26   0,00    0,000  501,052
21,26   0,00    0,000    1,196   0,000   1,196
21,26   0,00    0,000    1,196   0,000   1,196

21,27   0,00    1,196    1,196   0,007   1,083   0,003   0,001   0,095   0,002   0,000   0,006   0,000 20921430000
21,27   4,08  564,258
21,27   0,00    0,000    0,000
21,27   0,00    0,000  501,011
21,27   0,00    0,000    1,196   0,000   1,196
21,27   0,00    0,000    1,196   0,000   1,196

21,28   0,00    1,196    1,196   0,007   1,083   0,003   0,001   0,095   0,002   0,000   0,006   0,000 20931270000
21,28   4,08  564,225
21,28   0,00    0,000    0,000
21,28   0,00    0,000  500,970
21,28   0,00    0,000    1,196   0,000   1,196
21,28   0,00    0,000    1,196   0,000   1,196

21,29   0,00    1,196    1,196   0,007   1,083   0,003   0,001   0,095   0,002   0,000   0,006   0,000 20941110000
21,29   4,07  564,193
21,29   0,00    0,000    0,000
21,29   0,00    0,000  500,929
21,29   0,00    0,000    1,196   0,000   1,196
21,29   0,00    0,000    1,196   0,000   1,196

21,30   0,00    1,196    1,196   0,007   1,083   0,003   0,001   0,095   0,002   0,000   0,006   0,000 20950940000
21,30   4,07  564,160
21,30   0,00    0,000    0,000
21,30   0,00    0,000  500,889
21,30   0,00    0,000    1,196   0,000   1,196
21,30   0,00    0,000    1,196   0,000   1,196

21,31   0,00    1,196    1,196   0,007   1,083   0,003   0,001   0,095   0,002   0,000   0,006   0,000 20960780000
21,31   4,07  564,128
21,31   0,00    0,000    0,000
21,31   0,00    0,000  500,848
21,31   0,00    0,000    1,196   0,000   1,196
21,31   0,00    0,000    1,196   0,000   1,196

21,32   0,00    1,196    1,196   0,007   1,083   0,003   0,001   0,095   0,002   0,000   0,006   0,000 20970610000
21,32   4,07  564,095
21,32   0,00    0,000    0,000
21,32   0,00    0,000  500,807
21,32   0,00    0,000    1,196   0,000   1,196
21,32   0,00    0,000    1,196   0,000   1,196

21,33   0,00    1,196    1,196   0,007   1,083   0,003   0,001   0,095   0,002   0,000   0,006   0,000 20980450000
21,33   4,07  564,063
21,33   0,00    0,000    0,000
21,33   0,00    0,000  500,767
21,33   0,00    0,000    1,196   0,000   1,196
21,33   0,00    0,000    1,196   0,000   1,196

21,34   0,00    1,196    1,196   0,007   1,083   0,003   0,001   0,095   0,002   0,000   0,006   0,000 20990290000
21,34   4,07  564,030
21,34   0,00    0,000    0,000
21,34   0,00    0,000  500,726
21,34   0,00    0,000    1,196   0,000   1,196
21,34   0,00    0,000    1,196   0,000   1,196

21,35   0,00    1,196    1,196   0,007   1,083   0,003   0,001   0,095   0,002   0,000   0,006   0,000 21000120000
21,35   4,07  563,998
21,35   0,00    0,000    0,000
21,35   0,00    0,000  500,685
21,35   0,00    0,000    1,196   0,000   1,196
21,35   0,00    0,000    1,196   0,000   1,196

21,36   0,00    1,196    1,196   0,007   1,083   0,003   0,001   0,095   0,002   0,000   0,006   0,000 21009960000
21,36   4,07  563,965
21,36   0,00    0,000    0,000
21,36   0,00    0,000  500,645
21,36   0,00    0,000    1,196   0,000   1,196
21,36   0,00    0,000    1,196   0,000   1,196

21,37   0,00    1,196    1,196   0,007   1,083   0,003   0,001   0,095   0,002   0,000   0,006   0,000 21019800000
21,37   4,07  563,933
21,37   0,00    0,000    0,000
21,37   0,00    0,000  500,604
21,37   0,00    0,000    1,196   0,000   1,196
21,37   0,00    0,000    1,196   0,000   1,196

21,38   0,00    1,196    1,196   0,007   1,083   0,003   0,001   0,095   0,002   0,000   0,006   0,000 21029630000
21,38   4,07  563,900
21,38   0,00    0,000    0,000
21,38   0,00    0,000  500,564
21,38   0,00    0,000    1,196   0,000   1,196
21,38   0,00    0,000    1,196   0,000   1,196

21,39   0,00    1,196    1,196   0,007   1,083   0,003   0,001   0,095   0,002   0,000   0,006   0,000 21039470000
21,39   4,07  563,868
21,39   0,00    0,000    0,000
21,39   0,00    0,000  500,523
21,39   0,00    0,000    1,196   0,000   1,196
21,39   0,00    0,000    1,196   0,000   1,196

21,40   0,00    1,196    1,196   0,007   1,083   0,003   0,001   0,095   0,002   0,000   0,006   0,000 21049300000
21,40   4,07  563,835
21,40   0,00    0,000    0,000
21,40   0,00    0,000  500,483
21,40   0,00    0,000    1,196   0,000   1,196
21,40   0,00    0,000    1,196   0,000   1,196

21,41   0,00    1,196    1,196   0,007   1,083   0,003   0,001   0,095   0,002   0,000   0,006   0,000 21059140000
21,41   4,07  563,803
21,41   0,00    0,000    0,000
21,41   0,00    0,000  500,442
21,41   0,00    0,000    1,196   0,000   1,196
21,41   0,00    0,000    1,196   0,000   1,196

21,42   0,00    1,196    1,196   0,007   1,083   0,003   0,001   0,095   0,002   0,000   0,006   0,000 21068980000
21,42   4,07  563,771
21,42   0,00    0,000    0,000
21,42   0,00    0,000  500,402
21,42   0,00    0,000    1,196   0,000   1,196
21,42   0,00    0,000    1,196   0,000   1,196

21,43   0,00    1,196    1,196   0,007   1,083   0,003   0,001   0,095   0,002   0,000   0,006   0,000 21078810000
21,43   4,07  563,738
21,43   0,00    0,000    0,000
21,43   0,00    0,000  500,361
21,43   0,00    0,000    1,196   0,000   1,196
21,43   0,00    0,000    1,196   0,000   1,196

21,44   0,00    1,196    1,196   0,007   1,083   0,003   0,001   0,095   0,002   0,000   0,006   0,000 21088650000
21,44   4,07  563,706
21,44   0,00    0,000    0,000
21,44   0,00    0,000  500,321
21,44   0,00    0,000    1,196   0,000   1,196
21,44   0,00    0,000    1,196   0,000   1,196

21,45   0,00    1,196    1,196   0,007   1,083   0,003   0,001   0,095   0,002   0,000   0,006   0,000 21098490000
21,45   4,07  563,674
21,45   0,00    0,000    0,000
21,45   0,00    0,000  500,281
21,45   0,00    0,000    1,196   0,000   1,196
21,45   0,00    0,000    1,196   0,000   1,196

21,46   0,00    1,196    1,196   0,007   1,083   0,003   0,001   0,095   0,002   0,000   0,006   0,000 21108320000
21,46   4,07  563,641
21,46   0,00    0,000    0,000
21,46   0,00    0,000  500,240
21,46   0,00    0,000    1,196   0,000   1,196
21,46   0,00    0,000    1,196   0,000   1,196

21,47   0,00    1,196    1,196   0,007   1,083   0,003   0,001   0,095   0,002   0,000   0,006   0,000 21118160000
21,47   4,07  563,609
21,47   0,00    0,000    0,000
21,47   0,00    0,000  500,200
21,47   0,00    0,000    1,196   0,000   1,196
21,47   0,00    0,000    1,196   0,000   1,196

21,48   0,00    1,196    1,196   0,007   1,083   0,003   0,001   0,095   0,002   0,000   0,006   0,000 21127990000
21,48   4,07  563,577
21,48   0,00    0,000    0,000
21,48   0,00    0,000  500,160
21,48   0,00    0,000    1,196   0,000   1,196
21,48   0,00    0,000    1,196   0,000   1,196

21,49   0,00    1,196    1,196   0,007   1,083   0,003   0,001   0,095   0,002   0,000   0,006   0,000 21137830000
21,49   4,06  563,545
21,49   0,00    0,000    0,000
21,49   0,00    0,000  500,120
21,49   0,00    0,000    1,196   0,000   1,196
21,49   0,00    0,000    1,196   0,000   1,196

21,50   0,00    1,196    1,196   0,007   1,083   0,003   0,001   0,095   0,002   0,000   0,006   0,000 21147670000
21,50   4,06  563,512
21,50   0,00    0,000    0,000
21,50   0,00    0,000  500,079
21,50   0,00    0,000    1,196   0,000   1,196
21,50   0,00    0,000    1,196   0,000   1,196

21,51   0,00    1,196    1,196   0,007   1,083   0,003   0,001   0,095   0,002   0,000   0,006   0,000 21157500000
21,51   4,06  563,480
21,51   0,00    0,000    0,000
21,51   0,00    0,000  500,039
21,51   0,00    0,000    1,196   0,000   1,196
21,51   0,00    0,000    1,196   0,000   1,196

21,52   0,00    1,196    1,196   0,007   1,083   0,003   0,001   0,095   0,002   0,000   0,006   0,000 21167340000
21,52   4,06  563,448
21,52   0,00    0,000    0,000
21,52   0,00    0,000  499,999
21,52   0,00    0,000    1,196   0,000   1,196
21,52   0,00    0,000    1,196   0,000   1,196

21,53   0,00    1,196    1,196   0,007   1,083   0,003   0,001   0,095   0,002   0,000   0,006   0,000 21177170000
21,53   4,06  563,416
21,53   0,00    0,000    0,000
21,53   0,00    0,000  499,959
21,53   0,00    0,000    1,196   0,000   1,196
21,53   0,00    0,000    1,196   0,000   1,196

21,54   0,00    1,196    1,196   0,007   1,083   0,003   0,001   0,095   0,002   0,000   0,006   0,000 21187010000
21,54   4,06  563,384
21,54   0,00    0,000    0,000
21,54   0,00    0,000  499,919
21,54   0,00    0,000    1,196   0,000   1,196
21,54   0,00    0,000    1,196   0,000   1,196

21,55   0,00    1,196    1,196   0,007   1,083   0,003   0,001   0,095   0,002   0,000   0,006   0,000 21196850000
21,55   4,06  563,352
21,55   0,00    0,000    0,000
21,55   0,00    0,000  499,879
21,55   0,00    0,000    1,196   0,000   1,196
21,55   0,00    0,000    1,196   0,000   1,196

21,56   0,00    1,196    1,196   0,007   1,083   0,003   0,001   0,095   0,002   0,000   0,006   0,000 21206680000
21,56   4,06  563,319
21,56   0,00    0,000    0,000
21,56   0,00    0,000  499,839
21,56   0,00    0,000    1,196   0,000   1,196
21,56   0,00    0,000    1,196   0,000   1,196

21,57   0,00    1,196    1,196   0,007   1,083   0,003   0,001   0,095   0,002   0,000   0,006   0,000 21216520000
21,57   4,06  563,287
21,57   0,00    0,000    0,000
21,57   0,00    0,000  499,799
21,57   0,00    0,000    1,196   0,000   1,196
21,57   0,00    0,000    1,196   0,000   1,196

21,58   0,00    1,196    1,196   0,007   1,083   0,003   0,001   0,095   0,002   0,000   0,006   0,000 21226350000
21,58   4,06  563,255
21,58   0,00    0,000    0,000
21,58   0,00    0,000  499,759
21,58   0,00    0,000    1,196   0,000   1,196
21,58   0,00    0,000    1,196   0,000   1,196

21,59   0,00    1,196    1,196   0,007   1,083   0,003   0,001   0,095   0,002   0,000   0,006   0,000 21236190000
21,59   4,06  563,223
21,59   0,00    0,000    0,000
21,59   0,00    0,000  499,719
21,59   0,00    0,000    1,196   0,000   1,196
21,59   0,00    0,000    1,196   0,000   1,196

21,60   0,00    1,196    1,196   0,007   1,083   0,003   0,001   0,095   0,002   0,000   0,006   0,000 21246030000
21,60   4,06  563,191
21,60   0,00    0,000    0,000
21,60   0,00    0,000  499,679
21,60   0,00    0,000    1,196   0,000   1,196
21,60   0,00    0,000    1,196   0,000   1,196

21,61   0,00    1,196    1,196   0,007   1,083   0,003   0,001   0,095   0,002   0,000   0,006   0,000 21255860000
21,61   4,06  563,159
21,61   0,00    0,000    0,000
21,61   0,00    0,000  499,639
21,61   0,00    0,000    1,196   0,000   1,196
21,61   0,00    0,000    1,196   0,000   1,196

21,62   0,00    1,196    1,196   0,007   1,084   0,003   0,001   0,095   0,002   0,000   0,006   0,000 21265700000
21,62   4,06  563,127
21,62   0,00    0,000    0,000
21,62   0,00    0,000  499,599
21,62   0,00    0,000    1,196   0,000   1,196
21,62   0,00    0,000    1,196   0,000   1,196

21,63   0,00    1,196    1,196   0,007   1,084   0,003   0,001   0,095   0,002   0,000   0,006   0,000 21275530000
21,63   4,06  563,095
21,63   0,00    0,000    0,000
21,63   0,00    0,000  499,559
21,63   0,00    0,000    1,196   0,000   1,196
21,63   0,00    0,000    1,196   0,000   1,196

21,64   0,00    1,196    1,196   0,007   1,084   0,003   0,001   0,095   0,002   0,000   0,006   0,000 21285370000
21,64   4,06  563,063
21,64   0,00    0,000    0,000
21,64   0,00    0,000  499,519
21,64   0,00    0,000    1,196   0,000   1,196
21,64   0,00    0,000    1,196   0,000   1,196

21,65   0,00    1,196    1,196   0,007   1,084   0,003   0,001   0,095   0,002   0,000   0,006   0,000 21295210000
21,65   4,06  563,031
21,65   0,00    0,000    0,000
21,65   0,00    0,000  499,480
21,65   0,00    0,000    1,196   0,000   1,196
21,65   0,00    0,000    1,196   0,000   1,196

21,66   0,00    1,196    1,196   0,007   1,084   0,003   0,001   0,095   0,002   0,000   0,006   0,000 21305040000
21,66   4,06  562,999
21,66   0,00    0,000    0,000
21,66   0,00    0,000  499,440
21,66   0,00    0,000    1,196   0,000   1,196
21,66   0,00    0,000    1,196   0,000   1,196

21,67   0,00    1,196    1,196   0,007   1,084   0,003   0,001   0,095   0,002   0,000   0,006   0,000 21314880000
21,67   4,06  562,967
21,67   0,00    0,000    0,000
21,67   0,00    0,000  499,400
21,67   0,00    0,000    1,196   0,000   1,196
21,67   0,00    0,000    1,196   0,000   1,196

21,68   0,00    1,196    1,196   0,007   1,084   0,003   0,001   0,095   0,002   0,000   0,006   0,000 21324720000
21,68   4,06  562,935
21,68   0,00    0,000    0,000
21,68   0,00    0,000  499,360
21,68   0,00    0,000    1,196   0,000   1,196
21,68   0,00    0,000    1,196   0,000   1,196

21,69   0,00    1,196    1,196   0,007   1,084   0,003   0,001   0,095   0,002   0,000   0,006   0,000 21334550000
21,69   4,06  562,903
21,69   0,00    0,000    0,000
21,69   0,00    0,000  499,321
21,69   0,00    0,000    1,196   0,000   1,196
21,69   0,00    0,000    1,196   0,000   1,196

21,70   0,00    1,196    1,196   0,007   1,084   0,003   0,001   0,095   0,002   0,000   0,006   0,000 21344390000
21,70   4,05  562,871
21,70   0,00    0,000    0,000
21,70   0,00    0,000  499,281
21,70   0,00    0,000    1,196   0,000   1,196
21,70   0,00    0,000    1,196   0,000   1,196

21,71   0,00    1,196    1,196   0,007   1,084   0,003   0,001   0,095   0,002   0,000   0,006   0,000 21354220000
21,71   4,05  562,839
21,71   0,00    0,000    0,000
21,71   0,00    0,000  499,242
21,71   0,00    0,000    1,196   0,000   1,196
21,71   0,00    0,000    1,196   0,000   1,196

21,72   0,00    1,196    1,196   0,007   1,084   0,003   0,001   0,095   0,002   0,000   0,006   0,000 21364060000
21,72   4,05  562,807
21,72   0,00    0,000    0,000
21,72   0,00    0,000  499,202
21,72   0,00    0,000    1,196   0,000   1,196
21,72   0,00    0,000    1,196   0,000   1,196

21,73   0,00    1,196    1,196   0,007   1,084   0,003   0,001   0,095   0,002   0,000   0,006   0,000 21373900000
21,73   4,05  562,776
21,73   0,00    0,000    0,000
21,73   0,00    0,000  499,162
21,73   0,00    0,000    1,196   0,000   1,196
21,73   0,00    0,000    1,196   0,000   1,196

21,74   0,00    1,196    1,196   0,007   1,084   0,003   0,001   0,095   0,002   0,000   0,006   0,000 21383730000
21,74   4,05  562,744
21,74   0,00    0,000    0,000
21,74   0,00    0,000  499,123
21,74   0,00    0,000    1,196   0,000   1,196
21,74   0,00    0,000    1,196   0,000   1,196

21,75   0,00    1,196    1,196   0,007   1,084   0,003   0,001   0,095   0,002   0,000   0,006   0,000 21393570000
21,75   4,05  562,712
21,75   0,00    0,000    0,000
21,75   0,00    0,000  499,083
21,75   0,00    0,000    1,196   0,000   1,196
21,75   0,00    0,000    1,196   0,000   1,196

21,76   0,00    1,196    1,196   0,007   1,084   0,003   0,001   0,095   0,002   0,000   0,006   0,000 21403400000
21,76   4,05  562,680
21,76   0,00    0,000    0,000
21,76   0,00    0,000  499,044
21,76   0,00    0,000    1,196   0,000   1,196
21,76   0,00    0,000    1,196   0,000   1,196

21,77   0,00    1,196    1,196   0,007   1,084   0,003   0,001   0,095   0,002   0,000   0,006   0,000 21413240000
21,77   4,05  562,648
21,77   0,00    0,000    0,000
21,77   0,00    0,000  499,004
21,77   0,00    0,000    1,196   0,000   1,196
21,77   0,00    0,000    1,196   0,000   1,196

21,78   0,00    1,196    1,196   0,007   1,084   0,003   0,001   0,095   0,002   0,000   0,006   0,000 21423080000
21,78   4,05  562,616
21,78   0,00    0,000    0,000
21,78   0,00    0,000  498,965
21,78   0,00    0,000    1,196   0,000   1,196
21,78   0,00    0,000    1,196   0,000   1,196

21,79   0,00    1,196    1,196   0,007   1,084   0,003   0,001   0,095   0,002   0,000   0,006   0,000 21432910000
21,79   4,05  562,585
21,79   0,00    0,000    0,000
21,79   0,00    0,000  498,925
21,79   0,00    0,000    1,196   0,000   1,196
21,79   0,00    0,000    1,196   0,000   1,196

21,80   0,00    1,196    1,196   0,007   1,084   0,003   0,001   0,095   0,002   0,000   0,006   0,000 21442750000
21,80   4,05  562,553
21,80   0,00    0,000    0,000
21,80   0,00    0,000  498,886
21,80   0,00    0,000    1,196   0,000   1,196
21,80   0,00    0,000    1,196   0,000   1,196

21,81   0,00    1,196    1,196   0,007   1,084   0,003   0,001   0,095   0,002   0,000   0,006   0,000 21452580000
21,81   4,05  562,521
21,81   0,00    0,000    0,000
21,81   0,00    0,000  498,847
21,81   0,00    0,000    1,196   0,000   1,196
21,81   0,00    0,000    1,196   0,000   1,196

21,82   0,00    1,196    1,196   0,007   1,084   0,003   0,001   0,095   0,002   0,000   0,006   0,000 21462420000
21,82   4,05  562,489
21,82   0,00    0,000    0,000
21,82   0,00    0,000  498,807
21,82   0,00    0,000    1,196   0,000   1,196
21,82   0,00    0,000    1,196   0,000   1,196

21,83   0,00    1,196    1,196   0,007   1,084   0,003   0,001   0,095   0,002   0,000   0,006   0,000 21472260000
21,83   4,05  562,458
21,83   0,00    0,000    0,000
21,83   0,00    0,000  498,768
21,83   0,00    0,000    1,196   0,000   1,196
21,83   0,00    0,000    1,196   0,000   1,196

21,84   0,00    1,196    1,196   0,007   1,084   0,003   0,001   0,095   0,002   0,000   0,006   0,000 21482090000
21,84   4,05  562,426
21,84   0,00    0,000    0,000
21,84   0,00    0,000  498,729
21,84   0,00    0,000    1,196   0,000   1,196
21,84   0,00    0,000    1,196   0,000   1,196

21,85   0,00    1,196    1,196   0,007   1,084   0,003   0,001   0,095   0,002   0,000   0,006   0,000 21491930000
21,85   4,05  562,394
21,85   0,00    0,000    0,000
21,85   0,00    0,000  498,689
21,85   0,00    0,000    1,196   0,000   1,196
21,85   0,00    0,000    1,196   0,000   1,196

21,86   0,00    1,196    1,196   0,007   1,084   0,003   0,001   0,095   0,002   0,000   0,006   0,000 21501770000
21,86   4,05  562,362
21,86   0,00    0,000    0,000
21,86   0,00    0,000  498,650
21,86   0,00    0,000    1,196   0,000   1,196
21,86   0,00    0,000    1,196   0,000   1,196

21,87   0,00    1,196    1,196   0,007   1,084   0,003   0,001   0,095   0,002   0,000   0,006   0,000 21511600000
21,87   4,05  562,331
21,87   0,00    0,000    0,000
21,87   0,00    0,000  498,611
21,87   0,00    0,000    1,196   0,000   1,196
21,87   0,00    0,000    1,196   0,000   1,196

21,88   0,00    1,196    1,196   0,007   1,084   0,003   0,001   0,095   0,002   0,000   0,006   0,000 21521440000
21,88   4,05  562,299
21,88   0,00    0,000    0,000
21,88   0,00    0,000  498,572
21,88   0,00    0,000    1,196   0,000   1,196
21,88   0,00    0,000    1,196   0,000   1,196

21,89   0,00    1,196    1,196   0,007   1,084   0,003   0,001   0,095   0,002   0,000   0,006   0,000 21531270000
21,89   4,05  562,267
21,89   0,00    0,000    0,000
21,89   0,00    0,000  498,533
21,89   0,00    0,000    1,196   0,000   1,196
21,89   0,00    0,000    1,196   0,000   1,196

21,90   0,00    1,196    1,196   0,007   1,084   0,003   0,001   0,095   0,002   0,000   0,006   0,000 21541110000
21,90   4,04  562,236
21,90   0,00    0,000    0,000
21,90   0,00    0,000  498,494
21,90   0,00    0,000    1,196   0,000   1,196
21,90   0,00    0,000    1,196   0,000   1,196

21,91   0,00    1,196    1,196   0,007   1,084   0,003   0,001   0,095   0,002   0,000   0,006   0,000 21550950000
21,91   4,04  562,204
21,91   0,00    0,000    0,000
21,91   0,00    0,000  498,454
21,91   0,00    0,000    1,196   0,000   1,196
21,91   0,00    0,000    1,196   0,000   1,196

21,92   0,00    1,196    1,196   0,007   1,084   0,003   0,001   0,095   0,002   0,000   0,006   0,000 21560780000
21,92   4,04  562,173
21,92   0,00    0,000    0,000
21,92   0,00    0,000  498,415
21,92   0,00    0,000    1,196   0,000   1,196
21,92   0,00    0,000    1,196   0,000   1,196

21,93   0,00    1,196    1,196   0,007   1,084   0,003   0,001   0,095   0,002   0,000   0,006   0,000 21570620000
21,93   4,04  562,141
21,93   0,00    0,000    0,000
21,93   0,00    0,000  498,376
21,93   0,00    0,000    1,196   0,000   1,196
21,93   0,00    0,000    1,196   0,000   1,196

21,94   0,00    1,196    1,196   0,007   1,084   0,003   0,001   0,095   0,002   0,000   0,006   0,000 21580460000
21,94   4,04  562,109
21,94   0,00    0,000    0,000
21,94   0,00    0,000  498,337
21,94   0,00    0,000    1,196   0,000   1,196
21,94   0,00    0,000    1,196   0,000   1,196

21,95   0,00    1,196    1,196   0,007   1,084   0,003   0,001   0,095   0,002   0,000   0,006   0,000 21590290000
21,95   4,04  562,078
21,95   0,00    0,000    0,000
21,95   0,00    0,000  498,298
21,95   0,00    0,000    1,196   0,000   1,196
21,95   0,00    0,000    1,196   0,000   1,196

21,96   0,00    1,196    1,196   0,007   1,084   0,003   0,001   0,095   0,002   0,000   0,006   0,000 21600130000
21,96   4,04  562,046
21,96   0,00    0,000    0,000
21,96   0,00    0,000  498,259
21,96   0,00    0,000    1,196   0,000   1,196
21,96   0,00    0,000    1,196   0,000   1,196

21,97   0,00    1,196    1,196   0,007   1,084   0,003   0,001   0,095   0,002   0,000   0,006   0,000 21609960000
21,97   4,04  562,015
21,97   0,00    0,000    0,000
21,97   0,00    0,000  498,220
21,97   0,00    0,000    1,196   0,000   1,196
21,97   0,00    0,000    1,196   0,000   1,196

21,98   0,00    1,196    1,196   0,007   1,084   0,003   0,001   0,095   0,002   0,000   0,006   0,000 21619800000
21,98   4,04  561,983
21,98   0,00    0,000    0,000
21,98   0,00    0,000  498,181
21,98   0,00    0,000    1,196   0,000   1,196
21,98   0,00    0,000    1,196   0,000   1,196

21,99   0,00    1,196    1,196   0,007   1,084   0,003   0,001   0,095   0,002   0,000   0,006   0,000 21629630000
21,99   4,04  561,952
21,99   0,00    0,000    0,000
21,99   0,00    0,000  498,143
21,99   0,00    0,000    1,196   0,000   1,196
21,99   0,00    0,000    1,196   0,000   1,196

22,00   0,00    1,196    1,196   0,007   1,084   0,003   0,001   0,095   0,002   0,000   0,006   0,000 21639470000
22,00   4,04  561,920
22,00   0,00    0,000    0,000
22,00   0,00    0,000  498,104
22,00   0,00    0,000    1,196   0,000   1,196
22,00   0,00    0,000    1,196   0,000   1,196

22,01   0,00    1,196    1,196   0,007   1,084   0,003   0,001   0,095   0,002   0,000   0,006   0,000 21649310000
22,01   4,04  561,889
22,01   0,00    0,000    0,000
22,01   0,00    0,000  498,065
22,01   0,00    0,000    1,196   0,000   1,196
22,01   0,00    0,000    1,196   0,000   1,196

22,02   0,00    1,196    1,196   0,007   1,084   0,003   0,001   0,095   0,002   0,000   0,006   0,000 21659140000
22,02   4,04  561,857
22,02   0,00    0,000    0,000
22,02   0,00    0,000  498,026
22,02   0,00    0,000    1,196   0,000   1,196
22,02   0,00    0,000    1,196   0,000   1,196

22,03   0,00    1,196    1,196   0,007   1,084   0,003   0,001   0,095   0,002   0,000   0,006   0,000 21668980000
22,03   4,04  561,826
22,03   0,00    0,000    0,000
22,03   0,00    0,000  497,987
22,03   0,00    0,000    1,196   0,000   1,196
22,03   0,00    0,000    1,196   0,000   1,196

22,04   0,00    1,196    1,196   0,007   1,084   0,003   0,001   0,095   0,002   0,000   0,006   0,000 21678820000
22,04   4,04  561,794
22,04   0,00    0,000    0,000
22,04   0,00    0,000  497,949
22,04   0,00    0,000    1,196   0,000   1,196
22,04   0,00    0,000    1,196   0,000   1,196

22,05   0,00    1,196    1,196   0,007   1,084   0,003   0,001   0,095   0,002   0,000   0,006   0,000 21688650000
22,05   4,04  561,763
22,05   0,00    0,000    0,000
22,05   0,00    0,000  497,910
22,05   0,00    0,000    1,196   0,000   1,196
22,05   0,00    0,000    1,196   0,000   1,196

22,06   0,00    1,196    1,196   0,007   1,084   0,003   0,001   0,095   0,002   0,000   0,006   0,000 21698490000
22,06   4,04  561,732
22,06   0,00    0,000    0,000
22,06   0,00    0,000  497,871
22,06   0,00    0,000    1,196   0,000   1,196
22,06   0,00    0,000    1,196   0,000   1,196

22,07   0,00    1,196    1,196   0,007   1,084   0,003   0,001   0,095   0,002   0,000   0,006   0,000 21708320000
22,07   4,04  561,700
22,07   0,00    0,000    0,000
22,07   0,00    0,000  497,832
22,07   0,00    0,000    1,196   0,000   1,196
22,07   0,00    0,000    1,196   0,000   1,196

22,08   0,00    1,196    1,196   0,007   1,084   0,003   0,001   0,095   0,002   0,000   0,006   0,000 21718160000
22,08   4,04  561,669
22,08   0,00    0,000    0,000
22,08   0,00    0,000  497,794
22,08   0,00    0,000    1,196   0,000   1,196
22,08   0,00    0,000    1,196   0,000   1,196

22,09   0,00    1,196    1,196   0,007   1,084   0,003   0,001   0,095   0,002   0,000   0,006   0,000 21728000000
22,09   4,04  561,637
22,09   0,00    0,000    0,000
22,09   0,00    0,000  497,755
22,09   0,00    0,000    1,196   0,000   1,196
22,09   0,00    0,000    1,196   0,000   1,196

22,10   0,00    1,196    1,196   0,007   1,084   0,003   0,001   0,095   0,002   0,000   0,006   0,000 21737830000
22,10   4,04  561,606
22,10   0,00    0,000    0,000
22,10   0,00    0,000  497,717
22,10   0,00    0,000    1,196   0,000   1,196
22,10   0,00    0,000    1,196   0,000   1,196

22,11   0,00    1,196    1,196   0,007   1,084   0,003   0,001   0,095   0,002   0,000   0,006   0,000 21747670000
22,11   4,04  561,575
22,11   0,00    0,000    0,000
22,11   0,00    0,000  497,678
22,11   0,00    0,000    1,196   0,000   1,196
22,11   0,00    0,000    1,196   0,000   1,196

22,12   0,00    1,196    1,196   0,007   1,084   0,003   0,001   0,095   0,002   0,000   0,006   0,000 21757510000
22,12   4,03  561,543
22,12   0,00    0,000    0,000
22,12   0,00    0,000  497,639
22,12   0,00    0,000    1,196   0,000   1,196
22,12   0,00    0,000    1,196   0,000   1,196

22,13   0,00    1,196    1,196   0,007   1,084   0,003   0,001   0,095   0,002   0,000   0,006   0,000 21767340000
22,13   4,03  561,512
22,13   0,00    0,000    0,000
22,13   0,00    0,000  497,601
22,13   0,00    0,000    1,196   0,000   1,196
22,13   0,00    0,000    1,196   0,000   1,196

22,14   0,00    1,196    1,196   0,007   1,084   0,003   0,001   0,095   0,002   0,000   0,006   0,000 21777180000
22,14   4,03  561,481
22,14   0,00    0,000    0,000
22,14   0,00    0,000  497,562
22,14   0,00    0,000    1,196   0,000   1,196
22,14   0,00    0,000    1,196   0,000   1,196

22,15   0,00    1,196    1,196   0,007   1,084   0,003   0,001   0,095   0,002   0,000   0,006   0,000 21787010000
22,15   4,03  561,449
22,15   0,00    0,000    0,000
22,15   0,00    0,000  497,524
22,15   0,00    0,000    1,196   0,000   1,196
22,15   0,00    0,000    1,196   0,000   1,196

22,16   0,00    1,196    1,196   0,007   1,084   0,003   0,001   0,095   0,002   0,000   0,006   0,000 21796850000
22,16   4,03  561,418
22,16   0,00    0,000    0,000
22,16   0,00    0,000  497,485
22,16   0,00    0,000    1,196   0,000   1,196
22,16   0,00    0,000    1,196   0,000   1,196

22,17   0,00    1,196    1,196   0,007   1,084   0,003   0,001   0,095   0,002   0,000   0,006   0,000 21806690000
22,17   4,03  561,387
22,17   0,00    0,000    0,000
22,17   0,00    0,000  497,447
22,17   0,00    0,000    1,196   0,000   1,196
22,17   0,00    0,000    1,196   0,000   1,196

22,18   0,00    1,196    1,196   0,007   1,084   0,003   0,001   0,095   0,002   0,000   0,006   0,000 21816520000
22,18   4,03  561,356
22,18   0,00    0,000    0,000
22,18   0,00    0,000  497,409
22,18   0,00    0,000    1,196   0,000   1,196
22,18   0,00    0,000    1,196   0,000   1,196

22,19   0,00    1,196    1,196   0,007   1,084   0,003   0,001   0,095   0,002   0,000   0,006   0,000 21826360000
22,19   4,03  561,324
22,19   0,00    0,000    0,000
22,19   0,00    0,000  497,370
22,19   0,00    0,000    1,196   0,000   1,196
22,19   0,00    0,000    1,196   0,000   1,196

22,20   0,00    1,196    1,196   0,007   1,084   0,003   0,001   0,095   0,002   0,000   0,006   0,000 21836200000
22,20   4,03  561,293
22,20   0,00    0,000    0,000
22,20   0,00    0,000  497,332
22,20   0,00    0,000    1,196   0,000   1,196
22,20   0,00    0,000    1,196   0,000   1,196

22,21   0,00    1,196    1,196   0,007   1,084   0,003   0,001   0,095   0,002   0,000   0,006   0,000 21846030000
22,21   4,03  561,262
22,21   0,00    0,000    0,000
22,21   0,00    0,000  497,294
22,21   0,00    0,000    1,196   0,000   1,196
22,21   0,00    0,000    1,196   0,000   1,196

22,22   0,00    1,196    1,196   0,007   1,084   0,003   0,001   0,095   0,002   0,000   0,006   0,000 21855860000
22,22   4,03  561,231
22,22   0,00    0,000    0,000
22,22   0,00    0,000  497,255
22,22   0,00    0,000    1,196   0,000   1,196
22,22   0,00    0,000    1,196   0,000   1,196

22,23   0,00    1,196    1,196   0,007   1,084   0,003   0,001   0,095   0,002   0,000   0,006   0,000 21865700000
22,23   4,03  561,199
22,23   0,00    0,000    0,000
22,23   0,00    0,000  497,217
22,23   0,00    0,000    1,196   0,000   1,196
22,23   0,00    0,000    1,196   0,000   1,196

22,24   0,00    1,196    1,196   0,007   1,084   0,003   0,001   0,095   0,002   0,000   0,006   0,000 21875540000
22,24   4,03  561,168
22,24   0,00    0,000    0,000
22,24   0,00    0,000  497,179
22,24   0,00    0,000    1,196   0,000   1,196
22,24   0,00    0,000    1,196   0,000   1,196

22,25   0,00    1,196    1,196   0,007   1,084   0,003   0,001   0,095   0,002   0,000   0,006   0,000 21885370000
22,25   4,03  561,137
22,25   0,00    0,000    0,000
22,25   0,00    0,000  497,141
22,25   0,00    0,000    1,196   0,000   1,196
22,25   0,00    0,000    1,196   0,000   1,196

22,26   0,00    1,196    1,196   0,007   1,084   0,003   0,001   0,095   0,002   0,000   0,006   0,000 21895210000
22,26   4,03  561,106
22,26   0,00    0,000    0,000
22,26   0,00    0,000  497,102
22,26   0,00    0,000    1,196   0,000   1,196
22,26   0,00    0,000    1,196   0,000   1,196

22,27   0,00    1,196    1,196   0,007   1,084   0,003   0,001   0,095   0,002   0,000   0,006   0,000 21905050000
22,27   4,03  561,075
22,27   0,00    0,000    0,000
22,27   0,00    0,000  497,064
22,27   0,00    0,000    1,196   0,000   1,196
22,27   0,00    0,000    1,196   0,000   1,196

22,28   0,00    1,196    1,196   0,007   1,084   0,003   0,001   0,095   0,002   0,000   0,006   0,000 21914880000
22,28   4,03  561,043
22,28   0,00    0,000    0,000
22,28   0,00    0,000  497,026
22,28   0,00    0,000    1,196   0,000   1,196
22,28   0,00    0,000    1,196   0,000   1,196

22,29   0,00    1,196    1,196   0,007   1,084   0,003   0,001   0,095   0,002   0,000   0,006   0,000 21924720000
22,29   4,03  561,012
22,29   0,00    0,000    0,000
22,29   0,00    0,000  496,988
22,29   0,00    0,000    1,196   0,000   1,196
22,29   0,00    0,000    1,196   0,000   1,196

22,30   0,00    1,196    1,196   0,007   1,084   0,003   0,001   0,095   0,002   0,000   0,006   0,000 21934560000
22,30   4,03  560,981
22,30   0,00    0,000    0,000
22,30   0,00    0,000  496,950
22,30   0,00    0,000    1,196   0,000   1,196
22,30   0,00    0,000    1,196   0,000   1,196

22,31   0,00    1,196    1,196   0,007   1,084   0,003   0,001   0,095   0,002   0,000   0,006   0,000 21944390000
22,31   4,03  560,950
22,31   0,00    0,000    0,000
22,31   0,00    0,000  496,912
22,31   0,00    0,000    1,196   0,000   1,196
22,31   0,00    0,000    1,196   0,000   1,196

22,32   0,00    1,196    1,196   0,007   1,084   0,003   0,001   0,095   0,002   0,000   0,006   0,000 21954230000
22,32   4,03  560,919
22,32   0,00    0,000    0,000
22,32   0,00    0,000  496,874
22,32   0,00    0,000    1,196   0,000   1,196
22,32   0,00    0,000    1,196   0,000   1,196

22,33   0,00    1,196    1,196   0,007   1,084   0,003   0,001   0,095   0,002   0,000   0,006   0,000 21964060000
22,33   4,02  560,888
22,33   0,00    0,000    0,000
22,33   0,00    0,000  496,836
22,33   0,00    0,000    1,196   0,000   1,196
22,33   0,00    0,000    1,196   0,000   1,196

22,34   0,00    1,196    1,196   0,007   1,084   0,003   0,001   0,095   0,002   0,000   0,006   0,000 21973900000
22,34   4,02  560,857
22,34   0,00    0,000    0,000
22,34   0,00    0,000  496,798
22,34   0,00    0,000    1,196   0,000   1,196
22,34   0,00    0,000    1,196   0,000   1,196

22,35   0,00    1,196    1,196   0,007   1,084   0,003   0,001   0,095   0,002   0,000   0,006   0,000 21983740000
22,35   4,02  560,826
22,35   0,00    0,000    0,000
22,35   0,00    0,000  496,760
22,35   0,00    0,000    1,196   0,000   1,196
22,35   0,00    0,000    1,196   0,000   1,196

22,36   0,00    1,196    1,196   0,007   1,084   0,003   0,001   0,095   0,002   0,000   0,006   0,000 21993570000
22,36   4,02  560,795
22,36   0,00    0,000    0,000
22,36   0,00    0,000  496,722
22,36   0,00    0,000    1,196   0,000   1,196
22,36   0,00    0,000    1,196   0,000   1,196

22,37   0,00    1,196    1,196   0,007   1,084   0,003   0,001   0,095   0,002   0,000   0,006   0,000 22003410000
22,37   4,02  560,764
22,37   0,00    0,000    0,000
22,37   0,00    0,000  496,684
22,37   0,00    0,000    1,196   0,000   1,196
22,37   0,00    0,000    1,196   0,000   1,196

22,38   0,00    1,196    1,196   0,007   1,084   0,003   0,001   0,095   0,002   0,000   0,006   0,000 22013240000
22,38   4,02  560,733
22,38   0,00    0,000    0,000
22,38   0,00    0,000  496,646
22,38   0,00    0,000    1,196   0,000   1,196
22,38   0,00    0,000    1,196   0,000   1,196

22,39   0,00    1,196    1,196   0,007   1,084   0,003   0,001   0,095   0,002   0,000   0,006   0,000 22023080000
22,39   4,02  560,701
22,39   0,00    0,000    0,000
22,39   0,00    0,000  496,608
22,39   0,00    0,000    1,196   0,000   1,196
22,39   0,00    0,000    1,196   0,000   1,196

22,40   0,00    1,196    1,196   0,007   1,084   0,003   0,001   0,095   0,002   0,000   0,006   0,000 22032920000
22,40   4,02  560,670
22,40   0,00    0,000    0,000
22,40   0,00    0,000  496,570
22,40   0,00    0,000    1,196   0,000   1,196
22,40   0,00    0,000    1,196   0,000   1,196

22,41   0,00    1,196    1,196   0,007   1,084   0,003   0,001   0,095   0,002   0,000   0,006   0,000 22042750000
22,41   4,02  560,639
22,41   0,00    0,000    0,000
22,41   0,00    0,000  496,533
22,41   0,00    0,000    1,196   0,000   1,196
22,41   0,00    0,000    1,196   0,000   1,196

22,42   0,00    1,196    1,196   0,007   1,084   0,003   0,001   0,095   0,002   0,000   0,006   0,000 22052590000
22,42   4,02  560,608
22,42   0,00    0,000    0,000
22,42   0,00    0,000  496,495
22,42   0,00    0,000    1,196   0,000   1,196
22,42   0,00    0,000    1,196   0,000   1,196

22,43   0,00    1,196    1,196   0,007   1,084   0,003   0,001   0,095   0,002   0,000   0,006   0,000 22062430000
22,43   4,02  560,577
22,43   0,00    0,000    0,000
22,43   0,00    0,000  496,457
22,43   0,00    0,000    1,196   0,000   1,196
22,43   0,00    0,000    1,196   0,000   1,196

22,44   0,00    1,196    1,196   0,007   1,084   0,003   0,001   0,095   0,002   0,000   0,006   0,000 22072260000
22,44   4,02  560,546
22,44   0,00    0,000    0,000
22,44   0,00    0,000  496,419
22,44   0,00    0,000    1,196   0,000   1,196
22,44   0,00    0,000    1,196   0,000   1,196

22,45   0,00    1,196    1,196   0,007   1,084   0,003   0,001   0,095   0,002   0,000   0,006   0,000 22082100000
22,45   4,02  560,515
22,45   0,00    0,000    0,000
22,45   0,00    0,000  496,382
22,45   0,00    0,000    1,196   0,000   1,196
22,45   0,00    0,000    1,196   0,000   1,196

22,46   0,00    1,196    1,196   0,007   1,084   0,003   0,001   0,095   0,002   0,000   0,006   0,000 22091930000
22,46   4,02  560,484
22,46   0,00    0,000    0,000
22,46   0,00    0,000  496,344
22,46   0,00    0,000    1,196   0,000   1,196
22,46   0,00    0,000    1,196   0,000   1,196

22,47   0,00    1,196    1,196   0,007   1,084   0,003   0,001   0,095   0,002   0,000   0,006   0,000 22101770000
22,47   4,02  560,453
22,47   0,00    0,000    0,000
22,47   0,00    0,000  496,306
22,47   0,00    0,000    1,196   0,000   1,196
22,47   0,00    0,000    1,196   0,000   1,196

22,48   0,00    1,196    1,196   0,007   1,084   0,003   0,001   0,095   0,002   0,000   0,006   0,000 22111600000
22,48   4,02  560,423
22,48   0,00    0,000    0,000
22,48   0,00    0,000  496,269
22,48   0,00    0,000    1,196   0,000   1,196
22,48   0,00    0,000    1,196   0,000   1,196

22,49   0,00    1,196    1,196   0,007   1,084   0,003   0,001   0,095   0,002   0,000   0,006   0,000 22121440000
22,49   4,02  560,392
22,49   0,00    0,000    0,000
22,49   0,00    0,000  496,231
22,49   0,00    0,000    1,196   0,000   1,196
22,49   0,00    0,000    1,196   0,000   1,196

22,50   0,00    1,196    1,196   0,007   1,084   0,003   0,001   0,095   0,002   0,000   0,006   0,000 22131280000
22,50   4,02  560,361
22,50   0,00    0,000    0,000
22,50   0,00    0,000  496,193
22,50   0,00    0,000    1,196   0,000   1,196
22,50   0,00    0,000    1,196   0,000   1,196

22,51   0,00    1,196    1,196   0,007   1,084   0,003   0,001   0,095   0,002   0,000   0,006   0,000 22141110000
22,51   4,02  560,330
22,51   0,00    0,000    0,000
22,51   0,00    0,000  496,156
22,51   0,00    0,000    1,196   0,000   1,196
22,51   0,00    0,000    1,196   0,000   1,196

22,52   0,00    1,196    1,196   0,007   1,084   0,003   0,001   0,095   0,002   0,000   0,006   0,000 22150950000
22,52   4,02  560,299
22,52   0,00    0,000    0,000
22,52   0,00    0,000  496,118
22,52   0,00    0,000    1,196   0,000   1,196
22,52   0,00    0,000    1,196   0,000   1,196

22,53   0,00    1,196    1,196   0,007   1,084   0,003   0,001   0,095   0,002   0,000   0,006   0,000 22160790000
22,53   4,02  560,268
22,53   0,00    0,000    0,000
22,53   0,00    0,000  496,081
22,53   0,00    0,000    1,196   0,000   1,196
22,53   0,00    0,000    1,196   0,000   1,196

22,54   0,00    1,196    1,196   0,007   1,084   0,003   0,001   0,095   0,002   0,000   0,006   0,000 22170620000
22,54   4,02  560,237
22,54   0,00    0,000    0,000
22,54   0,00    0,000  496,043
22,54   0,00    0,000    1,196   0,000   1,196
22,54   0,00    0,000    1,196   0,000   1,196

22,55   0,00    1,196    1,196   0,007   1,084   0,003   0,001   0,095   0,002   0,000   0,006   0,000 22180460000
22,55   4,01  560,206
22,55   0,00    0,000    0,000
22,55   0,00    0,000  496,006
22,55   0,00    0,000    1,196   0,000   1,196
22,55   0,00    0,000    1,196   0,000   1,196

22,56   0,00    1,196    1,196   0,007   1,084   0,003   0,001   0,095   0,002   0,000   0,006   0,000 22190300000
22,56   4,01  560,175
22,56   0,00    0,000    0,000
22,56   0,00    0,000  495,968
22,56   0,00    0,000    1,196   0,000   1,196
22,56   0,00    0,000    1,196   0,000   1,196

22,57   0,00    1,196    1,196   0,007   1,084   0,003   0,001   0,095   0,002   0,000   0,006   0,000 22200130000
22,57   4,01  560,144
22,57   0,00    0,000    0,000
22,57   0,00    0,000  495,931
22,57   0,00    0,000    1,196   0,000   1,196
22,57   0,00    0,000    1,196   0,000   1,196

22,58   0,00    1,196    1,196   0,007   1,084   0,003   0,001   0,095   0,002   0,000   0,006   0,000 22209970000
22,58   4,01  560,114
22,58   0,00    0,000    0,000
22,58   0,00    0,000  495,894
22,58   0,00    0,000    1,196   0,000   1,196
22,58   0,00    0,000    1,196   0,000   1,196

22,59   0,00    1,196    1,196   0,007   1,084   0,003   0,001   0,095   0,002   0,000   0,006   0,000 22219800000
22,59   4,01  560,083
22,59   0,00    0,000    0,000
22,59   0,00    0,000  495,856
22,59   0,00    0,000    1,196   0,000   1,196
22,59   0,00    0,000    1,196   0,000   1,196

22,60   0,00    1,196    1,196   0,007   1,084   0,003   0,001   0,095   0,002   0,000   0,006   0,000 22229640000
22,60   4,01  560,052
22,60   0,00    0,000    0,000
22,60   0,00    0,000  495,819
22,60   0,00    0,000    1,196   0,000   1,196
22,60   0,00    0,000    1,196   0,000   1,196

22,61   0,00    1,196    1,196   0,007   1,084   0,003   0,001   0,095   0,002   0,000   0,006   0,000 22239480000
22,61   4,01  560,021
22,61   0,00    0,000    0,000
22,61   0,00    0,000  495,782
22,61   0,00    0,000    1,196   0,000   1,196
22,61   0,00    0,000    1,196   0,000   1,196

22,62   0,00    1,196    1,196   0,007   1,084   0,003   0,001   0,095   0,002   0,000   0,006   0,000 22249310000
22,62   4,01  559,990
22,62   0,00    0,000    0,000
22,62   0,00    0,000  495,744
22,62   0,00    0,000    1,196   0,000   1,196
22,62   0,00    0,000    1,196   0,000   1,196

22,63   0,00    1,196    1,196   0,007   1,084   0,003   0,001   0,095   0,002   0,000   0,006   0,000 22259150000
22,63   4,01  559,959
22,63   0,00    0,000    0,000
22,63   0,00    0,000  495,707
22,63   0,00    0,000    1,196   0,000   1,196
22,63   0,00    0,000    1,196   0,000   1,196

22,64   0,00    1,196    1,196   0,007   1,084   0,003   0,001   0,095   0,002   0,000   0,006   0,000 22268980000
22,64   4,01  559,929
22,64   0,00    0,000    0,000
22,64   0,00    0,000  495,670
22,64   0,00    0,000    1,196   0,000   1,196
22,64   0,00    0,000    1,196   0,000   1,196

22,65   0,00    1,196    1,196   0,007   1,084   0,003   0,001   0,095   0,002   0,000   0,006   0,000 22278820000
22,65   4,01  559,898
22,65   0,00    0,000    0,000
22,65   0,00    0,000  495,633
22,65   0,00    0,000    1,196   0,000   1,196
22,65   0,00    0,000    1,196   0,000   1,196

22,66   0,00    1,196    1,196   0,007   1,084   0,003   0,001   0,095   0,002   0,000   0,006   0,000 22288660000
22,66   4,01  559,867
22,66   0,00    0,000    0,000
22,66   0,00    0,000  495,595
22,66   0,00    0,000    1,196   0,000   1,196
22,66   0,00    0,000    1,196   0,000   1,196

22,67   0,00    1,196    1,196   0,007   1,084   0,003   0,001   0,095   0,002   0,000   0,006   0,000 22298490000
22,67   4,01  559,836
22,67   0,00    0,000    0,000
22,67   0,00    0,000  495,558
22,67   0,00    0,000    1,196   0,000   1,196
22,67   0,00    0,000    1,196   0,000   1,196

22,68   0,00    1,196    1,196   0,007   1,084   0,003   0,001   0,095   0,002   0,000   0,006   0,000 22308330000
22,68   4,01  559,806
22,68   0,00    0,000    0,000
22,68   0,00    0,000  495,521
22,68   0,00    0,000    1,196   0,000   1,196
22,68   0,00    0,000    1,196   0,000   1,196

22,69   0,00    1,196    1,196   0,007   1,084   0,003   0,001   0,095   0,002   0,000   0,006   0,000 22318160000
22,69   4,01  559,775
22,69   0,00    0,000    0,000
22,69   0,00    0,000  495,484
22,69   0,00    0,000    1,196   0,000   1,196
22,69   0,00    0,000    1,196   0,000   1,196

22,70   0,00    1,196    1,196   0,007   1,084   0,003   0,001   0,095   0,002   0,000   0,006   0,000 22328000000
22,70   4,01  559,744
22,70   0,00    0,000    0,000
22,70   0,00    0,000  495,447
22,70   0,00    0,000    1,196   0,000   1,196
22,70   0,00    0,000    1,196   0,000   1,196

22,71   0,00    1,196    1,196   0,007   1,084   0,003   0,001   0,095   0,002   0,000   0,006   0,000 22337840000
22,71   4,01  559,713
22,71   0,00    0,000    0,000
22,71   0,00    0,000  495,410
22,71   0,00    0,000    1,196   0,000   1,196
22,71   0,00    0,000    1,196   0,000   1,196

22,72   0,00    1,196    1,196   0,007   1,084   0,003   0,001   0,095   0,002   0,000   0,006   0,000 22347670000
22,72   4,01  559,683
22,72   0,00    0,000    0,000
22,72   0,00    0,000  495,373
22,72   0,00    0,000    1,196   0,000   1,196
22,72   0,00    0,000    1,196   0,000   1,196

22,73   0,00    1,196    1,196   0,007   1,084   0,003   0,001   0,095   0,002   0,000   0,006   0,000 22357510000
22,73   4,01  559,652
22,73   0,00    0,000    0,000
22,73   0,00    0,000  495,336
22,73   0,00    0,000    1,196   0,000   1,196
22,73   0,00    0,000    1,196   0,000   1,196

22,74   0,00    1,196    1,196   0,007   1,084   0,003   0,001   0,095   0,002   0,000   0,006   0,000 22367340000
22,74   4,01  559,621
22,74   0,00    0,000    0,000
22,74   0,00    0,000  495,299
22,74   0,00    0,000    1,196   0,000   1,196
22,74   0,00    0,000    1,196   0,000   1,196

22,75   0,00    1,196    1,196   0,007   1,084   0,003   0,001   0,095   0,002   0,000   0,006   0,000 22377180000
22,75   4,01  559,590
22,75   0,00    0,000    0,000
22,75   0,00    0,000  495,262
22,75   0,00    0,000    1,196   0,000   1,196
22,75   0,00    0,000    1,196   0,000   1,196

22,76   0,00    1,196    1,196   0,007   1,084   0,003   0,001   0,095   0,002   0,000   0,006   0,000 22387020000
22,76   4,01  559,560
22,76   0,00    0,000    0,000
22,76   0,00    0,000  495,225
22,76   0,00    0,000    1,196   0,000   1,196
22,76   0,00    0,000    1,196   0,000   1,196

22,77   0,00    1,196    1,196   0,007   1,084   0,003   0,001   0,095   0,002   0,000   0,006   0,000 22396850000
22,77   4,00  559,529
22,77   0,00    0,000    0,000
22,77   0,00    0,000  495,188
22,77   0,00    0,000    1,196   0,000   1,196
22,77   0,00    0,000    1,196   0,000   1,196

22,78   0,00    1,196    1,196   0,007   1,084   0,003   0,001   0,095   0,002   0,000   0,006   0,000 22406690000
22,78   4,00  559,498
22,78   0,00    0,000    0,000
22,78   0,00    0,000  495,151
22,78   0,00    0,000    1,196   0,000   1,196
22,78   0,00    0,000    1,196   0,000   1,196

22,79   0,00    1,196    1,196   0,007   1,084   0,003   0,001   0,095   0,002   0,000   0,006   0,000 22416530000
22,79   4,00  559,468
22,79   0,00    0,000    0,000
22,79   0,00    0,000  495,114
22,79   0,00    0,000    1,196   0,000   1,196
22,79   0,00    0,000    1,196   0,000   1,196

22,80   0,00    1,196    1,196   0,007   1,084   0,003   0,001   0,095   0,002   0,000   0,006   0,000 22426360000
22,80   4,00  559,437
22,80   0,00    0,000    0,000
22,80   0,00    0,000  495,077
22,80   0,00    0,000    1,196   0,000   1,196
22,80   0,00    0,000    1,196   0,000   1,196

22,81   0,00    1,196    1,196   0,007   1,084   0,003   0,001   0,095   0,002   0,000   0,006   0,000 22436200000
22,81   4,00  559,406
22,81   0,00    0,000    0,000
22,81   0,00    0,000  495,040
22,81   0,00    0,000    1,196   0,000   1,196
22,81   0,00    0,000    1,196   0,000   1,196

22,82   0,00    1,196    1,196   0,007   1,084   0,003   0,001   0,095   0,002   0,000   0,006   0,000 22446030000
22,82   4,00  559,376
22,82   0,00    0,000    0,000
22,82   0,00    0,000  495,004
22,82   0,00    0,000    1,196   0,000   1,196
22,82   0,00    0,000    1,196   0,000   1,196

22,83   0,00    1,196    1,196   0,007   1,084   0,003   0,001   0,095   0,002   0,000   0,006   0,000 22455870000
22,83   4,00  559,345
22,83   0,00    0,000    0,000
22,83   0,00    0,000  494,967
22,83   0,00    0,000    1,196   0,000   1,196
22,83   0,00    0,000    1,196   0,000   1,196

22,84   0,00    1,196    1,196   0,007   1,084   0,003   0,001   0,095   0,002   0,000   0,006   0,000 22465710000
22,84   4,00  559,314
22,84   0,00    0,000    0,000
22,84   0,00    0,000  494,930
22,84   0,00    0,000    1,196   0,000   1,196
22,84   0,00    0,000    1,196   0,000   1,196

22,85   0,00    1,196    1,196   0,007   1,084   0,003   0,001   0,095   0,002   0,000   0,006   0,000 22475540000
22,85   4,00  559,284
22,85   0,00    0,000    0,000
22,85   0,00    0,000  494,893
22,85   0,00    0,000    1,196   0,000   1,196
22,85   0,00    0,000    1,196   0,000   1,196

22,86   0,00    1,196    1,196   0,007   1,084   0,003   0,001   0,095   0,002   0,000   0,006   0,000 22485380000
22,86   4,00  559,253
22,86   0,00    0,000    0,000
22,86   0,00    0,000  494,857
22,86   0,00    0,000    1,196   0,000   1,196
22,86   0,00    0,000    1,196   0,000   1,196

22,87   0,00    1,196    1,196   0,007   1,084   0,003   0,001   0,095   0,002   0,000   0,006   0,000 22495220000
22,87   4,00  559,222
22,87   0,00    0,000    0,000
22,87   0,00    0,000  494,820
22,87   0,00    0,000    1,196   0,000   1,196
22,87   0,00    0,000    1,196   0,000   1,196

22,88   0,00    1,196    1,196   0,007   1,084   0,003   0,001   0,095   0,002   0,000   0,006   0,000 22505050000
22,88   4,00  559,192
22,88   0,00    0,000    0,000
22,88   0,00    0,000  494,783
22,88   0,00    0,000    1,196   0,000   1,196
22,88   0,00    0,000    1,196   0,000   1,196

22,89   0,00    1,196    1,196   0,007   1,084   0,003   0,001   0,095   0,002   0,000   0,006   0,000 22514890000
22,89   4,00  559,161
22,89   0,00    0,000    0,000
22,89   0,00    0,000  494,747
22,89   0,00    0,000    1,196   0,000   1,196
22,89   0,00    0,000    1,196   0,000   1,196

22,90   0,00    1,196    1,196   0,007   1,084   0,003   0,001   0,095   0,002   0,000   0,006   0,000 22524720000
22,90   4,00  559,131
22,90   0,00    0,000    0,000
22,90   0,00    0,000  494,710
22,90   0,00    0,000    1,196   0,000   1,196
22,90   0,00    0,000    1,196   0,000   1,196

22,91   0,00    1,196    1,196   0,007   1,084   0,003   0,001   0,095   0,002   0,000   0,006   0,000 22534560000
22,91   4,00  559,100
22,91   0,00    0,000    0,000
22,91   0,00    0,000  494,673
22,91   0,00    0,000    1,196   0,000   1,196
22,91   0,00    0,000    1,196   0,000   1,196

22,92   0,00    1,196    1,196   0,007   1,084   0,003   0,001   0,095   0,002   0,000   0,006   0,000 22544390000
22,92   4,00  559,069
22,92   0,00    0,000    0,000
22,92   0,00    0,000  494,637
22,92   0,00    0,000    1,196   0,000   1,196
22,92   0,00    0,000    1,196   0,000   1,196

22,93   0,00    1,196    1,196   0,007   1,084   0,003   0,001   0,095   0,002   0,000   0,006   0,000 22554230000
22,93   4,00  559,039
22,93   0,00    0,000    0,000
22,93   0,00    0,000  494,600
22,93   0,00    0,000    1,196   0,000   1,196
22,93   0,00    0,000    1,196   0,000   1,196

22,94   0,00    1,196    1,196   0,007   1,084   0,003   0,001   0,095   0,002   0,000   0,006   0,000 22564070000
22,94   4,00  559,158
22,94   0,00    0,000    0,000
22,94   0,00    0,000  494,564
22,94   0,00    0,000    1,196   0,000   1,196
22,94   0,00    0,000    1,196   0,000   1,196

22,95   0,00    1,196    1,196   0,007   1,084   0,003   0,001   0,095   0,002   0,000   0,006   0,000 22573900000
22,95   4,00  559,133
22,95   0,00    0,000    0,000
22,95   0,00    0,000  494,527
22,95   0,00    0,000    1,196   0,000   1,196
22,95   0,00    0,000    1,196   0,000   1,196

22,96   0,00    1,196    1,196   0,007   1,084   0,003   0,001   0,095   0,002   0,000   0,006   0,000 22583740000
22,96   4,00  559,109
22,96   0,00    0,000    0,000
22,96   0,00    0,000  494,491
22,96   0,00    0,000    1,196   0,000   1,196
22,96   0,00    0,000    1,196   0,000   1,196

22,97   0,00    1,196    1,196   0,007   1,084   0,003   0,001   0,095   0,002   0,000   0,006   0,000 22593570000
22,97   4,00  559,084
22,97   0,00    0,000    0,000
22,97   0,00    0,000  494,454
22,97   0,00    0,000    1,196   0,000   1,196
22,97   0,00    0,000    1,196   0,000   1,196

22,98   0,00    1,196    1,196   0,007   1,084   0,003   0,001   0,095   0,002   0,000   0,006   0,000 22603410000
22,98   4,00  559,060
22,98   0,00    0,000    0,000
22,98   0,00    0,000  494,418
22,98   0,00    0,000    1,196   0,000   1,196
22,98   0,00    0,000    1,196   0,000   1,196

22,99   0,00    1,196    1,196   0,007   1,084   0,003   0,001   0,095   0,002   0,000   0,006   0,000 22613250000
22,99   4,00  559,035
22,99   0,00    0,000    0,000
22,99   0,00    0,000  494,382
22,99   0,00    0,000    1,196   0,000   1,196
22,99   0,00    0,000    1,196   0,000   1,196

23,00   0,00    1,196    1,196   0,007   1,084   0,003   0,001   0,095   0,002   0,000   0,006   0,000 22623080000
23,00   4,00  559,011
23,00   0,00    0,000    0,000
23,00   0,00    0,000  494,345
23,00   0,00    0,000    1,196   0,000   1,196
23,00   0,00    0,000    1,196   0,000   1,196

23,01   0,00    1,196    1,196   0,007   1,084   0,002   0,001   0,095   0,002   0,000   0,006   0,000 22632920000
23,01   4,00  558,986
23,01   0,00    0,000    0,000
23,01   0,00    0,000  494,309
23,01   0,00    0,000    1,196   0,000   1,196
23,01   0,00    0,000    1,196   0,000   1,196

23,02   0,00    1,196    1,196   0,007   1,084   0,002   0,001   0,095   0,002   0,000   0,006   0,000 22642760000
23,02   4,00  558,962
23,02   0,00    0,000    0,000
23,02   0,00    0,000  494,273
23,02   0,00    0,000    1,196   0,000   1,196
23,02   0,00    0,000    1,196   0,000   1,196

23,03   0,00    1,196    1,196   0,007   1,084   0,002   0,001   0,095   0,002   0,000   0,006   0,000 22652590000
23,03   4,00  558,938
23,03   0,00    0,000    0,000
23,03   0,00    0,000  494,236
23,03   0,00    0,000    1,196   0,000   1,196
23,03   0,00    0,000    1,196   0,000   1,196

23,04   0,00    1,196    1,196   0,007   1,084   0,002   0,001   0,095   0,002   0,000   0,006   0,000 22662430000
23,04   4,00  558,913
23,04   0,00    0,000    0,000
23,04   0,00    0,000  494,200
23,04   0,00    0,000    1,196   0,000   1,196
23,04   0,00    0,000    1,196   0,000   1,196

23,05   0,00    1,196    1,196   0,007   1,084   0,002   0,001   0,095   0,002   0,000   0,006   0,000 22672260000
23,05   4,00  558,889
23,05   0,00    0,000    0,000
23,05   0,00    0,000  494,164
23,05   0,00    0,000    1,196   0,000   1,196
23,05   0,00    0,000    1,196   0,000   1,196

23,06   0,00    1,196    1,196   0,007   1,084   0,002   0,001   0,095   0,002   0,000   0,006   0,000 22682100000
23,06   3,99  558,865
23,06   0,00    0,000    0,000
23,06   0,00    0,000  494,127
23,06   0,00    0,000    1,196   0,000   1,196
23,06   0,00    0,000    1,196   0,000   1,196

23,07   0,00    1,196    1,196   0,007   1,084   0,002   0,001   0,095   0,002   0,000   0,006   0,000 22691940000
23,07   3,99  558,840
23,07   0,00    0,000    0,000
23,07   0,00    0,000  494,091
23,07   0,00    0,000    1,196   0,000   1,196
23,07   0,00    0,000    1,196   0,000   1,196

23,08   0,00    1,196    1,196   0,007   1,084   0,002   0,001   0,095   0,002   0,000   0,006   0,000 22701770000
23,08   3,99  558,816
23,08   0,00    0,000    0,000
23,08   0,00    0,000  494,055
23,08   0,00    0,000    1,196   0,000   1,196
23,08   0,00    0,000    1,196   0,000   1,196

23,09   0,00    1,196    1,196   0,007   1,084   0,002   0,001   0,095   0,002   0,000   0,006   0,000 22711610000
23,09   3,99  558,792
23,09   0,00    0,000    0,000
23,09   0,00    0,000  494,019
23,09   0,00    0,000    1,196   0,000   1,196
23,09   0,00    0,000    1,196   0,000   1,196

23,10   0,00    1,196    1,196   0,007   1,084   0,002   0,001   0,095   0,002   0,000   0,006   0,000 22721450000
23,10   3,99  558,767
23,10   0,00    0,000    0,000
23,10   0,00    0,000  493,983
23,10   0,00    0,000    1,196   0,000   1,196
23,10   0,00    0,000    1,196   0,000   1,196

23,11   0,00    1,196    1,196   0,007   1,084   0,002   0,001   0,095   0,002   0,000   0,006   0,000 22731280000
23,11   3,99  558,743
23,11   0,00    0,000    0,000
23,11   0,00    0,000  493,947
23,11   0,00    0,000    1,196   0,000   1,196
23,11   0,00    0,000    1,196   0,000   1,196

23,12   0,00    1,196    1,196   0,007   1,084   0,002   0,001   0,095   0,002   0,000   0,006   0,000 22741120000
23,12   3,99  558,719
23,12   0,00    0,000    0,000
23,12   0,00    0,000  493,911
23,12   0,00    0,000    1,196   0,000   1,196
23,12   0,00    0,000    1,196   0,000   1,196

23,13   0,00    1,196    1,196   0,007   1,084   0,002   0,001   0,095   0,002   0,000   0,006   0,000 22750950000
23,13   3,99  558,695
23,13   0,00    0,000    0,000
23,13   0,00    0,000  493,874
23,13   0,00    0,000    1,196   0,000   1,196
23,13   0,00    0,000    1,196   0,000   1,196

23,14   0,00    1,196    1,196   0,007   1,084   0,002   0,001   0,095   0,002   0,000   0,006   0,000 22760790000
23,14   3,99  558,670
23,14   0,00    0,000    0,000
23,14   0,00    0,000  493,838
23,14   0,00    0,000    1,196   0,000   1,196
23,14   0,00    0,000    1,196   0,000   1,196

23,15   0,00    1,196    1,196   0,007   1,084   0,002   0,001   0,095   0,002   0,000   0,006   0,000 22770620000
23,15   3,99  558,646
23,15   0,00    0,000    0,000
23,15   0,00    0,000  493,802
23,15   0,00    0,000    1,196   0,000   1,196
23,15   0,00    0,000    1,196   0,000   1,196

23,16   0,00    1,196    1,196   0,007   1,084   0,002   0,001   0,095   0,002   0,000   0,006   0,000 22780460000
23,16   3,99  558,622
23,16   0,00    0,000    0,000
23,16   0,00    0,000  493,766
23,16   0,00    0,000    1,196   0,000   1,196
23,16   0,00    0,000    1,196   0,000   1,196

23,17   0,00    1,196    1,196   0,007   1,084   0,002   0,001   0,095   0,002   0,000   0,006   0,000 22790300000
23,17   3,99  558,598
23,17   0,00    0,000    0,000
23,17   0,00    0,000  493,730
23,17   0,00    0,000    1,196   0,000   1,196
23,17   0,00    0,000    1,196   0,000   1,196

23,18   0,00    1,196    1,196   0,007   1,084   0,002   0,001   0,095   0,002   0,000   0,006   0,000 22800130000
23,18   3,99  558,574
23,18   0,00    0,000    0,000
23,18   0,00    0,000  493,694
23,18   0,00    0,000    1,196   0,000   1,196
23,18   0,00    0,000    1,196   0,000   1,196

23,19   0,00    1,196    1,196   0,007   1,084   0,002   0,001   0,095   0,002   0,000   0,006   0,000 22809970000
23,19   3,99  558,549
23,19   0,00    0,000    0,000
23,19   0,00    0,000  493,658
23,19   0,00    0,000    1,196   0,000   1,196
23,19   0,00    0,000    1,196   0,000   1,196

23,20   0,00    1,196    1,196   0,007   1,084   0,002   0,001   0,095   0,002   0,000   0,006   0,000 22819810000
23,20   3,99  558,525
23,20   0,00    0,000    0,000
23,20   0,00    0,000  493,623
23,20   0,00    0,000    1,196   0,000   1,196
23,20   0,00    0,000    1,196   0,000   1,196

23,21   0,00    1,196    1,196   0,007   1,084   0,002   0,001   0,095   0,002   0,000   0,006   0,000 22829640000
23,21   3,99  558,501
23,21   0,00    0,000    0,000
23,21   0,00    0,000  493,587
23,21   0,00    0,000    1,196   0,000   1,196
23,21   0,00    0,000    1,196   0,000   1,196

23,22   0,00    1,196    1,196   0,007   1,084   0,002   0,001   0,095   0,002   0,000   0,006   0,000 22839480000
23,22   3,99  558,477
23,22   0,00    0,000    0,000
23,22   0,00    0,000  493,551
23,22   0,00    0,000    1,196   0,000   1,196
23,22   0,00    0,000    1,196   0,000   1,196

23,23   0,00    1,196    1,196   0,007   1,084   0,002   0,001   0,095   0,002   0,000   0,006   0,000 22849310000
23,23   3,99  558,453
23,23   0,00    0,000    0,000
23,23   0,00    0,000  493,515
23,23   0,00    0,000    1,196   0,000   1,196
23,23   0,00    0,000    1,196   0,000   1,196

23,24   0,00    1,196    1,196   0,007   1,084   0,002   0,001   0,095   0,002   0,000   0,006   0,000 22859150000
23,24   3,99  558,429
23,24   0,00    0,000    0,000
23,24   0,00    0,000  493,479
23,24   0,00    0,000    1,196   0,000   1,196
23,24   0,00    0,000    1,196   0,000   1,196

23,25   0,00    1,196    1,196   0,007   1,084   0,002   0,001   0,095   0,002   0,000   0,006   0,000 22868990000
23,25   3,99  558,405
23,25   0,00    0,000    0,000
23,25   0,00    0,000  493,443
23,25   0,00    0,000    1,196   0,000   1,196
23,25   0,00    0,000    1,196   0,000   1,196

23,26   0,00    1,196    1,196   0,007   1,084   0,002   0,001   0,095   0,002   0,000   0,006   0,000 22878820000
23,26   3,99  558,381
23,26   0,00    0,000    0,000
23,26   0,00    0,000  493,408
23,26   0,00    0,000    1,196   0,000   1,196
23,26   0,00    0,000    1,196   0,000   1,196

23,27   0,00    1,196    1,196   0,007   1,084   0,002   0,001   0,095   0,002   0,000   0,006   0,000 22888660000
23,27   3,99  558,357
23,27   0,00    0,000    0,000
23,27   0,00    0,000  493,372
23,27   0,00    0,000    1,196   0,000   1,196
23,27   0,00    0,000    1,196   0,000   1,196

23,28   0,00    1,196    1,196   0,007   1,084   0,002   0,001   0,095   0,002   0,000   0,006   0,000 22898500000
23,28   3,99  558,333
23,28   0,00    0,000    0,000
23,28   0,00    0,000  493,336
23,28   0,00    0,000    1,196   0,000   1,196
23,28   0,00    0,000    1,196   0,000   1,196

23,29   0,00    1,196    1,196   0,007   1,084   0,002   0,001   0,095   0,002   0,000   0,006   0,000 22908330000
23,29   3,99  558,309
23,29   0,00    0,000    0,000
23,29   0,00    0,000  493,300
23,29   0,00    0,000    1,196   0,000   1,196
23,29   0,00    0,000    1,196   0,000   1,196

23,30   0,00    1,196    1,196   0,007   1,084   0,002   0,001   0,095   0,002   0,000   0,006   0,000 22918170000
23,30   3,99  558,285
23,30   0,00    0,000    0,000
23,30   0,00    0,000  493,265
23,30   0,00    0,000    1,196   0,000   1,196
23,30   0,00    0,000    1,196   0,000   1,196

23,31   0,00    1,196    1,196   0,007   1,084   0,002   0,001   0,095   0,002   0,000   0,006   0,000 22928000000
23,31   3,99  558,261
23,31   0,00    0,000    0,000
23,31   0,00    0,000  493,229
23,31   0,00    0,000    1,196   0,000   1,196
23,31   0,00    0,000    1,196   0,000   1,196

23,32   0,00    1,196    1,196   0,007   1,084   0,002   0,001   0,095   0,002   0,000   0,006   0,000 22937840000
23,32   3,99  558,237
23,32   0,00    0,000    0,000
23,32   0,00    0,000  493,194
23,32   0,00    0,000    1,196   0,000   1,196
23,32   0,00    0,000    1,196   0,000   1,196

23,33   0,00    1,196    1,196   0,007   1,084   0,002   0,001   0,095   0,002   0,000   0,006   0,000 22947680000
23,33   3,98  558,213
23,33   0,00    0,000    0,000
23,33   0,00    0,000  493,158
23,33   0,00    0,000    1,196   0,000   1,196
23,33   0,00    0,000    1,196   0,000   1,196

23,34   0,00    1,196    1,196   0,007   1,084   0,002   0,001   0,095   0,002   0,000   0,006   0,000 22957510000
23,34   3,98  558,189
23,34   0,00    0,000    0,000
23,34   0,00    0,000  493,122
23,34   0,00    0,000    1,196   0,000   1,196
23,34   0,00    0,000    1,196   0,000   1,196

23,35   0,00    1,196    1,196   0,007   1,084   0,002   0,001   0,095   0,002   0,000   0,006   0,000 22967350000
23,35   3,98  558,165
23,35   0,00    0,000    0,000
23,35   0,00    0,000  493,087
23,35   0,00    0,000    1,196   0,000   1,196
23,35   0,00    0,000    1,196   0,000   1,196

23,36   0,00    1,196    1,196   0,007   1,084   0,002   0,001   0,095   0,002   0,000   0,006   0,000 22977190000
23,36   3,98  558,142
23,36   0,00    0,000    0,000
23,36   0,00    0,000  493,051
23,36   0,00    0,000    1,196   0,000   1,196
23,36   0,00    0,000    1,196   0,000   1,196

23,37   0,00    1,196    1,196   0,007   1,084   0,002   0,001   0,095   0,002   0,000   0,006   0,000 22987020000
23,37   3,98  558,118
23,37   0,00    0,000    0,000
23,37   0,00    0,000  493,016
23,37   0,00    0,000    1,196   0,000   1,196
23,37   0,00    0,000    1,196   0,000   1,196

23,38   0,00    1,196    1,196   0,007   1,084   0,002   0,001   0,095   0,002   0,000   0,006   0,000 22996860000
23,38   3,98  558,094
23,38   0,00    0,000    0,000
23,38   0,00    0,000  492,980
23,38   0,00    0,000    1,196   0,000   1,196
23,38   0,00    0,000    1,196   0,000   1,196

23,39   0,00    1,196    1,196   0,007   1,084   0,002   0,001   0,095   0,002   0,000   0,006   0,000 23006690000
23,39   3,98  558,070
23,39   0,00    0,000    0,000
23,39   0,00    0,000  492,945
23,39   0,00    0,000    1,196   0,000   1,196
23,39   0,00    0,000    1,196   0,000   1,196

23,40   0,00    1,196    1,196   0,007   1,084   0,002   0,001   0,095   0,002   0,000   0,006   0,000 23016530000
23,40   3,98  558,046
23,40   0,00    0,000    0,000
23,40   0,00    0,000  492,909
23,40   0,00    0,000    1,196   0,000   1,196
23,40   0,00    0,000    1,196   0,000   1,196

23,41   0,00    1,196    1,196   0,007   1,084   0,002   0,001   0,095   0,002   0,000   0,006   0,000 23026360000
23,41   3,98  558,023
23,41   0,00    0,000    0,000
23,41   0,00    0,000  492,874
23,41   0,00    0,000    1,196   0,000   1,196
23,41   0,00    0,000    1,196   0,000   1,196

23,42   0,00    1,196    1,196   0,007   1,084   0,002   0,001   0,095   0,002   0,000   0,006   0,000 23036200000
23,42   3,98  557,999
23,42   0,00    0,000    0,000
23,42   0,00    0,000  492,839
23,42   0,00    0,000    1,196   0,000   1,196
23,42   0,00    0,000    1,196   0,000   1,196

23,43   0,00    1,196    1,196   0,007   1,084   0,002   0,001   0,095   0,002   0,000   0,006   0,000 23046040000
23,43   3,98  557,975
23,43   0,00    0,000    0,000
23,43   0,00    0,000  492,803
23,43   0,00    0,000    1,196   0,000   1,196
23,43   0,00    0,000    1,196   0,000   1,196

23,44   0,00    1,196    1,196   0,007   1,084   0,002   0,001   0,095   0,002   0,000   0,006   0,000 23055870000
23,44   3,98  557,951
23,44   0,00    0,000    0,000
23,44   0,00    0,000  492,768
23,44   0,00    0,000    1,196   0,000   1,196
23,44   0,00    0,000    1,196   0,000   1,196

23,45   0,00    1,196    1,196   0,007   1,084   0,002   0,001   0,095   0,002   0,000   0,006   0,000 23065710000
23,45   3,98  557,928
23,45   0,00    0,000    0,000
23,45   0,00    0,000  492,732
23,45   0,00    0,000    1,196   0,000   1,196
23,45   0,00    0,000    1,196   0,000   1,196

23,46   0,00    1,196    1,196   0,007   1,084   0,002   0,001   0,095   0,002   0,000   0,006   0,000 23075550000
23,46   3,98  557,904
23,46   0,00    0,000    0,000
23,46   0,00    0,000  492,697
23,46   0,00    0,000    1,196   0,000   1,196
23,46   0,00    0,000    1,196   0,000   1,196

23,47   0,00    1,196    1,196   0,007   1,084   0,002   0,001   0,095   0,002   0,000   0,006   0,000 23085380000
23,47   3,98  557,880
23,47   0,00    0,000    0,000
23,47   0,00    0,000  492,662
23,47   0,00    0,000    1,196   0,000   1,196
23,47   0,00    0,000    1,196   0,000   1,196

23,48   0,00    1,196    1,196   0,007   1,084   0,002   0,001   0,095   0,002   0,000   0,006   0,000 23095220000
23,48   3,98  557,857
23,48   0,00    0,000    0,000
23,48   0,00    0,000  492,626
23,48   0,00    0,000    1,196   0,000   1,196
23,48   0,00    0,000    1,196   0,000   1,196

23,49   0,00    1,196    1,196   0,007   1,084   0,002   0,001   0,095   0,002   0,000   0,006   0,000 23105050000
23,49   3,98  557,833
23,49   0,00    0,000    0,000
23,49   0,00    0,000  492,591
23,49   0,00    0,000    1,196   0,000   1,196
23,49   0,00    0,000    1,196   0,000   1,196

23,50   0,00    1,196    1,196   0,007   1,084   0,002   0,001   0,095   0,002   0,000   0,006   0,000 23114890000
23,50   3,98  557,809
23,50   0,00    0,000    0,000
23,50   0,00    0,000  492,556
23,50   0,00    0,000    1,196   0,000   1,196
23,50   0,00    0,000    1,196   0,000   1,196

23,51   0,00    1,196    1,196   0,007   1,084   0,002   0,001   0,095   0,002   0,000   0,006   0,000 23124730000
23,51   3,98  557,786
23,51   0,00    0,000    0,000
23,51   0,00    0,000  492,521
23,51   0,00    0,000    1,196   0,000   1,196
23,51   0,00    0,000    1,196   0,000   1,196

23,52   0,00    1,196    1,196   0,007   1,084   0,002   0,001   0,095   0,002   0,000   0,006   0,000 23134560000
23,52   3,98  557,762
23,52   0,00    0,000    0,000
23,52   0,00    0,000  492,486
23,52   0,00    0,000    1,196   0,000   1,196
23,52   0,00    0,000    1,196   0,000   1,196

23,53   0,00    1,196    1,196   0,007   1,084   0,002   0,001   0,095   0,002   0,000   0,006   0,000 23144400000
23,53   3,98  557,739
23,53   0,00    0,000    0,000
23,53   0,00    0,000  492,451
23,53   0,00    0,000    1,196   0,000   1,196
23,53   0,00    0,000    1,196   0,000   1,196

23,54   0,00    1,196    1,196   0,007   1,084   0,002   0,001   0,095   0,002   0,000   0,006   0,000 23154240000
23,54   3,98  557,715
23,54   0,00    0,000    0,000
23,54   0,00    0,000  492,415
23,54   0,00    0,000    1,196   0,000   1,196
23,54   0,00    0,000    1,196   0,000   1,196

23,55   0,00    1,196    1,196   0,007   1,084   0,002   0,001   0,095   0,002   0,000   0,006   0,000 23164070000
23,55   3,98  557,691
23,55   0,00    0,000    0,000
23,55   0,00    0,000  492,380
23,55   0,00    0,000    1,196   0,000   1,196
23,55   0,00    0,000    1,196   0,000   1,196

23,56   0,00    1,196    1,196   0,007   1,084   0,002   0,001   0,095   0,002   0,000   0,006   0,000 23173910000
23,56   3,98  557,668
23,56   0,00    0,000    0,000
23,56   0,00    0,000  492,345
23,56   0,00    0,000    1,196   0,000   1,196
23,56   0,00    0,000    1,196   0,000   1,196

23,57   0,00    1,196    1,196   0,007   1,084   0,002   0,001   0,095   0,002   0,000   0,006   0,000 23183740000
23,57   3,98  557,644
23,57   0,00    0,000    0,000
23,57   0,00    0,000  492,310
23,57   0,00    0,000    1,196   0,000   1,196
23,57   0,00    0,000    1,196   0,000   1,196

23,58   0,00    1,196    1,196   0,007   1,084   0,002   0,001   0,095   0,002   0,000   0,006   0,000 23193580000
23,58   3,98  557,621
23,58   0,00    0,000    0,000
23,58   0,00    0,000  492,275
23,58   0,00    0,000    1,196   0,000   1,196
23,58   0,00    0,000    1,196   0,000   1,196

23,59   0,00    1,196    1,196   0,007   1,084   0,002   0,001   0,095   0,002   0,000   0,006   0,000 23203420000
23,59   3,98  557,597
23,59   0,00    0,000    0,000
23,59   0,00    0,000  492,240
23,59   0,00    0,000    1,196   0,000   1,196
23,59   0,00    0,000    1,196   0,000   1,196

23,60   0,00    1,196    1,196   0,007   1,084   0,002   0,001   0,095   0,002   0,000   0,006   0,000 23213250000
23,60   3,98  557,574
23,60   0,00    0,000    0,000
23,60   0,00    0,000  492,205
23,60   0,00    0,000    1,196   0,000   1,196
23,60   0,00    0,000    1,196   0,000   1,196

23,61   0,00    1,196    1,196   0,007   1,084   0,002   0,001   0,095   0,002   0,000   0,006   0,000 23223090000
23,61   3,97  557,550
23,61   0,00    0,000    0,000
23,61   0,00    0,000  492,170
23,61   0,00    0,000    1,196   0,000   1,196
23,61   0,00    0,000    1,196   0,000   1,196

23,62   0,00    1,196    1,196   0,007   1,084   0,002   0,001   0,095   0,002   0,000   0,006   0,000 23232920000
23,62   3,97  557,527
23,62   0,00    0,000    0,000
23,62   0,00    0,000  492,135
23,62   0,00    0,000    1,196   0,000   1,196
23,62   0,00    0,000    1,196   0,000   1,196

23,63   0,00    1,196    1,196   0,007   1,084   0,002   0,001   0,095   0,002   0,000   0,006   0,000 23242760000
23,63   3,97  557,504
23,63   0,00    0,000    0,000
23,63   0,00    0,000  492,100
23,63   0,00    0,000    1,196   0,000   1,196
23,63   0,00    0,000    1,196   0,000   1,196

23,64   0,00    1,196    1,196   0,007   1,084   0,002   0,001   0,095   0,002   0,000   0,006   0,000 23252590000
23,64   3,97  557,480
23,64   0,00    0,000    0,000
23,64   0,00    0,000  492,065
23,64   0,00    0,000    1,196   0,000   1,196
23,64   0,00    0,000    1,196   0,000   1,196

23,65   0,00    1,196    1,196   0,007   1,084   0,002   0,001   0,095   0,002   0,000   0,006   0,000 23262430000
23,65   3,97  557,457
23,65   0,00    0,000    0,000
23,65   0,00    0,000  492,030
23,65   0,00    0,000    1,196   0,000   1,196
23,65   0,00    0,000    1,196   0,000   1,196

23,66   0,00    1,196    1,196   0,007   1,084   0,002   0,001   0,095   0,002   0,000   0,006   0,000 23272270000
23,66   3,97  557,433
23,66   0,00    0,000    0,000
23,66   0,00    0,000  491,995
23,66   0,00    0,000    1,196   0,000   1,196
23,66   0,00    0,000    1,196   0,000   1,196

23,67   0,00    1,196    1,196   0,007   1,084   0,002   0,001   0,095   0,002   0,000   0,006   0,000 23282100000
23,67   3,97  557,410
23,67   0,00    0,000    0,000
23,67   0,00    0,000  491,961
23,67   0,00    0,000    1,196   0,000   1,196
23,67   0,00    0,000    1,196   0,000   1,196

23,68   0,00    1,196    1,196   0,007   1,084   0,002   0,001   0,095   0,002   0,000   0,006   0,000 23291940000
23,68   3,97  557,387
23,68   0,00    0,000    0,000
23,68   0,00    0,000  491,926
23,68   0,00    0,000    1,196   0,000   1,196
23,68   0,00    0,000    1,196   0,000   1,196

23,69   0,00    1,196    1,196   0,007   1,084   0,002   0,001   0,095   0,002   0,000   0,006   0,000 23301780000
23,69   3,97  557,363
23,69   0,00    0,000    0,000
23,69   0,00    0,000  491,891
23,69   0,00    0,000    1,196   0,000   1,196
23,69   0,00    0,000    1,196   0,000   1,196

23,70   0,00    1,196    1,196   0,007   1,084   0,002   0,001   0,095   0,002   0,000   0,006   0,000 23311610000
23,70   3,97  557,340
23,70   0,00    0,000    0,000
23,70   0,00    0,000  491,856
23,70   0,00    0,000    1,196   0,000   1,196
23,70   0,00    0,000    1,196   0,000   1,196

23,71   0,00    1,196    1,196   0,007   1,084   0,002   0,001   0,095   0,002   0,000   0,006   0,000 23321450000
23,71   3,97  557,317
23,71   0,00    0,000    0,000
23,71   0,00    0,000  491,822
23,71   0,00    0,000    1,196   0,000   1,196
23,71   0,00    0,000    1,196   0,000   1,196

23,72   0,00    1,196    1,196   0,007   1,084   0,002   0,001   0,095   0,002   0,000   0,006   0,000 23331280000
23,72   3,97  557,293
23,72   0,00    0,000    0,000
23,72   0,00    0,000  491,787
23,72   0,00    0,000    1,196   0,000   1,196
23,72   0,00    0,000    1,196   0,000   1,196

23,73   0,00    1,196    1,196   0,007   1,084   0,002   0,001   0,095   0,002   0,000   0,006   0,000 23341120000
23,73   3,97  557,270
23,73   0,00    0,000    0,000
23,73   0,00    0,000  491,752
23,73   0,00    0,000    1,196   0,000   1,196
23,73   0,00    0,000    1,196   0,000   1,196

23,74   0,00    1,196    1,196   0,007   1,084   0,002   0,001   0,095   0,002   0,000   0,006   0,000 23350960000
23,74   3,97  557,247
23,74   0,00    0,000    0,000
23,74   0,00    0,000  491,717
23,74   0,00    0,000    1,196   0,000   1,196
23,74   0,00    0,000    1,196   0,000   1,196

23,75   0,00    1,196    1,196   0,007   1,084   0,002   0,001   0,095   0,002   0,000   0,006   0,000 23360790000
23,75   3,97  557,224
23,75   0,00    0,000    0,000
23,75   0,00    0,000  491,683
23,75   0,00    0,000    1,196   0,000   1,196
23,75   0,00    0,000    1,196   0,000   1,196

23,76   0,00    1,196    1,196   0,007   1,084   0,002   0,001   0,095   0,002   0,000   0,006   0,000 23370630000
23,76   3,97  557,200
23,76   0,00    0,000    0,000
23,76   0,00    0,000  491,648
23,76   0,00    0,000    1,196   0,000   1,196
23,76   0,00    0,000    1,196   0,000   1,196

23,77   0,00    1,196    1,196   0,007   1,084   0,002   0,001   0,095   0,002   0,000   0,006   0,000 23380470000
23,77   3,97  557,177
23,77   0,00    0,000    0,000
23,77   0,00    0,000  491,613
23,77   0,00    0,000    1,196   0,000   1,196
23,77   0,00    0,000    1,196   0,000   1,196

23,78   0,00    1,196    1,196   0,007   1,084   0,002   0,001   0,095   0,002   0,000   0,006   0,000 23390300000
23,78   3,97  557,154
23,78   0,00    0,000    0,000
23,78   0,00    0,000  491,579
23,78   0,00    0,000    1,196   0,000   1,196
23,78   0,00    0,000    1,196   0,000   1,196

23,79   0,00    1,196    1,196   0,007   1,084   0,002   0,001   0,095   0,002   0,000   0,006   0,000 23400140000
23,79   3,97  557,131
23,79   0,00    0,000    0,000
23,79   0,00    0,000  491,544
23,79   0,00    0,000    1,196   0,000   1,196
23,79   0,00    0,000    1,196   0,000   1,196

23,80   0,00    1,196    1,196   0,007   1,084   0,002   0,001   0,095   0,002   0,000   0,006   0,000 23409970000
23,80   3,97  557,108
23,80   0,00    0,000    0,000
23,80   0,00    0,000  491,510
23,80   0,00    0,000    1,196   0,000   1,196
23,80   0,00    0,000    1,196   0,000   1,196

23,81   0,00    1,196    1,196   0,007   1,084   0,002   0,001   0,095   0,002   0,000   0,006   0,000 23419810000
23,81   3,97  557,084
23,81   0,00    0,000    0,000
23,81   0,00    0,000  491,475
23,81   0,00    0,000    1,196   0,000   1,196
23,81   0,00    0,000    1,196   0,000   1,196

23,82   0,00    1,196    1,196   0,007   1,084   0,002   0,001   0,095   0,002   0,000   0,006   0,000 23429650000
23,82   3,97  557,061
23,82   0,00    0,000    0,000
23,82   0,00    0,000  491,441
23,82   0,00    0,000    1,196   0,000   1,196
23,82   0,00    0,000    1,196   0,000   1,196

23,83   0,00    1,196    1,196   0,007   1,084   0,002   0,001   0,095   0,002   0,000   0,006   0,000 23439480000
23,83   3,97  557,038
23,83   0,00    0,000    0,000
23,83   0,00    0,000  491,406
23,83   0,00    0,000    1,196   0,000   1,196
23,83   0,00    0,000    1,196   0,000   1,196

23,84   0,00    1,196    1,196   0,007   1,084   0,002   0,001   0,095   0,002   0,000   0,006   0,000 23449320000
23,84   3,97  557,015
23,84   0,00    0,000    0,000
23,84   0,00    0,000  491,372
23,84   0,00    0,000    1,196   0,000   1,196
23,84   0,00    0,000    1,196   0,000   1,196

23,85   0,00    1,196    1,196   0,007   1,084   0,002   0,001   0,095   0,002   0,000   0,006   0,000 23459150000
23,85   3,97  556,992
23,85   0,00    0,000    0,000
23,85   0,00    0,000  491,337
23,85   0,00    0,000    1,196   0,000   1,196
23,85   0,00    0,000    1,196   0,000   1,196

23,86   0,00    1,196    1,196   0,007   1,084   0,002   0,001   0,095   0,002   0,000   0,006   0,000 23468990000
23,86   3,97  556,969
23,86   0,00    0,000    0,000
23,86   0,00    0,000  491,303
23,86   0,00    0,000    1,196   0,000   1,196
23,86   0,00    0,000    1,196   0,000   1,196

23,87   0,00    1,196    1,196   0,007   1,084   0,002   0,001   0,095   0,002   0,000   0,006   0,000 23478830000
23,87   3,97  556,946
23,87   0,00    0,000    0,000
23,87   0,00    0,000  491,269
23,87   0,00    0,000    1,196   0,000   1,196
23,87   0,00    0,000    1,196   0,000   1,196

23,88   0,00    1,196    1,196   0,007   1,084   0,002   0,001   0,095   0,002   0,000   0,006   0,000 23488660000
23,88   3,97  556,923
23,88   0,00    0,000    0,000
23,88   0,00    0,000  491,234
23,88   0,00    0,000    1,196   0,000   1,196
23,88   0,00    0,000    1,196   0,000   1,196

23,89   0,00    1,196    1,196   0,007   1,084   0,002   0,001   0,095   0,002   0,000   0,006   0,000 23498500000
23,89   3,97  556,900
23,89   0,00    0,000    0,000
23,89   0,00    0,000  491,200
23,89   0,00    0,000    1,196   0,000   1,196
23,89   0,00    0,000    1,196   0,000   1,196

23,90   0,00    1,196    1,196   0,007   1,084   0,002   0,001   0,095   0,002   0,000   0,006   0,000 23508330000
23,90   3,96  556,877
23,90   0,00    0,000    0,000
23,90   0,00    0,000  491,165
23,90   0,00    0,000    1,196   0,000   1,196
23,90   0,00    0,000    1,196   0,000   1,196

23,91   0,00    1,196    1,196   0,007   1,084   0,002   0,001   0,095   0,002   0,000   0,006   0,000 23518170000
23,91   3,96  556,854
23,91   0,00    0,000    0,000
23,91   0,00    0,000  491,131
23,91   0,00    0,000    1,196   0,000   1,196
23,91   0,00    0,000    1,196   0,000   1,196

23,92   0,00    1,196    1,196   0,007   1,084   0,002   0,001   0,095   0,002   0,000   0,006   0,000 23528010000
23,92   3,96  556,831
23,92   0,00    0,000    0,000
23,92   0,00    0,000  491,097
23,92   0,00    0,000    1,196   0,000   1,196
23,92   0,00    0,000    1,196   0,000   1,196

23,93   0,00    1,196    1,196   0,007   1,084   0,002   0,001   0,095   0,002   0,000   0,006   0,000 23537840000
23,93   3,96  556,808
23,93   0,00    0,000    0,000
23,93   0,00    0,000  491,063
23,93   0,00    0,000    1,196   0,000   1,196
23,93   0,00    0,000    1,196   0,000   1,196

23,94   0,00    1,196    1,196   0,007   1,084   0,002   0,001   0,095   0,002   0,000   0,006   0,000 23547680000
23,94   3,96  556,785
23,94   0,00    0,000    0,000
23,94   0,00    0,000  491,028
23,94   0,00    0,000    1,196   0,000   1,196
23,94   0,00    0,000    1,196   0,000   1,196

23,95   0,00    1,196    1,196   0,007   1,084   0,002   0,001   0,095   0,002   0,000   0,006   0,000 23557520000
23,95   3,96  556,762
23,95   0,00    0,000    0,000
23,95   0,00    0,000  490,994
23,95   0,00    0,000    1,196   0,000   1,196
23,95   0,00    0,000    1,196   0,000   1,196

23,96   0,00    1,196    1,196   0,007   1,084   0,002   0,001   0,095   0,002   0,000   0,006   0,000 23567350000
23,96   3,96  556,739
23,96   0,00    0,000    0,000
23,96   0,00    0,000  490,960
23,96   0,00    0,000    1,196   0,000   1,196
23,96   0,00    0,000    1,196   0,000   1,196

23,97   0,00    1,196    1,196   0,007   1,084   0,002   0,001   0,095   0,002   0,000   0,006   0,000 23577190000
23,97   3,96  556,716
23,97   0,00    0,000    0,000
23,97   0,00    0,000  490,926
23,97   0,00    0,000    1,196   0,000   1,196
23,97   0,00    0,000    1,196   0,000   1,196

23,98   0,00    1,196    1,196   0,007   1,084   0,002   0,001   0,095   0,002   0,000   0,006   0,000 23587020000
23,98   3,96  556,693
23,98   0,00    0,000    0,000
23,98   0,00    0,000  490,892
23,98   0,00    0,000    1,196   0,000   1,196
23,98   0,00    0,000    1,196   0,000   1,196

23,99   0,00    1,196    1,196   0,007   1,084   0,002   0,001   0,095   0,002   0,000   0,006   0,000 23596860000
23,99   3,96  556,670
23,99   0,00    0,000    0,000
23,99   0,00    0,000  490,857
23,99   0,00    0,000    1,196   0,000   1,196
23,99   0,00    0,000    1,196   0,000   1,196

24,00   0,00    1,196    1,196   0,007   1,084   0,002   0,001   0,095   0,002   0,000   0,006   0,000 23606700000
24,00   3,96  556,648
24,00   0,00    0,000    0,000
24,00   0,00    0,000  490,823
24,00   0,00    0,000    1,196   0,000   1,196
24,00   0,00    0,000    1,196   0,000   1,196

24,01   0,00    1,196    1,196   0,007   1,084   0,002   0,001   0,095   0,002   0,000   0,006   0,000 23616530000
24,01   3,96  556,625
24,01   0,00    0,000    0,000
24,01   0,00    0,000  490,789
24,01   0,00    0,000    1,196   0,000   1,196
24,01   0,00    0,000    1,196   0,000   1,196

24,02   0,00    1,196    1,196   0,007   1,084   0,002   0,001   0,095   0,002   0,000   0,006   0,000 23626370000
24,02   3,96  556,602
24,02   0,00    0,000    0,000
24,02   0,00    0,000  490,755
24,02   0,00    0,000    1,196   0,000   1,196
24,02   0,00    0,000    1,196   0,000   1,196

24,03   0,00    1,196    1,196   0,007   1,084   0,002   0,001   0,095   0,002   0,000   0,006   0,000 23636210000
24,03   3,96  556,579
24,03   0,00    0,000    0,000
24,03   0,00    0,000  490,721
24,03   0,00    0,000    1,196   0,000   1,196
24,03   0,00    0,000    1,196   0,000   1,196

24,04   0,00    1,196    1,196   0,007   1,084   0,002   0,001   0,095   0,002   0,000   0,006   0,000 23646040000
24,04   3,96  556,556
24,04   0,00    0,000    0,000
24,04   0,00    0,000  490,687
24,04   0,00    0,000    1,196   0,000   1,196
24,04   0,00    0,000    1,196   0,000   1,196

24,05   0,00    1,196    1,196   0,007   1,084   0,002   0,001   0,095   0,002   0,000   0,006   0,000 23655880000
24,05   3,96  556,534
24,05   0,00    0,000    0,000
24,05   0,00    0,000  490,653
24,05   0,00    0,000    1,196   0,000   1,196
24,05   0,00    0,000    1,196   0,000   1,196

24,06   0,00    1,196    1,196   0,007   1,084   0,002   0,001   0,095   0,002   0,000   0,006   0,000 23665710000
24,06   3,96  556,511
24,06   0,00    0,000    0,000
24,06   0,00    0,000  490,619
24,06   0,00    0,000    1,196   0,000   1,196
24,06   0,00    0,000    1,196   0,000   1,196

24,07   0,00    1,196    1,196   0,007   1,084   0,002   0,001   0,095   0,002   0,000   0,006   0,000 23675550000
24,07   3,96  556,488
24,07   0,00    0,000    0,000
24,07   0,00    0,000  490,585
24,07   0,00    0,000    1,196   0,000   1,196
24,07   0,00    0,000    1,196   0,000   1,196

24,08   0,00    1,196    1,196   0,007   1,084   0,002   0,001   0,095   0,002   0,000   0,006   0,000 23685390000
24,08   3,96  556,465
24,08   0,00    0,000    0,000
24,08   0,00    0,000  490,551
24,08   0,00    0,000    1,196   0,000   1,196
24,08   0,00    0,000    1,196   0,000   1,196

24,09   0,00    1,196    1,196   0,007   1,084   0,002   0,001   0,095   0,002   0,000   0,006   0,000 23695220000
24,09   3,96  556,443
24,09   0,00    0,000    0,000
24,09   0,00    0,000  490,517
24,09   0,00    0,000    1,196   0,000   1,196
24,09   0,00    0,000    1,196   0,000   1,196

24,10   0,00    1,196    1,196   0,007   1,084   0,002   0,001   0,095   0,002   0,000   0,006   0,000 23705060000
24,10   3,96  556,420
24,10   0,00    0,000    0,000
24,10   0,00    0,000  490,483
24,10   0,00    0,000    1,196   0,000   1,196
24,10   0,00    0,000    1,196   0,000   1,196

24,11   0,00    1,196    1,196   0,007   1,084   0,002   0,001   0,095   0,002   0,000   0,006   0,000 23714890000
24,11   3,96  556,397
24,11   0,00    0,000    0,000
24,11   0,00    0,000  490,449
24,11   0,00    0,000    1,196   0,000   1,196
24,11   0,00    0,000    1,196   0,000   1,196

24,12   0,00    1,196    1,196   0,007   1,084   0,002   0,001   0,095   0,002   0,000   0,006   0,000 23724730000
24,12   3,96  556,374
24,12   0,00    0,000    0,000
24,12   0,00    0,000  490,415
24,12   0,00    0,000    1,196   0,000   1,196
24,12   0,00    0,000    1,196   0,000   1,196

24,13   0,00    1,196    1,196   0,007   1,084   0,002   0,001   0,095   0,002   0,000   0,006   0,000 23734560000
24,13   3,96  556,352
24,13   0,00    0,000    0,000
24,13   0,00    0,000  490,382
24,13   0,00    0,000    1,196   0,000   1,196
24,13   0,00    0,000    1,196   0,000   1,196

24,14   0,00    1,196    1,196   0,007   1,084   0,002   0,001   0,095   0,002   0,000   0,006   0,000 23744400000
24,14   3,96  556,329
24,14   0,00    0,000    0,000
24,14   0,00    0,000  490,348
24,14   0,00    0,000    1,196   0,000   1,196
24,14   0,00    0,000    1,196   0,000   1,196

24,15   0,00    1,196    1,196   0,007   1,084   0,002   0,001   0,095   0,002   0,000   0,006   0,000 23754240000
24,15   3,96  556,307
24,15   0,00    0,000    0,000
24,15   0,00    0,000  490,314
24,15   0,00    0,000    1,196   0,000   1,196
24,15   0,00    0,000    1,196   0,000   1,196

24,16   0,00    1,196    1,196   0,007   1,084   0,002   0,001   0,095   0,002   0,000   0,006   0,000 23764070000
24,16   3,96  556,284
24,16   0,00    0,000    0,000
24,16   0,00    0,000  490,280
24,16   0,00    0,000    1,196   0,000   1,196
24,16   0,00    0,000    1,196   0,000   1,196

24,17   0,00    1,196    1,196   0,007   1,084   0,002   0,001   0,095   0,002   0,000   0,006   0,000 23773910000
24,17   3,96  556,261
24,17   0,00    0,000    0,000
24,17   0,00    0,000  490,246
24,17   0,00    0,000    1,196   0,000   1,196
24,17   0,00    0,000    1,196   0,000   1,196

24,18   0,00    1,196    1,196   0,007   1,084   0,002   0,001   0,095   0,002   0,000   0,006   0,000 23783750000
24,18   3,96  556,239
24,18   0,00    0,000    0,000
24,18   0,00    0,000  490,213
24,18   0,00    0,000    1,196   0,000   1,196
24,18   0,00    0,000    1,196   0,000   1,196

24,19   0,00    1,196    1,196   0,007   1,084   0,002   0,001   0,095   0,002   0,000   0,006   0,000 23793580000
24,19   3,95  556,216
24,19   0,00    0,000    0,000
24,19   0,00    0,000  490,179
24,19   0,00    0,000    1,196   0,000   1,196
24,19   0,00    0,000    1,196   0,000   1,196

24,20   0,00    1,196    1,196   0,007   1,084   0,002   0,001   0,095   0,002   0,000   0,006   0,000 23803420000
24,20   3,95  556,194
24,20   0,00    0,000    0,000
24,20   0,00    0,000  490,145
24,20   0,00    0,000    1,196   0,000   1,196
24,20   0,00    0,000    1,196   0,000   1,196

24,21   0,00    1,196    1,196   0,007   1,084   0,002   0,001   0,095   0,002   0,000   0,006   0,000 23813250000
24,21   3,95  556,171
24,21   0,00    0,000    0,000
24,21   0,00    0,000  490,112
24,21   0,00    0,000    1,196   0,000   1,196
24,21   0,00    0,000    1,196   0,000   1,196

24,22   0,00    1,196    1,196   0,007   1,084   0,002   0,001   0,095   0,002   0,000   0,006   0,000 23823090000
24,22   3,95  556,149
24,22   0,00    0,000    0,000
24,22   0,00    0,000  490,078
24,22   0,00    0,000    1,196   0,000   1,196
24,22   0,00    0,000    1,196   0,000   1,196

24,23   0,00    1,196    1,196   0,007   1,084   0,002   0,001   0,095   0,002   0,000   0,006   0,000 23832930000
24,23   3,95  556,126
24,23   0,00    0,000    0,000
24,23   0,00    0,000  490,044
24,23   0,00    0,000    1,196   0,000   1,196
24,23   0,00    0,000    1,196   0,000   1,196

24,24   0,00    1,196    1,196   0,007   1,084   0,002   0,001   0,095   0,002   0,000   0,006   0,000 23842760000
24,24   3,95  556,104
24,24   0,00    0,000    0,000
24,24   0,00    0,000  490,011
24,24   0,00    0,000    1,196   0,000   1,196
24,24   0,00    0,000    1,196   0,000   1,196

24,25   0,00    1,196    1,196   0,007   1,084   0,002   0,001   0,095   0,002   0,000   0,006   0,000 23852600000
24,25   3,95  556,081
24,25   0,00    0,000    0,000
24,25   0,00    0,000  489,977
24,25   0,00    0,000    1,196   0,000   1,196
24,25   0,00    0,000    1,196   0,000   1,196

24,26   0,00    1,196    1,196   0,007   1,084   0,002   0,001   0,095   0,002   0,000   0,006   0,000 23862440000
24,26   3,95  556,059
24,26   0,00    0,000    0,000
24,26   0,00    0,000  489,944
24,26   0,00    0,000    1,196   0,000   1,196
24,26   0,00    0,000    1,196   0,000   1,196

24,27   0,00    1,196    1,196   0,007   1,084   0,002   0,001   0,095   0,002   0,000   0,006   0,000 23872270000
24,27   3,95  556,036
24,27   0,00    0,000    0,000
24,27   0,00    0,000  489,910
24,27   0,00    0,000    1,196   0,000   1,196
24,27   0,00    0,000    1,196   0,000   1,196

24,28   0,00    1,196    1,196   0,007   1,084   0,002   0,001   0,095   0,002   0,000   0,006   0,000 23882110000
24,28   3,95  556,014
24,28   0,00    0,000    0,000
24,28   0,00    0,000  489,876
24,28   0,00    0,000    1,196   0,000   1,196
24,28   0,00    0,000    1,196   0,000   1,196

24,29   0,00    1,196    1,196   0,007   1,084   0,002   0,001   0,095   0,002   0,000   0,006   0,000 23891950000
24,29   3,95  555,991
24,29   0,00    0,000    0,000
24,29   0,00    0,000  489,843
24,29   0,00    0,000    1,196   0,000   1,196
24,29   0,00    0,000    1,196   0,000   1,196

24,30   0,00    1,196    1,196   0,007   1,084   0,002   0,001   0,095   0,002   0,000   0,006   0,000 23901780000
24,30   3,95  555,969
24,30   0,00    0,000    0,000
24,30   0,00    0,000  489,809
24,30   0,00    0,000    1,196   0,000   1,196
24,30   0,00    0,000    1,196   0,000   1,196

24,31   0,00    1,196    1,196   0,007   1,084   0,002   0,001   0,095   0,002   0,000   0,006   0,000 23911620000
24,31   3,95  555,946
24,31   0,00    0,000    0,000
24,31   0,00    0,000  489,776
24,31   0,00    0,000    1,196   0,000   1,196
24,31   0,00    0,000    1,196   0,000   1,196

24,32   0,00    1,196    1,196   0,007   1,084   0,002   0,001   0,095   0,002   0,000   0,006   0,000 23921450000
24,32   3,95  555,924
24,32   0,00    0,000    0,000
24,32   0,00    0,000  489,743
24,32   0,00    0,000    1,196   0,000   1,196
24,32   0,00    0,000    1,196   0,000   1,196

24,33   0,00    1,196    1,196   0,007   1,084   0,002   0,001   0,095   0,002   0,000   0,006   0,000 23931290000
24,33   3,95  555,902
24,33   0,00    0,000    0,000
24,33   0,00    0,000  489,709
24,33   0,00    0,000    1,196   0,000   1,196
24,33   0,00    0,000    1,196   0,000   1,196

24,34   0,00    1,196    1,196   0,007   1,084   0,002   0,001   0,095   0,002   0,000   0,006   0,000 23941120000
24,34   3,95  555,879
24,34   0,00    0,000    0,000
24,34   0,00    0,000  489,676
24,34   0,00    0,000    1,196   0,000   1,196
24,34   0,00    0,000    1,196   0,000   1,196

24,35   0,00    1,196    1,196   0,007   1,084   0,002   0,001   0,095   0,002   0,000   0,006   0,000 23950960000
24,35   3,95  555,857
24,35   0,00    0,000    0,000
24,35   0,00    0,000  489,642
24,35   0,00    0,000    1,196   0,000   1,196
24,35   0,00    0,000    1,196   0,000   1,196

24,36   0,00    1,196    1,196   0,007   1,084   0,002   0,001   0,095   0,002   0,000   0,006   0,000 23960800000
24,36   3,95  555,835
24,36   0,00    0,000    0,000
24,36   0,00    0,000  489,609
24,36   0,00    0,000    1,196   0,000   1,196
24,36   0,00    0,000    1,196   0,000   1,196

24,37   0,00    1,196    1,196   0,007   1,084   0,002   0,001   0,095   0,002   0,000   0,006   0,000 23970630000
24,37   3,95  555,812
24,37   0,00    0,000    0,000
24,37   0,00    0,000  489,576
24,37   0,00    0,000    1,196   0,000   1,196
24,37   0,00    0,000    1,196   0,000   1,196

24,38   0,00    1,196    1,196   0,007   1,084   0,002   0,001   0,095   0,002   0,000   0,006   0,000 23980470000
24,38   3,95  555,790
24,38   0,00    0,000    0,000
24,38   0,00    0,000  489,542
24,38   0,00    0,000    1,196   0,000   1,196
24,38   0,00    0,000    1,196   0,000   1,196

24,39   0,00    1,196    1,196   0,007   1,084   0,002   0,001   0,095   0,002   0,000   0,006   0,000 23990300000
24,39   3,95  555,768
24,39   0,00    0,000    0,000
24,39   0,00    0,000  489,509
24,39   0,00    0,000    1,196   0,000   1,196
24,39   0,00    0,000    1,196   0,000   1,196

24,40   0,00    1,196    1,196   0,007   1,084   0,002   0,001   0,095   0,002   0,000   0,006   0,000 24000140000
24,40   3,95  555,746
24,40   0,00    0,000    0,000
24,40   0,00    0,000  489,476
24,40   0,00    0,000    1,196   0,000   1,196
24,40   0,00    0,000    1,196   0,000   1,196

24,41   0,00    1,196    1,196   0,007   1,084   0,002   0,001   0,095   0,002   0,000   0,006   0,000 24009980000
24,41   3,95  555,723
24,41   0,00    0,000    0,000
24,41   0,00    0,000  489,443
24,41   0,00    0,000    1,196   0,000   1,196
24,41   0,00    0,000    1,196   0,000   1,196

24,42   0,00    1,196    1,196   0,007   1,084   0,002   0,001   0,095   0,002   0,000   0,006   0,000 24019810000
24,42   3,95  555,701
24,42   0,00    0,000    0,000
24,42   0,00    0,000  489,409
24,42   0,00    0,000    1,196   0,000   1,196
24,42   0,00    0,000    1,196   0,000   1,196

24,43   0,00    1,196    1,196   0,007   1,084   0,002   0,001   0,095   0,002   0,000   0,006   0,000 24029650000
24,43   3,95  555,679
24,43   0,00    0,000    0,000
24,43   0,00    0,000  489,376
24,43   0,00    0,000    1,196   0,000   1,196
24,43   0,00    0,000    1,196   0,000   1,196

24,44   0,00    1,196    1,196   0,007   1,084   0,002   0,001   0,095   0,002   0,000   0,006   0,000 24039490000
24,44   3,95  555,657
24,44   0,00    0,000    0,000
24,44   0,00    0,000  489,343
24,44   0,00    0,000    1,196   0,000   1,196
24,44   0,00    0,000    1,196   0,000   1,196

24,45   0,00    1,196    1,196   0,007   1,084   0,002   0,001   0,095   0,002   0,000   0,006   0,000 24049320000
24,45   3,95  555,634
24,45   0,00    0,000    0,000
24,45   0,00    0,000  489,310
24,45   0,00    0,000    1,196   0,000   1,196
24,45   0,00    0,000    1,196   0,000   1,196

24,46   0,00    1,196    1,196   0,007   1,084   0,002   0,001   0,095   0,002   0,000   0,006   0,000 24059160000
24,46   3,95  555,612
24,46   0,00    0,000    0,000
24,46   0,00    0,000  489,277
24,46   0,00    0,000    1,196   0,000   1,196
24,46   0,00    0,000    1,196   0,000   1,196

24,47   0,00    1,196    1,196   0,007   1,084   0,002   0,001   0,095   0,002   0,000   0,006   0,000 24068990000
24,47   3,95  555,590
24,47   0,00    0,000    0,000
24,47   0,00    0,000  489,243
24,47   0,00    0,000    1,196   0,000   1,196
24,47   0,00    0,000    1,196   0,000   1,196

24,48   0,00    1,196    1,196   0,007   1,084   0,002   0,001   0,095   0,002   0,000   0,006   0,000 24078830000
24,48   3,95  555,568
24,48   0,00    0,000    0,000
24,48   0,00    0,000  489,210
24,48   0,00    0,000    1,196   0,000   1,196
24,48   0,00    0,000    1,196   0,000   1,196

24,49   0,00    1,196    1,196   0,007   1,084   0,002   0,001   0,095   0,002   0,000   0,006   0,000 24088670000
24,49   3,94  555,546
24,49   0,00    0,000    0,000
24,49   0,00    0,000  489,177
24,49   0,00    0,000    1,196   0,000   1,196
24,49   0,00    0,000    1,196   0,000   1,196

24,50   0,00    1,196    1,196   0,007   1,084   0,002   0,001   0,095   0,002   0,000   0,006   0,000 24098500000
24,50   3,94  555,524
24,50   0,00    0,000    0,000
24,50   0,00    0,000  489,144
24,50   0,00    0,000    1,196   0,000   1,196
24,50   0,00    0,000    1,196   0,000   1,196

24,51   0,00    1,196    1,196   0,007   1,084   0,002   0,001   0,095   0,002   0,000   0,006   0,000 24108340000
24,51   3,94  555,502
24,51   0,00    0,000    0,000
24,51   0,00    0,000  489,111
24,51   0,00    0,000    1,196   0,000   1,196
24,51   0,00    0,000    1,196   0,000   1,196

24,52   0,00    1,196    1,196   0,007   1,084   0,002   0,001   0,095   0,002   0,000   0,006   0,000 24118180000
24,52   3,94  555,480
24,52   0,00    0,000    0,000
24,52   0,00    0,000  489,078
24,52   0,00    0,000    1,196   0,000   1,196
24,52   0,00    0,000    1,196   0,000   1,196

24,53   0,00    1,196    1,196   0,007   1,084   0,002   0,001   0,095   0,002   0,000   0,006   0,000 24128010000
24,53   3,94  555,457
24,53   0,00    0,000    0,000
24,53   0,00    0,000  489,045
24,53   0,00    0,000    1,196   0,000   1,196
24,53   0,00    0,000    1,196   0,000   1,196

24,54   0,00    1,196    1,196   0,007   1,084   0,002   0,001   0,095   0,002   0,000   0,006   0,000 24137850000
24,54   3,94  555,435
24,54   0,00    0,000    0,000
24,54   0,00    0,000  489,012
24,54   0,00    0,000    1,196   0,000   1,196
24,54   0,00    0,000    1,196   0,000   1,196

24,55   0,00    1,196    1,196   0,007   1,084   0,002   0,001   0,095   0,002   0,000   0,006   0,000 24147680000
24,55   3,94  555,413
24,55   0,00    0,000    0,000
24,55   0,00    0,000  488,979
24,55   0,00    0,000    1,196   0,000   1,196
24,55   0,00    0,000    1,196   0,000   1,196

24,56   0,00    1,196    1,196   0,007   1,084   0,002   0,001   0,095   0,002   0,000   0,006   0,000 24157520000
24,56   3,94  555,391
24,56   0,00    0,000    0,000
24,56   0,00    0,000  488,946
24,56   0,00    0,000    1,196   0,000   1,196
24,56   0,00    0,000    1,196   0,000   1,196

24,57   0,00    1,196    1,196   0,007   1,084   0,002   0,001   0,095   0,002   0,000   0,006   0,000 24167350000
24,57   3,94  555,369
24,57   0,00    0,000    0,000
24,57   0,00    0,000  488,913
24,57   0,00    0,000    1,196   0,000   1,196
24,57   0,00    0,000    1,196   0,000   1,196

24,58   0,00    1,196    1,196   0,007   1,085   0,002   0,001   0,095   0,002   0,000   0,006   0,000 24177190000
24,58   3,94  555,347
24,58   0,00    0,000    0,000
24,58   0,00    0,000  488,880
24,58   0,00    0,000    1,196   0,000   1,196
24,58   0,00    0,000    1,196   0,000   1,196

24,59   0,00    1,196    1,196   0,007   1,085   0,002   0,001   0,095   0,002   0,000   0,006   0,000 24187030000
24,59   3,94  555,325
24,59   0,00    0,000    0,000
24,59   0,00    0,000  488,847
24,59   0,00    0,000    1,196   0,000   1,196
24,59   0,00    0,000    1,196   0,000   1,196

24,60   0,00    1,196    1,196   0,007   1,085   0,002   0,001   0,095   0,002   0,000   0,006   0,000 24196860000
24,60   3,94  555,303
24,60   0,00    0,000    0,000
24,60   0,00    0,000  488,814
24,60   0,00    0,000    1,196   0,000   1,196
24,60   0,00    0,000    1,196   0,000   1,196

24,61   0,00    1,196    1,196   0,007   1,085   0,002   0,001   0,095   0,002   0,000   0,006   0,000 24206700000
24,61   3,94  555,281
24,61   0,00    0,000    0,000
24,61   0,00    0,000  488,782
24,61   0,00    0,000    1,196   0,000   1,196
24,61   0,00    0,000    1,196   0,000   1,196

24,62   0,00    1,196    1,196   0,007   1,085   0,002   0,001   0,095   0,002   0,000   0,006   0,000 24216540000
24,62   3,94  555,259
24,62   0,00    0,000    0,000
24,62   0,00    0,000  488,749
24,62   0,00    0,000    1,196   0,000   1,196
24,62   0,00    0,000    1,196   0,000   1,196

24,63   0,00    1,196    1,196   0,007   1,085   0,002   0,001   0,095   0,002   0,000   0,006   0,000 24226370000
24,63   3,94  555,238
24,63   0,00    0,000    0,000
24,63   0,00    0,000  488,716
24,63   0,00    0,000    1,196   0,000   1,196
24,63   0,00    0,000    1,196   0,000   1,196

24,64   0,00    1,196    1,196   0,007   1,085   0,002   0,001   0,095   0,002   0,000   0,006   0,000 24236210000
24,64   3,94  555,216
24,64   0,00    0,000    0,000
24,64   0,00    0,000  488,683
24,64   0,00    0,000    1,196   0,000   1,196
24,64   0,00    0,000    1,196   0,000   1,196

24,65   0,00    1,196    1,196   0,007   1,085   0,002   0,001   0,095   0,002   0,000   0,006   0,000 24246040000
24,65   3,94  555,194
24,65   0,00    0,000    0,000
24,65   0,00    0,000  488,651
24,65   0,00    0,000    1,196   0,000   1,196
24,65   0,00    0,000    1,196   0,000   1,196

24,66   0,00    1,196    1,196   0,007   1,085   0,002   0,001   0,095   0,002   0,000   0,006   0,000 24255880000
24,66   3,94  555,172
24,66   0,00    0,000    0,000
24,66   0,00    0,000  488,618
24,66   0,00    0,000    1,196   0,000   1,196
24,66   0,00    0,000    1,196   0,000   1,196

24,67   0,00    1,196    1,196   0,007   1,085   0,002   0,001   0,095   0,002   0,000   0,006   0,000 24265720000
24,67   3,94  555,150
24,67   0,00    0,000    0,000
24,67   0,00    0,000  488,585
24,67   0,00    0,000    1,196   0,000   1,196
24,67   0,00    0,000    1,196   0,000   1,196

24,68   0,00    1,196    1,196   0,007   1,085   0,002   0,001   0,095   0,002   0,000   0,006   0,000 24275550000
24,68   3,94  555,128
24,68   0,00    0,000    0,000
24,68   0,00    0,000  488,552
24,68   0,00    0,000    1,196   0,000   1,196
24,68   0,00    0,000    1,196   0,000   1,196

24,69   0,00    1,196    1,196   0,007   1,085   0,002   0,001   0,095   0,002   0,000   0,006   0,000 24285390000
24,69   3,94  555,106
24,69   0,00    0,000    0,000
24,69   0,00    0,000  488,520
24,69   0,00    0,000    1,196   0,000   1,196
24,69   0,00    0,000    1,196   0,000   1,196

24,70   0,00    1,196    1,196   0,007   1,085   0,002   0,001   0,095   0,002   0,000   0,006   0,000 24295230000
24,70   3,94  555,084
24,70   0,00    0,000    0,000
24,70   0,00    0,000  488,487
24,70   0,00    0,000    1,196   0,000   1,196
24,70   0,00    0,000    1,196   0,000   1,196

24,71   0,00    1,196    1,196   0,007   1,085   0,002   0,001   0,095   0,002   0,000   0,006   0,000 24305060000
24,71   3,94  555,063
24,71   0,00    0,000    0,000
24,71   0,00    0,000  488,454
24,71   0,00    0,000    1,196   0,000   1,196
24,71   0,00    0,000    1,196   0,000   1,196

24,72   0,00    1,196    1,196   0,007   1,085   0,002   0,001   0,095   0,002   0,000   0,006   0,000 24314900000
24,72   3,94  555,041
24,72   0,00    0,000    0,000
24,72   0,00    0,000  488,422
24,72   0,00    0,000    1,196   0,000   1,196
24,72   0,00    0,000    1,196   0,000   1,196

24,73   0,00    1,196    1,196   0,007   1,085   0,002   0,001   0,095   0,002   0,000   0,006   0,000 24324730000
24,73   3,94  555,019
24,73   0,00    0,000    0,000
24,73   0,00    0,000  488,389
24,73   0,00    0,000    1,196   0,000   1,196
24,73   0,00    0,000    1,196   0,000   1,196

24,74   0,00    1,196    1,196   0,007   1,085   0,002   0,001   0,095   0,002   0,000   0,006   0,000 24334570000
24,74   3,94  554,997
24,74   0,00    0,000    0,000
24,74   0,00    0,000  488,356
24,74   0,00    0,000    1,196   0,000   1,196
24,74   0,00    0,000    1,196   0,000   1,196

24,75   0,00    1,196    1,196   0,007   1,085   0,002   0,001   0,095   0,002   0,000   0,006   0,000 24344410000
24,75   3,94  554,975
24,75   0,00    0,000    0,000
24,75   0,00    0,000  488,324
24,75   0,00    0,000    1,196   0,000   1,196
24,75   0,00    0,000    1,196   0,000   1,196

24,76   0,00    1,196    1,196   0,007   1,085   0,002   0,001   0,095   0,002   0,000   0,006   0,000 24354240000
24,76   3,94  554,954
24,76   0,00    0,000    0,000
24,76   0,00    0,000  488,291
24,76   0,00    0,000    1,196   0,000   1,196
24,76   0,00    0,000    1,196   0,000   1,196

24,77   0,00    1,196    1,196   0,007   1,085   0,002   0,001   0,095   0,002   0,000   0,006   0,000 24364080000
24,77   3,94  554,932
24,77   0,00    0,000    0,000
24,77   0,00    0,000  488,259
24,77   0,00    0,000    1,196   0,000   1,196
24,77   0,00    0,000    1,196   0,000   1,196

24,78   0,00    1,196    1,196   0,007   1,085   0,002   0,001   0,095   0,002   0,000   0,006   0,000 24373920000
24,78   3,94  554,910
24,78   0,00    0,000    0,000
24,78   0,00    0,000  488,226
24,78   0,00    0,000    1,196   0,000   1,196
24,78   0,00    0,000    1,196   0,000   1,196

24,79   0,00    1,196    1,196   0,007   1,085   0,002   0,001   0,095   0,002   0,000   0,006   0,000 24383750000
24,79   3,94  554,889
24,79   0,00    0,000    0,000
24,79   0,00    0,000  488,194
24,79   0,00    0,000    1,196   0,000   1,196
24,79   0,00    0,000    1,196   0,000   1,196

24,80   0,00    1,196    1,196   0,007   1,085   0,002   0,001   0,095   0,002   0,000   0,006   0,000 24393580000
24,80   3,93  554,867
24,80   0,00    0,000    0,000
24,80   0,00    0,000  488,161
24,80   0,00    0,000    1,196   0,000   1,196
24,80   0,00    0,000    1,196   0,000   1,196

24,81   0,00    1,196    1,196   0,007   1,085   0,002   0,001   0,095   0,002   0,000   0,006   0,000 24403420000
24,81   3,93  554,845
24,81   0,00    0,000    0,000
24,81   0,00    0,000  488,129
24,81   0,00    0,000    1,196   0,000   1,196
24,81   0,00    0,000    1,196   0,000   1,196

24,82   0,00    1,196    1,196   0,007   1,085   0,002   0,001   0,095   0,002   0,000   0,006   0,000 24413260000
24,82   3,93  554,824
24,82   0,00    0,000    0,000
24,82   0,00    0,000  488,097
24,82   0,00    0,000    1,196   0,000   1,196
24,82   0,00    0,000    1,196   0,000   1,196

24,83   0,00    1,196    1,196   0,007   1,085   0,002   0,001   0,095   0,002   0,000   0,006   0,000 24423090000
24,83   3,93  554,802
24,83   0,00    0,000    0,000
24,83   0,00    0,000  488,064
24,83   0,00    0,000    1,196   0,000   1,196
24,83   0,00    0,000    1,196   0,000   1,196

24,84   0,00    1,196    1,196   0,007   1,085   0,002   0,001   0,095   0,002   0,000   0,006   0,000 24432930000
24,84   3,93  554,780
24,84   0,00    0,000    0,000
24,84   0,00    0,000  488,032
24,84   0,00    0,000    1,196   0,000   1,196
24,84   0,00    0,000    1,196   0,000   1,196

24,85   0,00    1,196    1,196   0,007   1,085   0,002   0,001   0,095   0,002   0,000   0,006   0,000 24442770000
24,85   3,93  554,759
24,85   0,00    0,000    0,000
24,85   0,00    0,000  487,999
24,85   0,00    0,000    1,196   0,000   1,196
24,85   0,00    0,000    1,196   0,000   1,196

24,86   0,00    1,196    1,196   0,007   1,085   0,002   0,001   0,095   0,002   0,000   0,006   0,000 24452600000
24,86   3,93  554,737
24,86   0,00    0,000    0,000
24,86   0,00    0,000  487,967
24,86   0,00    0,000    1,196   0,000   1,196
24,86   0,00    0,000    1,196   0,000   1,196

24,87   0,00    1,196    1,196   0,007   1,085   0,002   0,001   0,095   0,002   0,000   0,006   0,000 24462440000
24,87   3,93  554,715
24,87   0,00    0,000    0,000
24,87   0,00    0,000  487,935
24,87   0,00    0,000    1,196   0,000   1,196
24,87   0,00    0,000    1,196   0,000   1,196

24,88   0,00    1,196    1,196   0,007   1,085   0,002   0,001   0,095   0,002   0,000   0,006   0,000 24472270000
24,88   3,93  554,694
24,88   0,00    0,000    0,000
24,88   0,00    0,000  487,902
24,88   0,00    0,000    1,196   0,000   1,196
24,88   0,00    0,000    1,196   0,000   1,196

24,89   0,00    1,196    1,196   0,007   1,085   0,002   0,001   0,095   0,002   0,000   0,006   0,000 24482110000
24,89   3,93  554,672
24,89   0,00    0,000    0,000
24,89   0,00    0,000  487,870
24,89   0,00    0,000    1,196   0,000   1,196
24,89   0,00    0,000    1,196   0,000   1,196

24,90   0,00    1,196    1,196   0,007   1,085   0,002   0,001   0,095   0,002   0,000   0,006   0,000 24491950000
24,90   3,93  554,651
24,90   0,00    0,000    0,000
24,90   0,00    0,000  487,838
24,90   0,00    0,000    1,196   0,000   1,196
24,90   0,00    0,000    1,196   0,000   1,196

24,91   0,00    1,196    1,196   0,007   1,085   0,002   0,001   0,095   0,002   0,000   0,006   0,000 24501780000
24,91   3,93  554,629
24,91   0,00    0,000    0,000
24,91   0,00    0,000  487,806
24,91   0,00    0,000    1,196   0,000   1,196
24,91   0,00    0,000    1,196   0,000   1,196

24,92   0,00    1,196    1,196   0,007   1,085   0,002   0,001   0,095   0,002   0,000   0,006   0,000 24511620000
24,92   3,93  554,608
24,92   0,00    0,000    0,000
24,92   0,00    0,000  487,773
24,92   0,00    0,000    1,196   0,000   1,196
24,92   0,00    0,000    1,196   0,000   1,196

24,93   0,00    1,196    1,196   0,007   1,085   0,002   0,001   0,095   0,002   0,000   0,006   0,000 24521460000
24,93   3,93  554,586
24,93   0,00    0,000    0,000
24,93   0,00    0,000  487,741
24,93   0,00    0,000    1,196   0,000   1,196
24,93   0,00    0,000    1,196   0,000   1,196

24,94   0,00    1,196    1,196   0,007   1,085   0,002   0,001   0,095   0,002   0,000   0,006   0,000 24531290000
24,94   3,93  554,565
24,94   0,00    0,000    0,000
24,94   0,00    0,000  487,709
24,94   0,00    0,000    1,196   0,000   1,196
24,94   0,00    0,000    1,196   0,000   1,196

24,95   0,00    1,196    1,196   0,007   1,085   0,002   0,001   0,095   0,002   0,000   0,006   0,000 24541130000
24,95   3,93  554,543
24,95   0,00    0,000    0,000
24,95   0,00    0,000  487,677
24,95   0,00    0,000    1,196   0,000   1,196
24,95   0,00    0,000    1,196   0,000   1,196

24,96   0,00    1,196    1,196   0,007   1,085   0,002   0,001   0,095   0,002   0,000   0,006   0,000 24550960000
24,96   3,93  554,522
24,96   0,00    0,000    0,000
24,96   0,00    0,000  487,645
24,96   0,00    0,000    1,196   0,000   1,196
24,96   0,00    0,000    1,196   0,000   1,196

24,97   0,00    1,196    1,196   0,007   1,085   0,002   0,001   0,095   0,002   0,000   0,006   0,000 24560800000
24,97   3,93  554,500
24,97   0,00    0,000    0,000
24,97   0,00    0,000  487,613
24,97   0,00    0,000    1,196   0,000   1,196
24,97   0,00    0,000    1,196   0,000   1,196

24,98   0,00    1,196    1,196   0,007   1,085   0,002   0,001   0,095   0,002   0,000   0,006   0,000 24570640000
24,98   3,93  554,479
24,98   0,00    0,000    0,000
24,98   0,00    0,000  487,580
24,98   0,00    0,000    1,196   0,000   1,196
24,98   0,00    0,000    1,196   0,000   1,196

24,99   0,00    1,196    1,196   0,007   1,085   0,002   0,001   0,095   0,002   0,000   0,006   0,000 24580470000
24,99   3,93  554,457
24,99   0,00    0,000    0,000
24,99   0,00    0,000  487,548
24,99   0,00    0,000    1,196   0,000   1,196
24,99   0,00    0,000    1,196   0,000   1,196

25,00   0,00    1,196    1,196   0,007   1,085   0,002   0,001   0,095   0,002   0,000   0,006   0,000 24590310000
25,00   3,93  554,436
25,00   0,00    0,000    0,000
25,00   0,00    0,000  487,516
25,00   0,00    0,000    1,196   0,000   1,196
25,00   0,00    0,000    1,196   0,000   1,196
